customer_id,customer_name,email,country,signup_date,customer_segment,lifetime_value
1,Aryan Maharaj,aryan.maharaj1@gmail.com,India,2023-01-31,Standard,380.24
2,Allison Hill,allison.hill2@proton.me,United States,2026-02-11,Premium,2361.11
3,Noah Rhodes,noah.rhodes3@yahoo.com,United States,2022-08-10,Standard,193.78
4,Angie Henderson,angie.henderson4@proton.me,United States,2026-02-10,Standard,891.19
5,Daniel Wagner,daniel.wagner5@gmail.com,United States,2021-10-15,Standard,711.41
6,Cristian Santos,cristian.santos6@outlook.com,United States,2021-02-22,Premium,1157.85
7,Brenda Alves,brenda.alves7@icloud.com,Brazil,2022-12-19,Basic,517.57
8,Allison Hill,allison.hill8@hotmail.com,Canada,2020-11-18,Standard,1518.52
9,Udant Dewan,udant.dewan9@outlook.com,India,2026-06-22,Premium,1057.35
10,Alexandre Traore,alexandre.traore10@outlook.com,France,2020-11-22,Basic,609.88
11,William Jennings,william.jennings11@hotmail.com,United Kingdom,2024-02-03,Premium,2114.5
12,Gérard-Frédéric Joly,gerard.frederic.joly12@proton.me,France,2020-10-19,Standard,432.38
13,Yves Traore,yves.traore13@yahoo.com,France,2025-03-08,Standard,1782.71
14,Gagan Sami,gagan.sami14@icloud.com,India,2022-06-18,Standard,1540.71
15,Allison Hill,allison.hill15@yahoo.com,Australia,2020-05-11,Basic,295.79
16,Connie Lawrence,connie.lawrence16@icloud.com,United States,2023-07-12,Standard,973.73
17,Abigail Shaffer,abigail.shaffer17@proton.me,Japan,2025-02-22,Premium,1316.63
18,Noah Rhodes,noah.rhodes18@icloud.com,Australia,2022-12-12,Basic,314.19
19,Ayushman Chander,,India,2022-06-17,Basic,118.37
20,Aleksandr Weihmann,aleksandr.weihmann20@gmail.com,Germany,2021-03-25,Premium,1391.93
21,Aurore Maury-Briand,aurore.maury.briand21@icloud.com,France,2020-09-17,Standard,1133.22
22,Eleni Hauffer,eleni.hauffer22@outlook.com,Germany,2026-03-16,Basic,32.75
23,Alexandre Morin,alexandre.morin23@proton.me,France,2026-01-08,Basic,543.8
24,Lesley Wilson-Newman,lesley.wilson.newman24@outlook.com,United Kingdom,2024-11-15,Premium,812.01
25,Gabriel de Guilbert,gabriel.de.guilbert25@proton.me,France,2022-12-14,Basic,539.32
26,Noah Rhodes,noah.rhodes26@gmail.com,Canada,2023-05-07,Basic,367.67
27,Gina Moore,gina.moore27@outlook.com,United States,2021-10-23,Standard,1434.73
28,Angie Henderson,angie.henderson28@gmail.com,Canada,2023-08-20,Standard,334.58
29,Abdul Hopkins,abdul.hopkins29@outlook.com,United Kingdom,2022-09-07,Premium,4048.64
30,Camilla Asmundo-Leone,camilla.asmundo.leone30@gmail.com,Italy,2025-06-13,Basic,685.14
31,Daniel Wagner,daniel.wagner31@yahoo.com,Canada,2021-06-09,Standard,1712.3
32,Gabrielle Davis,gabrielle.davis32@icloud.com,United States,2024-09-29,Basic,652.02
33,Angie Henderson,angie.henderson33@proton.me,Australia,2022-04-03,Basic,294.32
34,Victor du Vasseur,victor.du.vasseur34@outlook.com,France,2024-11-29,Basic,329.75
35,Ryan Munoz,ryan.munoz35@gmail.com,United States,2023-10-16,Premium,2849.51
36,Viraj Tiwari,viraj.tiwari36@gmail.com,India,2020-10-17,Basic,64.74
37,Monica Herrera,monica.herrera37@gmail.com,United States,2023-09-15,Premium,1680.62
38,Laurence Robert,laurence.robert38@yahoo.com,France,2026-01-17,Premium,4261.4
39,Cristian Santos,cristian.santos39@hotmail.com,Canada,2022-09-22,Basic,570.06
40,Jamie Arnold,jamie.arnold40@gmail.com,United States,2024-10-31,Standard,828.32
41,Sra. Isabelly Câmara,sra.isabelly.camara41@gmail.com,Brazil,2021-02-07,Premium,3494.39
42,Ali Schellekens,ali.schellekens42@gmail.com,Netherlands,2022-10-15,Premium,2784.26
43,Lisa Hensley,lisa.hensley43@yahoo.com,United States,2023-02-14,Standard,1592.9
44,Michele Williams,michele.williams44@icloud.com,United States,2021-02-05,Premium,4497.35
45,Cauã Rocha,caua.rocha45@gmail.com,Brazil,2022-08-26,Premium,2596.87
46,Dylan Miller,dylan.miller46@hotmail.com,United States,2020-08-28,Premium,807.97
47,Mrs Lauren Green,mrs.lauren.green47@hotmail.com,United Kingdom,2023-03-14,Standard,1729.57
48,Alberto Laureano Guevara,alberto.laureano.guevara48@icloud.com,Mexico,2025-06-16,Premium,1897.82
49,Gianfranco Cilea,gianfranco.cilea49@icloud.com,Italy,2026-01-29,Premium,1960.34
50,Brian Ramirez,brian.ramirez50@hotmail.com,United States,2025-08-21,Basic,383.51
51,Holly Wood,holly.wood51@icloud.com,United States,2020-11-24,Basic,71.25
52,Derek Zuniga,derek.zuniga52@yahoo.com,United States,2024-07-11,Premium,4094.06
53,Lisa Jackson,lisa.jackson53@icloud.com,United States,2020-06-11,Standard,841.72
54,Rushil Saini,rushil.saini54@icloud.com,India,2023-07-19,Basic,162.87
55,Marcel Leblanc,marcel.leblanc55@yahoo.com,France,2022-12-23,Standard,1258.29
56,Tina Foster,tina.foster56@outlook.com,United Kingdom,2020-10-24,Premium,3098.29
57,Connie Lawrence,connie.lawrence57@gmail.com,Canada,2020-10-27,Standard,984.71
58,Carla Gray,carla.gray58@outlook.com,United States,2020-10-08,Basic,274.43
59,Margaret Hawkins DDS,margaret.hawkins.dds59@icloud.com,United States,2023-05-24,Standard,1778.93
60,Saumya Mall,saumya.mall60@gmail.com,India,2026-03-21,Standard,1244.59
61,Albano Llopis Hierro,albano.llopis.hierro61@yahoo.com,Spain,2022-12-19,Premium,1196.03
62,Abigail Shaffer,abigail.shaffer62@outlook.com,Canada,2023-02-28,Standard,1334.06
63,Patty Perez,patty.perez63@proton.me,United States,2022-12-17,Standard,564.35
64,Ethan Adams,ethan.adams64@gmail.com,Japan,2021-01-13,Standard,1518.42
65,Tommy Walter,tommy.walter65@outlook.com,United States,2021-06-19,Standard,582.23
66,Daniel Wagner,daniel.wagner66@icloud.com,Australia,2024-10-17,Standard,334.59
67,Dott. Tatiana Verdone,dott.tatiana.verdone67@proton.me,Italy,2021-09-02,Standard,1527.08
68,Nathaniel Sami,nathaniel.sami68@yahoo.com,India,2024-10-26,Premium,1940.56
69,Matthew Foster,matthew.foster69@gmail.com,Japan,2024-01-05,Standard,561.72
70,Judy Baker,judy.baker70@icloud.com,United States,2024-07-22,Basic,530.9
2119,Buenaventura de Bonet,buenaventura.de.bonet71@yahoo.com,Spain,2021-10-27,Basic,572.27
72,Justin Baker,justin.baker72@gmail.com,Japan,2022-01-04,Basic,249.23
73,Ileana Antón-Andrés,ileana.anton.andres73@proton.me,Spain,2022-10-13,Standard,1449.17
74,Stephanie Ross,stephanie.ross74@gmail.com,United States,2025-04-11,Standard,1497.37
75,Paul Dobes-Stey,paul.dobes.stey75@outlook.com,Germany,2022-07-21,Standard,1239.05
76,Nigel Edwards,nigel.edwards76@outlook.com,United Kingdom,2020-10-11,Basic,213.41
77,Arunima Dugal,arunima.dugal77@hotmail.com,India,2026-01-05,Standard,195.54
78,Zachary Hicks,zachary.hicks78@outlook.com,Japan,2022-01-01,Standard,1772.86
79,Anthony Rodriguez,anthony.rodriguez79@icloud.com,United States,2024-11-14,Standard,1447.61
80,Klemens Löchel,klemens.lochel80@icloud.com,Germany,2021-04-18,Standard,1101.37
81,Rebecca Henderson,rebecca.henderson81@proton.me,United States,2024-11-21,Premium,4224.63
82,Gina Moore,gina.moore82@proton.me,Canada,2022-03-18,Standard,265.46
83,Denis-Franck Ledoux,denis.franck.ledoux83@outlook.com,France,2023-07-09,Standard,355.63
84,James Ferrell,james.ferrell84@icloud.com,Japan,2023-06-20,Standard,688.2
85,Caroline Morin,caroline.morin85@icloud.com,France,2021-06-05,Premium,3260.24
86,Abdul Burton-Patterson,abdul.burton.patterson86@proton.me,United Kingdom,2021-12-13,Standard,646.57
87,Gabrielle Davis,gabrielle.davis87@gmail.com,Canada,2023-05-29,Standard,859.32
88,Ryan Munoz,ryan.munoz88@proton.me,Canada,2023-08-12,Standard,879.56
89,Tricia Valencia,tricia.valencia89@hotmail.com,United States,2021-11-26,Standard,618.25
90,Brigitte Pelletier,brigitte.pelletier90@icloud.com,France,2023-10-04,Premium,4322.4
91,Nathan Maldonado,nathan.maldonado91@outlook.com,United States,2022-07-09,Basic,124.46
92,Debra Davidson,debra.davidson92@hotmail.com,United States,2020-10-25,Standard,1612.13
93,Monica Herrera,monica.herrera93@proton.me,Canada,2024-04-21,Standard,552.57
94,Gayathri Chaudry,gayathri.chaudry94@gmail.com,India,2021-03-12,Basic,172.72
95,Finn Jansdr-Goyaerts van Waderle,finn.jansdr.goyaerts.van.waderle95@proton.me,Netherlands,2025-10-22,Standard,1069.72
96,César Guerrero Vazquez,cesar.guerrero.vazquez96@gmail.com,Spain,2025-02-12,Premium,2519.18
97,Jamie Arnold,jamie.arnold97@icloud.com,Canada,2023-07-23,Basic,626.71
98,Lajita Chatterjee,lajita.chatterjee98@proton.me,India,2025-08-29,Standard,1646.31
99,Alexandre Davids,alexandre.davids99@yahoo.com,Germany,2025-04-28,Standard,1390.43
100,Dra. Aurora Pastor,dra.aurora.pastor100@outlook.com,Brazil,2025-11-05,Standard,544.76
101,Eric Pärtzelt B.Sc.,eric.partzelt.b.sc101@proton.me,Germany,2023-03-16,Standard,704.15
102,Jeffrey Chavez,jeffrey.chavez102@gmail.com,Japan,2021-07-20,Premium,2217.23
103,Sherri Baker,sherri.baker103@yahoo.com,United States,2020-09-20,Standard,695.95
104,Orhan Seip MBA.,orhan.seip.mba104@gmail.com,Germany,2022-04-27,Basic,287.9
105,Cristian Santos,cristian.santos105@proton.me,Australia,2020-03-21,Basic,541.78
106,Sarah Reed-Walsh,sarah.reed.walsh106@gmail.com,United Kingdom,2023-12-11,Standard,793.48
107,Cassandra Gaines,cassandra.gaines107@hotmail.com,Japan,2026-01-13,Basic,393.64
108,Hemangini Lalla,hemangini.lalla108@yahoo.com,India,2025-06-22,Standard,869.13
109,Elizabeth Fowler,elizabeth.fowler109@outlook.com,United States,2024-07-14,Basic,592.34
110,Alba Mar Flor Rivas,alba.mar.flor.rivas110@icloud.com,Spain,2025-12-27,Premium,2257.87
111,Lisa Hensley,lisa.hensley111@gmail.com,Canada,2020-12-09,Standard,373.9
112,Dipl.-Ing. Klaus-Werner Holsten B.Sc.,dipl.ing.klaus.werner.holsten.b.sc112@gmail.com,Germany,2022-12-01,Standard,499.24
113,Miss Olivia Bryan,miss.olivia.bryan113@hotmail.com,United Kingdom,2023-02-13,Basic,586.55
114,Brittany Farmer,brittany.farmer114@gmail.com,United States,2025-04-10,Premium,2795.85
115,Clara Benjamín Trejo,clara.benjamin.trejo115@outlook.com,Mexico,2022-07-07,Standard,1439.03
116,Tripti Yadav,tripti.yadav116@gmail.com,India,2022-10-09,Premium,875.41
117,Paula Moreno,paula.moreno117@yahoo.com,United States,2025-04-23,Standard,1080.55
118,Fred Smith,fred.smith118@proton.me,United States,2022-11-15,Basic,138.26
119,Kritika Brar,kritika.brar119@proton.me,India,2021-04-14,Basic,135.54
120,Dr Lee Green,dr.lee.green120@icloud.com,United Kingdom,2020-04-15,Basic,413.66
121,Sherry Decker,sherry.decker121@hotmail.com,Japan,2024-06-12,Basic,158.87
122,Janaki Handa,janaki.handa122@proton.me,India,2022-09-21,Premium,3658.18
123,Ana Beatriz Alves,ana.beatriz.alves123@icloud.com,Brazil,2021-05-10,Basic,407.0
124,Anthony Humphrey,anthony.humphrey124@icloud.com,United States,2024-10-20,Standard,263.78
125,Chakradev Kari,chakradev.kari125@gmail.com,India,2024-09-16,Basic,96.24
126,Piersanti Balbi,piersanti.balbi126@proton.me,Italy,2025-02-26,Basic,318.95
127,Connie Lawrence,connie.lawrence127@proton.me,Australia,2023-01-11,Standard,1667.37
128,Abigail Shaffer,abigail.shaffer128@hotmail.com,Australia,2024-11-19,Basic,424.92
129,Eleanor Baker,eleanor.baker129@yahoo.com,United Kingdom,2020-12-20,Standard,893.82
130,Gina Moore,gina.moore130@icloud.com,Australia,2024-04-01,Standard,965.61
131,Wayne Gough,wayne.gough131@hotmail.com,United Kingdom,2022-05-18,Standard,576.28
132,Angelica Tucker,angelica.tucker132@icloud.com,United States,2023-02-05,Standard,1002.43
133,Philip Cannon,philip.cannon133@yahoo.com,United States,2024-07-22,Standard,1400.97
134,Julie Bertrand,julie.bertrand134@proton.me,France,2025-07-03,Standard,178.45
135,Bernard Wilkinson-Simpson,bernard.wilkinson.simpson135@hotmail.com,United Kingdom,2022-09-23,Standard,1109.57
136,Univ.Prof. Heimo Karge,univ.prof.heimo.karge136@icloud.com,Germany,2023-11-09,Standard,1380.79
137,Mrs Julia Harris,mrs.julia.harris137@proton.me,United Kingdom,2025-02-01,Standard,564.82
138,John Pierce,john.pierce138@yahoo.com,United States,2023-07-16,Premium,2782.7
139,Gabrielle Davis,gabrielle.davis139@yahoo.com,Australia,2022-02-23,Standard,948.93
140,Chantal Hoareau,chantal.hoareau140@icloud.com,France,2023-03-05,Basic,587.02
141,Dylan Young,dylan.young141@outlook.com,United Kingdom,2022-01-04,Standard,1318.23
142,Shane Henderson,shane.henderson142@gmail.com,United States,2020-08-11,Standard,1300.74
143,Joshua Blair,joshua.blair143@hotmail.com,United States,2021-02-24,Basic,412.49
144,Carolin Hande,carolin.hande144@hotmail.com,Germany,2023-10-27,Premium,990.09
145,Carmelo Galeati,carmelo.galeati145@hotmail.com,Italy,2021-04-12,Basic,295.48
146,Eric Carney,eric.carney146@proton.me,United States,2020-08-07,Premium,3801.23
147,Toni Avogadro,toni.avogadro147@gmail.com,Italy,2022-10-13,Premium,3628.44
148,Fariq Kaul,fariq.kaul148@icloud.com,India,2022-07-13,Basic,281.76
149,Jessica Holmes,jessica.holmes149@outlook.com,Japan,2026-08-07,Basic,231.13
150,Lajita Mall,lajita.mall150@icloud.com,India,2021-02-10,Basic,165.26
151,Danny Morgan,danny.morgan151@proton.me,United States,2020-11-28,Premium,1443.11
152,Crystal Robinson,crystal.robinson152@gmail.com,United States,2024-07-31,Standard,1129.79
153,Ms Lindsey Rees,ms.lindsey.rees153@yahoo.com,United Kingdom,2023-03-26,Basic,499.52
154,Auguste Davids,auguste.davids154@proton.me,Germany,2022-08-14,Basic,556.78
155,Janya Gaba,janya.gaba155@proton.me,India,2022-03-21,Standard,1048.53
156,Isha Kadakia,isha.kadakia156@outlook.com,India,2021-08-05,Premium,1413.91
157,Geoffrey Griffin,geoffrey.griffin157@proton.me,United Kingdom,2026-05-20,Basic,321.43
158,Ariane Klemt-Kaul,ariane.klemt.kaul158@outlook.com,Germany,2024-07-06,Basic,362.82
159,Rosalia Beyer,rosalia.beyer159@gmail.com,Germany,2020-06-12,Basic,520.81
160,Ekbal Garg,ekbal.garg160@gmail.com,India,2021-01-09,Standard,1262.59
161,Henrique da Conceição,henrique.da.conceicao161@icloud.com,Brazil,2020-03-25,Basic,478.79
162,Mark Perez,mark.perez162@gmail.com,United States,2021-12-18,Standard,1224.99
163,Jacobo del Agudo,jacobo.del.agudo163@yahoo.com,Spain,2026-07-25,Standard,1493.5
164,Emma Verdone,emma.verdone164@hotmail.com,Italy,2023-11-26,Standard,679.75
165,Shannon Jones,shannon.jones165@yahoo.com,United States,2023-09-12,Standard,967.52
166,Robert Cousin,robert.cousin166@hotmail.com,France,2026-03-03,Premium,1125.82
167,Michael Lewis,michael.lewis167@gmail.com,United States,2024-07-13,Basic,581.83
168,Timothy Duncan,timothy.duncan168@icloud.com,United States,2025-03-07,Standard,459.51
169,Megan Taylor,megan.taylor169@hotmail.com,United Kingdom,2024-12-15,Basic,162.4
170,Michele Williams,michele.williams170@outlook.com,Canada,2024-11-29,Basic,352.18
171,Richard Aguirre,richard.aguirre171@proton.me,United States,2022-09-07,Basic,234.76
172,Brent Jordan,brent.jordan172@hotmail.com,United States,2021-01-16,Standard,1538.32
173,John Daniel,john.daniel173@gmail.com,United States,2021-09-22,Standard,1332.4
174,Dylan Miller,dylan.miller174@outlook.com,Canada,2024-08-28,Basic,686.67
175,Victoria Garcia,victoria.garcia175@icloud.com,United States,2021-08-15,Standard,1671.08
176,Brian Ramirez,brian.ramirez176@yahoo.com,Canada,2020-10-12,Standard,1453.51
177,Kathrin Ebert MBA.,kathrin.ebert.mba177@icloud.com,Germany,2022-12-30,Basic,215.92
178,Miss Carole Woods,miss.carole.woods178@icloud.com,United Kingdom,2026-07-03,Basic,355.51
179,Gerald Hensley,gerald.hensley179@icloud.com,United States,2025-06-06,Standard,1060.66
180,Holly Wood,holly.wood180@hotmail.com,Canada,2023-08-11,Basic,687.02
181,Connor West,connor.west181@hotmail.com,United States,2022-08-14,Basic,302.27
182,Ms Sheila Evans,,United Kingdom,2024-04-10,Standard,1245.09
183,Melle van Brenen,melle.van.brenen183@yahoo.com,Netherlands,2025-07-21,Basic,110.22
184,Fabia Salandra,fabia.salandra184@outlook.com,Italy,2021-02-15,Basic,322.21
185,Derek Zuniga,derek.zuniga185@hotmail.com,Canada,2020-03-03,Basic,301.74
186,Nihal Shere,nihal.shere186@yahoo.com,India,2020-11-02,Standard,1749.19
187,Aaron Harrison,aaron.harrison187@proton.me,United Kingdom,2024-06-16,Standard,1555.41
188,Amanda Novais,amanda.novais188@icloud.com,Brazil,2024-04-05,Basic,448.09
189,Donald Wright,donald.wright189@hotmail.com,Japan,2026-01-25,Premium,1053.16
190,Anamika Kanda,anamika.kanda190@outlook.com,India,2022-07-20,Basic,317.93
191,Jessica Callahan,jessica.callahan191@proton.me,United States,2021-02-15,Standard,1295.1
192,Amber Kidd,amber.kidd192@gmail.com,Japan,2023-08-21,Basic,223.02
193,Brandon Hammond,brandon.hammond193@yahoo.com,United Kingdom,2022-09-27,Standard,1083.78
194,Amin Gellemeyer,amin.gellemeyer194@yahoo.com,Netherlands,2021-12-18,Premium,4022.11
195,Daksh Karnik,daksh.karnik195@yahoo.com,India,2025-07-31,Basic,121.6
196,Karl-Dieter Hornig,karl.dieter.hornig196@outlook.com,Germany,2025-02-25,Standard,165.51
197,Floris van de Elzas-Blonk,floris.van.de.elzas.blonk197@outlook.com,Netherlands,2026-02-16,Premium,2434.4
198,Graham Wilkinson,graham.wilkinson198@icloud.com,United Kingdom,2023-05-10,Standard,850.11
199,Tracy House,tracy.house199@outlook.com,United States,2022-03-26,Basic,601.0
200,Carol Tucker,carol.tucker200@hotmail.com,United States,2026-05-31,Standard,638.19
201,Maryse Verdier de la Fischer,maryse.verdier.de.la.fischer201@gmail.com,France,2024-06-09,Standard,1083.78
202,Alphonse Peltier,alphonse.peltier202@proton.me,France,2020-07-19,Basic,527.99
203,Yago Leão,yago.leao203@outlook.com,Brazil,2022-07-31,Standard,731.33
204,Diya Rattan,diya.rattan204@icloud.com,India,2022-10-23,Standard,1339.53
205,Dominic Kakar,dominic.kakar205@yahoo.com,India,2021-02-01,Basic,461.28
206,Amanda Hall,amanda.hall206@hotmail.com,United Kingdom,2020-05-16,Standard,1358.39
207,James Brown,james.brown207@outlook.com,United States,2023-08-31,Basic,143.56
208,William Baker,william.baker208@icloud.com,United States,2024-02-07,Standard,1657.25
209,Pietro Pastor,pietro.pastor209@outlook.com,Brazil,2025-05-27,Basic,224.22
210,Jordan Henderson,jordan.henderson210@gmail.com,Japan,2025-04-02,Basic,120.01
211,Gianna Alboni,gianna.alboni211@proton.me,Italy,2024-06-15,Basic,568.1
212,Frances Holmes-Lloyd,frances.holmes.lloyd212@hotmail.com,United Kingdom,2020-02-27,Standard,353.92
213,Mrs Pauline Fuller,mrs.pauline.fuller213@proton.me,United Kingdom,2022-12-09,Standard,1506.99
214,Piersanti Morpurgo,piersanti.morpurgo214@gmail.com,Italy,2022-08-15,Standard,1172.25
215,Ermanno Gabrieli-Morandini,ermanno.gabrieli.morandini215@outlook.com,Italy,2022-06-25,Standard,1198.42
216,Leonie Gröttner,leonie.grottner216@proton.me,Germany,2023-05-22,Standard,342.52
217,Whitney Peters,whitney.peters217@gmail.com,United States,2023-05-31,Basic,103.38
218,Brittney Phillips,brittney.phillips218@icloud.com,United States,2021-07-09,Standard,762.17
219,Carmelo Parmitano,carmelo.parmitano219@proton.me,Italy,2026-01-21,Standard,1374.74
220,Lauren Daniels,lauren.daniels220@hotmail.com,United States,2021-02-09,Basic,440.57
221,Paco Rocamora Nieto,paco.rocamora.nieto221@outlook.com,Spain,2020-05-14,Standard,508.49
222,Anatoli Speer,anatoli.speer222@yahoo.com,Germany,2024-01-25,Premium,3337.02
223,Lisa Jackson,lisa.jackson223@proton.me,Canada,2024-01-09,Premium,1820.76
224,Micheletto Muratori,micheletto.muratori224@hotmail.com,Italy,2021-01-10,Standard,1208.81
225,Simon Tata,simon.tata225@gmail.com,India,2020-07-26,Basic,189.41
226,Amy Silva,amy.silva226@icloud.com,United States,2022-04-20,Premium,3631.08
227,Sarah Moore,sarah.moore227@yahoo.com,United States,2022-08-12,Standard,393.46
228,Angela Lopez,angela.lopez228@gmail.com,Japan,2023-02-09,Basic,122.66
229,Megan Young,megan.young229@outlook.com,United States,2021-12-15,Premium,4005.86
230,Steve Sanchez,steve.sanchez230@outlook.com,United States,2022-09-01,Standard,176.04
231,Lisa Barnes,lisa.barnes231@yahoo.com,United States,2024-09-20,Standard,1380.35
232,Ing. Arnulf Heintze B.Sc.,ing.arnulf.heintze.b.sc232@outlook.com,Germany,2025-10-03,Standard,895.81
233,Kelly Donovan,kelly.donovan233@icloud.com,United States,2020-06-26,Basic,638.41
234,Tara Dhar,tara.dhar234@outlook.com,India,2025-02-19,Standard,201.4
235,Rosa Pichardo Aparicio,rosa.pichardo.aparicio235@hotmail.com,Mexico,2024-10-12,Standard,958.94
236,Mike Allen,mike.allen236@gmail.com,Japan,2020-11-26,Standard,394.75
237,Michael Evans,michael.evans237@icloud.com,United States,2026-07-25,Standard,686.56
238,Aurelio Gamez Gonzales,aurelio.gamez.gonzales238@icloud.com,Mexico,2023-04-22,Standard,1148.95
239,Paul Jones,paul.jones239@proton.me,United States,2021-04-13,Basic,464.37
240,Ryan Munoz,ryan.munoz240@proton.me,Australia,2022-05-30,Standard,1615.35
241,Erika Metz-Schuster,erika.metz.schuster241@hotmail.com,Germany,2024-06-21,Standard,306.89
242,Cathrin Koch II,cathrin.koch.ii242@proton.me,Germany,2022-11-10,Standard,401.85
243,Casemiro Garrido-Navarro,casemiro.garrido.navarro243@gmail.com,Spain,2021-01-08,Basic,87.93
244,Zachary Ferrell,zachary.ferrell244@proton.me,United States,2024-03-06,Basic,400.55
245,Liam Koshy,liam.koshy245@icloud.com,India,2026-04-19,Standard,351.68
246,Dr Marc Phillips,dr.marc.phillips246@proton.me,United Kingdom,2024-09-28,Basic,511.72
247,Gelsomina Battaglia,gelsomina.battaglia247@icloud.com,Italy,2023-07-03,Standard,1103.57
248,Daniel Baker,daniel.baker248@proton.me,United States,2025-05-29,Standard,328.56
249,André Teixeira,andre.teixeira249@outlook.com,Brazil,2021-04-15,Basic,412.52
250,Raf van der Spaendonc-van Bernicia,raf.van.der.spaendonc.van.bernicia250@icloud.com,Netherlands,2026-03-30,Premium,4237.61
251,Kian Schilt-Amalrada,kian.schilt.amalrada251@outlook.com,Netherlands,2020-04-28,Premium,3399.99
252,Ruth Hawkins,ruth.hawkins252@outlook.com,United Kingdom,2023-12-08,Premium,4018.49
253,Carla Gray,carla.gray253@hotmail.com,Canada,2020-10-12,Premium,3142.74
254,Shirley Suarez,shirley.suarez254@proton.me,United States,2025-12-12,Standard,842.72
255,Ms Jill Morley,ms.jill.morley255@outlook.com,United Kingdom,2023-06-30,Basic,549.36
256,Margaret Hawkins DDS,margaret.hawkins.dds256@gmail.com,Canada,2020-08-03,Premium,3591.41
257,Christopher Bass,christopher.bass257@gmail.com,United States,2023-01-19,Standard,849.62
258,Priya Rastogi,priya.rastogi258@hotmail.com,India,2023-01-23,Standard,995.37
259,Bernard Wilkins,bernard.wilkins259@gmail.com,United Kingdom,2023-03-06,Standard,1128.67
260,Patty Perez,patty.perez260@outlook.com,Canada,2020-07-05,Standard,1774.34
261,Lisa Archer,lisa.archer261@yahoo.com,United States,2023-05-19,Basic,542.96
262,Monica Herrera,monica.herrera262@outlook.com,Australia,2023-09-05,Premium,2640.33
263,Delia Steckel,delia.steckel263@yahoo.com,Germany,2024-04-06,Standard,529.68
264,Ethan Adams,ethan.adams264@proton.me,Canada,2023-12-21,Premium,3988.53
265,Aimee Montoya,aimee.montoya265@gmail.com,United States,2025-02-26,Basic,606.92
266,Tommy Walter,tommy.walter266@icloud.com,Canada,2024-07-14,Basic,306.94
267,Matthew Mcmillan,matthew.mcmillan267@gmail.com,United States,2023-08-23,Premium,4306.17
268,Mechtild Stoll,mechtild.stoll268@proton.me,Germany,2024-01-22,Premium,3924.59
269,Brian Rodriguez,brian.rodriguez269@icloud.com,United States,2024-06-28,Standard,803.02
270,Catherine Morris,catherine.morris270@outlook.com,United Kingdom,2022-06-26,Standard,427.42
271,Matthew Foster,matthew.foster271@gmail.com,Canada,2025-12-13,Standard,1644.77
272,Wayne Morris,wayne.morris272@proton.me,United Kingdom,2021-08-27,Standard,391.63
273,Denise Jacobs,denise.jacobs273@icloud.com,United States,2021-09-18,Basic,467.47
274,Christina Walters,christina.walters274@proton.me,United States,2025-07-16,Standard,1080.16
275,Judy Baker,judy.baker275@proton.me,Canada,2026-05-01,Standard,1777.78
276,Dr Paula Lloyd,dr.paula.lloyd276@proton.me,United Kingdom,2023-07-18,Premium,1052.66
277,Leif Schuster,leif.schuster277@outlook.com,Germany,2023-01-30,Standard,730.7
278,John Whitehead,john.whitehead278@hotmail.com,United States,2025-01-25,Premium,2164.33
279,Kathryn Hughes,kathryn.hughes279@proton.me,United Kingdom,2021-01-04,Standard,986.66
280,Prof. Ottokar Henschel,prof.ottokar.henschel280@icloud.com,Germany,2020-06-17,Standard,1486.2
281,Theodore Devi,theodore.devi281@outlook.com,India,2025-05-02,Standard,1730.24
282,Dipl.-Ing. Hans-Herbert Hiller,dipl.ing.hans.herbert.hiller282@outlook.com,Germany,2020-12-11,Standard,434.72
283,Anna Henderson,anna.henderson283@hotmail.com,United States,2024-12-04,Standard,1156.18
284,Mr William Gould,mr.william.gould284@outlook.com,United Kingdom,2024-05-05,Standard,708.31
285,Gavin Batta,gavin.batta285@proton.me,India,2023-10-02,Premium,1149.67
286,William Chevalier-Rey,william.chevalier.rey286@outlook.com,France,2022-10-29,Basic,468.18
287,Aaron Wise,aaron.wise287@yahoo.com,Japan,2023-09-27,Premium,3255.36
288,Arturo Pinto Caballero,arturo.pinto.caballero288@outlook.com,Spain,2024-05-24,Premium,3422.69
289,Deborah Figueroa,deborah.figueroa289@icloud.com,United States,2024-03-22,Standard,691.99
290,Jessica Smith,jessica.smith290@proton.me,United States,2025-11-26,Premium,3280.69
291,Justin Baker,justin.baker291@gmail.com,Canada,2024-01-25,Standard,1719.43
292,Bethan Oliver,bethan.oliver292@hotmail.com,United Kingdom,2022-02-25,Standard,376.98
293,Stephen Mckee,stephen.mckee293@gmail.com,United States,2025-09-10,Basic,588.71
294,Sandra Aguilar,sandra.aguilar294@gmail.com,Japan,2023-10-11,Basic,442.17
295,Michael Dutta,michael.dutta295@yahoo.com,India,2021-10-26,Premium,3363.53
296,Devansh Rajan,devansh.rajan296@yahoo.com,India,2024-11-27,Premium,2147.91
297,Laurent Lopes,laurent.lopes297@hotmail.com,France,2023-03-13,Basic,554.07
298,Cameron Parker,cameron.parker298@yahoo.com,United States,2023-06-21,Basic,554.45
299,Rebecca Valencia,rebecca.valencia299@yahoo.com,Japan,2024-02-15,Standard,1091.19
300,Univ.Prof. Gotthilf Wilmsen B.Sc.,univ.prof.gotthilf.wilmsen.b.sc300@outlook.com,Germany,2024-04-13,Standard,840.79
301,Christine Wright,christine.wright301@yahoo.com,United States,2021-07-20,Basic,60.22
302,Herr Romuald Jopich MBA.,herr.romuald.jopich.mba302@outlook.com,Germany,2026-03-21,Basic,505.2
303,Stephanie Ross,stephanie.ross303@gmail.com,Canada,2023-03-13,Premium,1393.16
304,Anne-Katrin Hahn,anne.katrin.hahn304@icloud.com,Germany,2021-08-26,Basic,86.91
305,Soraya Núñez Lamas,soraya.nunez.lamas305@hotmail.com,Spain,2023-12-02,Basic,305.06
306,Lorraine Palmer,lorraine.palmer306@outlook.com,United Kingdom,2022-08-23,Standard,284.65
307,Richard Henson,richard.henson307@outlook.com,United States,2021-02-09,Basic,463.72
308,Philip van Breugel,philip.van.breugel308@yahoo.com,Netherlands,2020-06-05,Standard,1519.11
309,Mathilde Goncalves,mathilde.goncalves309@yahoo.com,France,2025-04-05,Standard,158.66
310,Marc Moore,marc.moore310@outlook.com,United States,2022-06-02,Basic,395.44
311,Marthe Lacroix,marthe.lacroix311@icloud.com,France,2024-09-29,Premium,1865.98
312,Arthur Smith,arthur.smith312@gmail.com,United Kingdom,2022-09-03,Standard,1459.93
313,Diana Sölzer,diana.solzer313@gmail.com,Germany,2025-08-09,Standard,177.12
314,Zachary Hicks,zachary.hicks314@yahoo.com,Canada,2021-08-11,Standard,152.58
315,Christopher Davies,christopher.davies315@icloud.com,United Kingdom,2024-09-02,Premium,3272.4
316,Anthony Rodriguez,anthony.rodriguez316@outlook.com,Canada,2020-10-04,Basic,392.26
317,Jamie Arnold,jamie.arnold317@icloud.com,Australia,2026-03-19,Premium,4031.33
318,Sharon Cherry,sharon.cherry318@hotmail.com,United States,2024-03-09,Standard,176.8
319,Lisa Hensley,lisa.hensley319@outlook.com,Australia,2022-09-14,Basic,449.07
320,Michele Williams,michele.williams320@proton.me,Australia,2023-09-23,Premium,2103.51
321,Bethan Young,bethan.young321@proton.me,United Kingdom,2021-12-18,Basic,487.16
322,Ing. Aldonza Valentín,ing.aldonza.valentin322@hotmail.com,Mexico,2022-01-16,Basic,67.59
323,Dylan Miller,dylan.miller323@hotmail.com,Australia,2020-05-31,Standard,222.28
324,Sierra Johnson,sierra.johnson324@gmail.com,United States,2023-07-16,Basic,372.88
325,Violeta Patricio Perea,violeta.patricio.perea325@icloud.com,Mexico,2025-04-23,Standard,1392.93
326,Evelyn Galvan,evelyn.galvan326@outlook.com,United States,2020-07-14,Basic,249.05
327,Sharon Cochran,sharon.cochran327@outlook.com,United States,2024-11-24,Basic,526.73
328,Richard Rodriguez,richard.rodriguez328@hotmail.com,Japan,2023-10-20,Basic,359.94
329,Dipl.-Ing. Svea Seifert MBA.,dipl.ing.svea.seifert.mba329@icloud.com,Germany,2022-12-28,Basic,515.78
330,Shannon Walker,shannon.walker330@icloud.com,United States,2022-01-09,Standard,680.0
331,Julia Torres,julia.torres331@proton.me,United States,2023-04-25,Standard,1144.33
332,Franjo Etzold-Hentschel,franjo.etzold.hentschel332@proton.me,Germany,2024-12-23,Standard,219.89
333,Crystal Johnson,crystal.johnson333@outlook.com,Japan,2024-11-16,Standard,1767.05
334,Sig.ra Ninetta Cattaneo,sig.ra.ninetta.cattaneo334@gmail.com,Italy,2024-07-21,Standard,1471.81
335,Zacharie-Tristan Guérin,zacharie.tristan.guerin335@gmail.com,France,2021-08-07,Basic,482.71
336,Nathalie Sauer,nathalie.sauer336@yahoo.com,Germany,2020-10-02,Standard,1214.52
337,Dr Danny Cook,dr.danny.cook337@icloud.com,United Kingdom,2020-05-12,Standard,1270.45
338,Aria Villarosa,aria.villarosa338@outlook.com,Italy,2024-12-23,Basic,412.4
339,Rebecca Henderson,rebecca.henderson339@hotmail.com,Canada,2023-07-11,Standard,561.86
340,Garrett Lin,garrett.lin340@proton.me,United States,2022-02-01,Standard,788.53
341,James Ferrell,james.ferrell341@outlook.com,Canada,2022-12-02,Basic,169.84
342,Upadhriti Wadhwa,upadhriti.wadhwa342@proton.me,India,2025-07-04,Standard,373.95
343,Diana May,diana.may343@yahoo.com,United States,2024-12-28,Basic,572.1
344,Milo Ferrabosco-Bonanno,milo.ferrabosco.bonanno344@outlook.com,Italy,2023-11-24,Basic,396.25
345,Marion Steele-Harper,marion.steele.harper345@outlook.com,United Kingdom,2021-10-07,Basic,650.94
346,Advay Contractor,advay.contractor346@outlook.com,India,2025-09-14,Standard,1775.47
347,Fenne Ketting,fenne.ketting347@yahoo.com,Netherlands,2025-07-16,Premium,2849.88
348,Wayne Page-Carter,wayne.page.carter348@icloud.com,United Kingdom,2021-06-15,Standard,292.26
349,Alexander Taylor,alexander.taylor349@proton.me,United Kingdom,2025-05-14,Standard,1419.12
350,Wouter Verwoert-Goyaerts van Waderle,wouter.verwoert.goyaerts.van.waderle350@gmail.com,Netherlands,2021-05-28,Basic,458.58
351,Prof. Heiderose Klotz,prof.heiderose.klotz351@proton.me,Germany,2025-10-20,Standard,1598.63
352,Brian Ramirez,brian.ramirez352@proton.me,Australia,2026-08-04,Premium,4375.18
353,Dr. Jaroslaw Nohlmans B.Sc.,dr.jaroslaw.nohlmans.b.sc353@gmail.com,Germany,2021-05-23,Standard,651.81
354,William Herrera,william.herrera354@proton.me,United States,2022-07-12,Standard,1702.49
355,Ashley Waller,ashley.waller355@gmail.com,Japan,2022-10-23,Premium,4338.5
356,Victor Baker,victor.baker356@proton.me,United States,2023-05-25,Standard,304.16
357,Harini Choudhury,harini.choudhury357@icloud.com,India,2026-07-06,Premium,3237.31
358,Denise Joubert de la Goncalves,denise.joubert.de.la.goncalves358@icloud.com,France,2023-10-14,Basic,405.44
359,Jonathan Gerritsen,jonathan.gerritsen359@gmail.com,Netherlands,2020-11-28,Premium,3173.38
360,Tricia Valencia,tricia.valencia360@proton.me,Canada,2022-05-13,Basic,306.2
361,Radhika Dugar,radhika.dugar361@hotmail.com,India,2026-02-12,Standard,1728.47
362,Steffen Dörschner,steffen.dorschner362@proton.me,Germany,2024-07-21,Standard,270.41
363,Jeffrey Chandler,jeffrey.chandler363@hotmail.com,United States,2024-08-29,Standard,486.64
364,Aarush Lall,aarush.lall364@outlook.com,India,2023-07-31,Basic,606.02
365,Marisol Rolando Ledesma,marisol.rolando.ledesma365@yahoo.com,Mexico,2024-02-26,Standard,325.2
366,Larry Dixon,larry.dixon366@gmail.com,United States,2022-12-31,Standard,382.45
367,Kenneth Scott,kenneth.scott367@hotmail.com,United States,2024-09-08,Standard,1577.76
368,April Frost,april.frost368@outlook.com,United States,2026-06-24,Basic,153.14
369,Michelle Harmon,michelle.harmon369@icloud.com,United States,2025-03-27,Standard,659.09
370,Helen Jones,helen.jones370@hotmail.com,United States,2025-09-01,Standard,547.2
371,Yashica Cherian,yashica.cherian371@gmail.com,India,2020-07-26,Standard,1135.91
372,Otávio Fernandes,otavio.fernandes372@proton.me,Brazil,2025-04-11,Standard,163.49
373,Erin Edwards,erin.edwards373@yahoo.com,United States,2022-12-19,Basic,540.6
374,Frances Buckley-Ryan,frances.buckley.ryan374@hotmail.com,United Kingdom,2020-07-28,Standard,471.18
375,Nathan Maldonado,nathan.maldonado375@gmail.com,Canada,2024-05-01,Standard,1411.27
376,Michelle Evans,michelle.evans376@icloud.com,United States,2021-05-01,Premium,1157.72
377,Ms Kayleigh Watson,ms.kayleigh.watson377@outlook.com,United Kingdom,2026-04-03,Basic,534.6
378,Jason Powell,jason.powell378@icloud.com,United States,2024-07-02,Standard,224.75
379,Cameron Fisher,cameron.fisher379@outlook.com,United States,2025-04-24,Standard,395.75
380,Megan Orr,megan.orr380@yahoo.com,Japan,2023-09-05,Basic,240.01
381,David Anderson,david.anderson381@icloud.com,United Kingdom,2023-05-10,Standard,987.07
382,Debra Davidson,debra.davidson382@hotmail.com,Canada,2026-04-24,Standard,1495.99
383,John Griffiths,john.griffiths383@proton.me,United Kingdom,2021-03-24,Basic,419.0
384,Sanne Waltrade Walderade,sanne.waltrade.walderade384@proton.me,Netherlands,2020-04-19,Standard,588.13
385,Yashica Issac,yashica.issac385@icloud.com,India,2026-06-23,Standard,234.74
386,Lukas Freudenberger-Zorbach,lukas.freudenberger.zorbach386@icloud.com,Germany,2024-04-06,Premium,3318.69
387,Elizabeth Kelley,elizabeth.kelley387@proton.me,United States,2021-03-26,Premium,2431.84
388,Prof. Anne Krause,prof.anne.krause388@hotmail.com,Germany,2022-04-15,Standard,1428.7
389,Pánfilo Segovia Casanovas,panfilo.segovia.casanovas389@proton.me,Spain,2020-09-12,Basic,375.11
390,Jeffrey Chavez,jeffrey.chavez390@proton.me,Canada,2025-05-13,Standard,667.69
391,Dustin Jordan,dustin.jordan391@icloud.com,United States,2023-11-03,Standard,1265.18
392,Eduardo Cunha,eduardo.cunha392@proton.me,Brazil,2022-12-18,Standard,467.24
393,Mary Marshall,mary.marshall393@icloud.com,United States,2023-05-07,Standard,1755.3
394,Miss Alice Tomlinson,miss.alice.tomlinson394@outlook.com,United Kingdom,2022-04-29,Standard,956.86
395,Lilli Mosemann-Rädel,lilli.mosemann.radel395@icloud.com,Germany,2023-01-25,Standard,1096.24
396,Sherri Baker,sherri.baker396@hotmail.com,Canada,2023-11-14,Basic,568.12
397,Simon Cunningham,simon.cunningham397@outlook.com,United Kingdom,2020-11-19,Standard,879.92
398,Daniel Kennedy,daniel.kennedy398@hotmail.com,United States,2022-05-26,Standard,1038.65
399,Ani Marcos Pardo,ani.marcos.pardo399@proton.me,Spain,2023-01-17,Premium,3078.01
400,Kashvi Edwin,kashvi.edwin400@yahoo.com,India,2020-07-26,Standard,1026.22
401,Ekiya Suresh,ekiya.suresh401@gmail.com,India,2021-02-14,Standard,1333.64
402,Rebecca Jackson,rebecca.jackson402@yahoo.com,United States,2020-01-22,Basic,685.09
403,Jose Schultz,jose.schultz403@proton.me,United States,2025-05-02,Standard,479.1
404,Gianluigi Luxardo,gianluigi.luxardo404@outlook.com,Italy,2023-03-15,Standard,1648.1
405,Robert Potter,robert.potter405@icloud.com,United States,2022-08-09,Standard,1343.14
406,Celia Baños-Arroyo,celia.banos.arroyo406@yahoo.com,Spain,2024-09-07,Basic,143.66
407,Rolando del Bernal,rolando.del.bernal407@hotmail.com,Spain,2025-07-22,Premium,3571.31
408,Courtney Gonzalez,courtney.gonzalez408@outlook.com,Japan,2020-06-02,Premium,2901.46
409,David Alvarez,david.alvarez409@outlook.com,United States,2023-03-11,Standard,1208.17
410,Cassandra Gaines,cassandra.gaines410@yahoo.com,Canada,2025-08-27,Standard,468.14
411,Angel Perry,angel.perry411@yahoo.com,United States,2025-02-22,Standard,1335.69
412,Cheyenne Horton,cheyenne.horton412@outlook.com,United States,2023-04-23,Standard,1399.52
413,David Douglas Jr.,david.douglas.jr413@proton.me,United States,2024-07-18,Basic,372.81
414,Patricia Rodriguez,patricia.rodriguez414@proton.me,United States,2021-01-25,Premium,1320.26
415,Joshua Stewart,joshua.stewart415@yahoo.com,United Kingdom,2020-01-28,Standard,538.61
416,Holly Wood,holly.wood416@outlook.com,Australia,2023-05-21,Standard,1095.25
417,Christopher Rubio,christopher.rubio417@outlook.com,United States,2022-08-25,Premium,1237.43
418,Philip Clarke,philip.clarke418@hotmail.com,United Kingdom,2025-08-20,Basic,624.27
419,Derek Zuniga,derek.zuniga419@proton.me,Australia,2021-04-25,Standard,1702.05
420,Henry O'Brien,henry.o.brien420@yahoo.com,United Kingdom,2022-06-16,Basic,347.77
421,Yasmin Röhrdanz,yasmin.rohrdanz421@icloud.com,Germany,2024-03-10,Standard,1056.24
422,Milos Ullmann,milos.ullmann422@icloud.com,Germany,2022-06-13,Basic,484.23
423,Isaac Patil,isaac.patil423@gmail.com,India,2025-11-22,Standard,1311.21
424,Amber Wright,amber.wright424@icloud.com,United States,2021-04-04,Premium,2826.3
425,Elizabeth Fowler,elizabeth.fowler425@icloud.com,Canada,2026-01-07,Premium,2014.04
426,Brittany Farmer,brittany.farmer426@gmail.com,Canada,2022-04-21,Basic,354.96
427,Joyce Solis,joyce.solis427@hotmail.com,Japan,2020-08-15,Standard,996.86
428,Mirco Reising,mirco.reising428@gmail.com,Germany,2026-04-07,Standard,1481.41
429,Monique Dupuy,monique.dupuy429@hotmail.com,France,2022-11-08,Basic,528.42
430,Paula Moreno,paula.moreno430@gmail.com,Canada,2024-10-01,Standard,255.2
431,Cristobal Pichardo Molina,cristobal.pichardo.molina431@gmail.com,Mexico,2025-04-17,Premium,2312.81
432,Lisa Jackson,lisa.jackson432@proton.me,Australia,2024-09-17,Standard,1620.7
433,Paola Segebahn,paola.segebahn433@hotmail.com,Germany,2024-03-18,Premium,4367.33
434,Victoria Larson,victoria.larson434@yahoo.com,Japan,2023-11-25,Premium,4473.53
435,Leon Davison,leon.davison435@yahoo.com,United Kingdom,2022-07-01,Basic,535.42
436,Cristal Esmeralda Miramontes Canales,cristal.esmeralda.miramontes.canales436@hotmail.com,Mexico,2026-02-08,Standard,775.81
437,Stephanie Salazar,stephanie.salazar437@hotmail.com,United States,2023-11-18,Premium,1497.38
438,Kathy Rivas,kathy.rivas438@gmail.com,Japan,2020-05-11,Basic,307.99
439,Carla Gray,carla.gray439@gmail.com,Australia,2022-09-12,Standard,316.48
440,Stephanie Manning,stephanie.manning440@icloud.com,United States,2020-07-18,Standard,222.99
441,Beate Hornig,beate.hornig441@icloud.com,Germany,2022-06-08,Basic,548.84
442,David Wright,david.wright442@outlook.com,United States,2022-08-17,Basic,518.77
443,Kayleigh Mitchell,kayleigh.mitchell443@icloud.com,United Kingdom,2023-08-06,Standard,1595.83
444,Juan Calderón Muñoz,juan.calderon.munoz444@icloud.com,Mexico,2022-06-24,Standard,604.0
445,Fred Smith,fred.smith445@icloud.com,Canada,2021-12-18,Standard,854.88
446,Dr. Insa Adler,dr.insa.adler446@outlook.com,Germany,2024-04-10,Basic,240.15
447,Yvette Otto,yvette.otto447@yahoo.com,Germany,2023-05-13,Standard,1394.79
448,Prof. Urban Döring,prof.urban.doring448@yahoo.com,Germany,2023-05-16,Basic,122.44
449,Sibilla Schwital,sibilla.schwital449@gmail.com,Germany,2026-04-22,Standard,837.24
450,Sherry Decker,sherry.decker450@hotmail.com,Canada,2022-09-21,Standard,694.93
451,Pamela Boyd,pamela.boyd451@hotmail.com,United States,2024-02-28,Premium,3480.96
452,Denise Jones,denise.jones452@outlook.com,United States,2024-03-24,Standard,1144.82
453,Devon Flores,devon.flores453@yahoo.com,Japan,2026-08-03,Basic,402.22
454,Cornelius Köster B.A.,cornelius.koster.b.a454@outlook.com,Germany,2023-05-26,Basic,35.35
455,Toribio de Pinto,toribio.de.pinto455@proton.me,Spain,2021-04-25,Basic,534.17
456,Javi Patiño-Cánovas,javi.patino.canovas456@proton.me,Spain,2022-04-17,Standard,544.9
457,Oliver Edwards-Matthews,oliver.edwards.matthews457@outlook.com,United Kingdom,2024-04-08,Standard,1220.39
458,Victor Patel,victor.patel458@outlook.com,United Kingdom,2025-10-01,Basic,339.55
459,Puk Broekhoven,puk.broekhoven459@proton.me,Netherlands,2025-04-07,Basic,241.16
460,Brenda Hall,brenda.hall460@outlook.com,United States,2024-08-22,Premium,3997.11
461,Margaret Hawkins DDS,margaret.hawkins.dds461@gmail.com,Australia,2022-12-04,Standard,1113.65
462,Geneviève Pottier-Germain,genevieve.pottier.germain462@outlook.com,France,2021-09-16,Premium,1651.07
463,Anthony Humphrey,anthony.humphrey463@yahoo.com,Canada,2025-08-07,Standard,1706.72
464,Eric O'Neill,eric.o.neill464@hotmail.com,United Kingdom,2025-07-02,Standard,1359.07
465,Charlotte Haynes,charlotte.haynes465@yahoo.com,United Kingdom,2026-02-16,Standard,1662.88
466,Angelica Tucker,angelica.tucker466@proton.me,Canada,2020-08-28,Standard,1534.46
2971,Michelle Brown,michelle.brown467@proton.me,United States,2020-07-17,Basic,303.36
468,Sr. Caleb Garcia,sr.caleb.garcia468@yahoo.com,Brazil,2020-10-05,Basic,31.17
469,Philip Cannon,philip.cannon469@outlook.com,Canada,2020-09-04,Standard,1250.15
470,Wriddhish Bhardwaj,wriddhish.bhardwaj470@hotmail.com,India,2025-06-21,Premium,2769.19
471,Krzysztof Junitz,krzysztof.junitz471@gmail.com,Germany,2025-12-08,Basic,386.62
472,Martyn Wilson,martyn.wilson472@icloud.com,United Kingdom,2024-10-29,Basic,639.1
473,Joshua Perry,joshua.perry473@gmail.com,United States,2025-11-17,Premium,1510.15
474,John Pierce,john.pierce474@outlook.com,Canada,2022-12-30,Basic,78.34
475,Gianpaolo Callegaro,gianpaolo.callegaro475@hotmail.com,Italy,2026-05-03,Standard,1300.44
476,Sarah Hammond,sarah.hammond476@gmail.com,United Kingdom,2020-05-09,Premium,2203.28
477,Shane Henderson,shane.henderson477@gmail.com,Canada,2020-02-08,Basic,80.81
478,Luiz Henrique Ferreira,luiz.henrique.ferreira478@proton.me,Brazil,2023-09-18,Standard,1565.63
479,Jason Stein,jason.stein479@icloud.com,United States,2020-06-23,Standard,1637.1
480,Gabriel David,gabriel.david480@icloud.com,France,2025-05-01,Standard,1674.86
481,Noémi Royer,noemi.royer481@outlook.com,France,2026-02-02,Standard,204.29
482,Felicidad Gallego Lasa,felicidad.gallego.lasa482@outlook.com,Spain,2020-03-05,Basic,421.25
483,Patty Perez,patty.perez483@proton.me,Australia,2024-06-19,Basic,227.01
484,Joshua Blair,joshua.blair484@icloud.com,Canada,2024-05-12,Standard,1041.93
485,Robert Wilson,robert.wilson485@proton.me,United Kingdom,2021-07-27,Basic,490.28
486,Melissa Gates,melissa.gates486@proton.me,United States,2023-11-17,Premium,2417.23
487,Julia Aparecida,julia.aparecida487@outlook.com,Brazil,2024-06-12,Basic,245.3
488,Farhan Chada,farhan.chada488@hotmail.com,India,2025-07-02,Standard,1062.51
489,Maria Bruce,maria.bruce489@yahoo.com,United Kingdom,2026-07-27,Standard,291.4
490,Ekapad Walia,ekapad.walia490@yahoo.com,India,2020-10-28,Premium,1370.62
491,Franck Duhamel,franck.duhamel491@proton.me,France,2021-09-23,Basic,238.76
492,Jamie Smith,jamie.smith492@gmail.com,United States,2023-06-16,Standard,1406.22
493,Paul Castaneda,paul.castaneda493@gmail.com,United States,2022-02-06,Standard,1069.03
494,Eric Carney,eric.carney494@gmail.com,Canada,2020-04-17,Premium,2850.61
495,Kabir Soman,kabir.soman495@outlook.com,India,2024-04-26,Premium,2331.1
496,Ethan Adams,ethan.adams496@proton.me,Australia,2026-04-10,Basic,685.27
497,Jessica Holmes,jessica.holmes497@yahoo.com,Canada,2024-04-08,Premium,1795.0
498,Jennifer Adkins,jennifer.adkins498@yahoo.com,United States,2020-09-16,Premium,1821.06
499,Olivia King,olivia.king499@gmail.com,United Kingdom,2024-01-19,Standard,556.87
500,Alka Wable,alka.wable500@icloud.com,India,2022-03-11,Standard,373.56
501,Lindsey Walker,lindsey.walker501@hotmail.com,United States,2023-09-22,Basic,281.43
502,Sra. Zoe Campos,sra.zoe.campos502@hotmail.com,Brazil,2023-10-03,Standard,1508.83
503,Siddharth Zacharia,siddharth.zacharia503@icloud.com,India,2021-07-11,Standard,1145.3
504,Frédérique Bègue,frederique.begue504@hotmail.com,France,2023-07-10,Premium,2273.49
505,Kayleigh Daniels,kayleigh.daniels505@proton.me,United Kingdom,2025-07-04,Basic,552.83
506,Gerard Jones,gerard.jones506@outlook.com,United Kingdom,2024-05-28,Standard,1687.91
507,Jeffrey Johnson,jeffrey.johnson507@icloud.com,United States,2022-01-06,Standard,1057.66
508,Gianna Sanguineti,gianna.sanguineti508@hotmail.com,Italy,2022-05-08,Standard,630.7
509,Nicole Weiss,nicole.weiss509@hotmail.com,France,2025-08-07,Premium,1920.48
510,Michael Powell,michael.powell510@yahoo.com,United States,2024-09-29,Basic,74.93
511,Salma Gabino Armas Rico,salma.gabino.armas.rico511@hotmail.com,Mexico,2026-07-12,Standard,985.91
512,Marco Donoso Hierro,marco.donoso.hierro512@proton.me,Spain,2024-09-09,Standard,1454.69
513,Dr Dennis Bates,dr.dennis.bates513@icloud.com,United Kingdom,2026-08-29,Standard,290.22
514,Tommy Walter,tommy.walter514@proton.me,Australia,2023-12-25,Premium,3066.91
515,Danny Morgan,danny.morgan515@proton.me,Canada,2024-06-24,Basic,248.83
516,Linde Hoes-de Groot,linde.hoes.de.groot516@gmail.com,Netherlands,2020-02-13,Premium,1621.4
517,Matthew Foster,matthew.foster517@icloud.com,Australia,2026-07-05,Standard,514.7
518,Lydia Williams,lydia.williams518@hotmail.com,United Kingdom,2026-08-07,Standard,398.73
519,Sr(a). José María Berríos,sr.a.jose.maria.berrios519@hotmail.com,Mexico,2021-03-04,Standard,1668.9
520,John Anderson,john.anderson520@proton.me,United States,2021-08-03,Standard,716.06
521,Judy Baker,judy.baker521@icloud.com,Australia,2025-06-01,Standard,311.08
522,Claire Aubry,claire.aubry522@hotmail.com,France,2023-07-30,Premium,965.33
523,Gérard Vallet,gerard.vallet523@gmail.com,France,2023-11-06,Standard,1267.28
524,Alyssa Long,alyssa.long524@proton.me,United States,2022-09-26,Standard,1060.65
525,Dr Joan Taylor,dr.joan.taylor525@hotmail.com,United Kingdom,2025-03-07,Standard,818.33
526,Alyssa Day,alyssa.day526@proton.me,United States,2024-11-05,Standard,1366.69
527,Joel Williams,joel.williams527@hotmail.com,Japan,2026-08-22,Standard,157.34
528,Daniel Murphy,daniel.murphy528@outlook.com,United States,2020-09-13,Standard,1469.18
529,Crystal Robinson,crystal.robinson529@outlook.com,Canada,2023-08-28,Premium,1221.63
530,Julie Letellier-Mary,julie.letellier.mary530@hotmail.com,France,2025-12-01,Basic,236.55
531,Hazel Lambert,hazel.lambert531@hotmail.com,United Kingdom,2026-08-01,Premium,2102.34
532,Frau Beate Klotz B.Eng.,frau.beate.klotz.b.eng532@yahoo.com,Germany,2023-05-03,Basic,423.36
533,Noémi Étienne,noemi.etienne533@outlook.com,France,2021-04-27,Standard,342.97
534,Adam Long,adam.long534@yahoo.com,United Kingdom,2025-09-23,Standard,1134.1
535,Mark Perez,mark.perez535@hotmail.com,Canada,2022-01-30,Standard,1036.68
536,Jerónimo Pino Lerma,jeronimo.pino.lerma536@yahoo.com,Spain,2026-03-22,Premium,1868.69
537,Jamie Walton,jamie.walton537@hotmail.com,United States,2020-08-07,Basic,667.49
538,Herr Ernst-Otto Rosenow B.Sc.,herr.ernst.otto.rosenow.b.sc538@yahoo.com,Germany,2024-04-21,Basic,366.17
539,Pascal Neureuther,pascal.neureuther539@proton.me,Germany,2025-07-07,Standard,1535.82
540,Raimund Reichmann,raimund.reichmann540@gmail.com,Germany,2026-05-04,Premium,3615.91
541,Leslie Roberts-Griffiths,leslie.roberts.griffiths541@outlook.com,United Kingdom,2022-07-09,Standard,427.54
542,Carlo Sorgatz-Mülichen,carlo.sorgatz.mulichen542@proton.me,Germany,2025-07-21,Standard,336.8
543,Darlene Miller,darlene.miller543@icloud.com,United States,2024-02-11,Standard,1398.7
544,Justin Baker,justin.baker544@hotmail.com,Australia,2026-02-15,Standard,851.51
545,Stephanie Ross,stephanie.ross545@proton.me,Australia,2022-10-10,Standard,1798.87
546,Ing. Jose auch Schlauchin,ing.jose.auch.schlauchin546@outlook.com,Germany,2020-12-22,Standard,1790.03
547,Zachary Hicks,zachary.hicks547@yahoo.com,Australia,2022-05-09,Basic,421.85
548,Barbara Wilkinson,barbara.wilkinson548@proton.me,United Kingdom,2024-10-19,Premium,1315.17
549,Joshua Cooke,joshua.cooke549@yahoo.com,United States,2020-08-31,Standard,1028.26
550,Devika Rastogi,devika.rastogi550@yahoo.com,India,2023-08-18,Basic,222.53
551,Shannon Jones,shannon.jones551@icloud.com,Canada,2021-01-25,Premium,3575.35
552,Dr. Uschi Reuter,,Germany,2023-02-09,Basic,110.65
553,Anna Liz Novaes,anna.liz.novaes553@yahoo.com,Brazil,2021-08-22,Basic,584.23
554,Anthony Rodriguez,anthony.rodriguez554@proton.me,Australia,2024-05-27,Standard,1102.75
555,Matthew Harrington,matthew.harrington555@hotmail.com,United States,2024-03-16,Standard,1195.49
556,Nicole Herring,nicole.herring556@gmail.com,Japan,2024-07-08,Standard,609.07
557,Constanza del Barba,constanza.del.barba557@outlook.com,Spain,2025-02-05,Basic,245.92
558,Alex Hernandez,,United States,2021-01-16,Basic,334.45
559,Daniel Grégoire-Teixeira,daniel.gregoire.teixeira559@outlook.com,France,2020-09-16,Basic,293.46
560,Letizia Cuzzocrea-Paganini,letizia.cuzzocrea.paganini560@yahoo.com,Italy,2025-07-19,Standard,1516.77
561,Kirsty Akhtar,,United Kingdom,2021-06-18,Standard,950.81
562,Harry Gardiner,harry.gardiner562@proton.me,United Kingdom,2020-07-17,Premium,3116.86
563,Luiz Miguel Oliveira,luiz.miguel.oliveira563@gmail.com,Brazil,2021-05-23,Basic,131.64
564,Olaf Jockel MBA.,olaf.jockel.mba564@hotmail.com,Germany,2022-04-08,Basic,638.85
565,Michael Elliott,michael.elliott565@outlook.com,Japan,2021-10-13,Basic,616.7
566,Michael Wang,michael.wang566@outlook.com,United States,2022-10-22,Premium,3258.68
567,Raksha Varughese,raksha.varughese567@gmail.com,India,2024-06-11,Standard,1347.88
568,Rebecca Henderson,rebecca.henderson568@hotmail.com,Australia,2021-01-08,Basic,25.73
569,Imelda Plath,imelda.plath569@yahoo.com,Germany,2026-08-28,Standard,1271.97
570,Lawrence Adkins,lawrence.adkins570@proton.me,United States,2023-11-08,Basic,692.0
571,Bertha Hentschel B.A.,bertha.hentschel.b.a571@yahoo.com,Germany,2025-05-10,Premium,2217.36
572,James Ferrell,james.ferrell572@gmail.com,Australia,2021-02-26,Standard,1603.63
573,Robert Oconnell,robert.oconnell573@yahoo.com,United States,2021-08-08,Premium,2884.18
574,Jai Kota,jai.kota574@yahoo.com,India,2024-12-07,Standard,501.54
575,Tricia Valencia,tricia.valencia575@hotmail.com,Australia,2024-12-17,Basic,83.51
576,Alexander Collins,alexander.collins576@gmail.com,United States,2026-08-11,Basic,262.29
577,Gunther Bärer,gunther.barer577@yahoo.com,Germany,2022-10-11,Standard,289.01
578,Michael Lewis,michael.lewis578@icloud.com,Canada,2023-03-13,Basic,491.07
579,Bernardo Aparecida,bernardo.aparecida579@proton.me,Brazil,2023-05-20,Standard,1151.43
580,Tina Sanders,tina.sanders580@hotmail.com,United States,2023-04-25,Standard,1443.27
581,Mason Smits,mason.smits581@yahoo.com,Netherlands,2025-07-20,Standard,547.78
582,Devansh Nigam,devansh.nigam582@gmail.com,India,2025-12-03,Basic,33.15
583,Melissa Mann,melissa.mann583@outlook.com,United Kingdom,2021-06-24,Standard,1534.31
584,Prof. Emil Albers B.Sc.,prof.emil.albers.b.sc584@icloud.com,Germany,2021-12-08,Basic,669.26
585,Nathan Maldonado,nathan.maldonado585@gmail.com,Australia,2026-08-02,Premium,1770.09
586,Angela Vaughn,angela.vaughn586@gmail.com,United States,2024-06-18,Standard,1187.14
587,Timothy Duncan,timothy.duncan587@hotmail.com,Canada,2024-09-30,Basic,80.64
588,Richard Aguirre,richard.aguirre588@icloud.com,Canada,2021-09-17,Standard,661.35
589,Brent Jordan,brent.jordan589@yahoo.com,Canada,2021-09-28,Standard,794.71
590,Victor Kannan,victor.kannan590@proton.me,India,2020-09-27,Standard,871.85
591,Dott. Goffredo Bongiorno,dott.goffredo.bongiorno591@yahoo.com,Italy,2020-08-25,Standard,1675.64
592,Ashley Barton,ashley.barton592@icloud.com,United States,2020-08-13,Standard,1373.79
593,Debra Davidson,debra.davidson593@gmail.com,Australia,2020-02-21,Basic,498.51
594,Lindsay Martinez,lindsay.martinez594@outlook.com,United States,2025-11-12,Standard,1507.14
595,Dr. Hannah Patterson,dr.hannah.patterson595@outlook.com,United States,2021-06-03,Basic,614.59
596,Jeffrey Chavez,jeffrey.chavez596@gmail.com,Australia,2020-04-30,Standard,858.39
597,John Daniel,john.daniel597@outlook.com,Canada,2026-06-19,Standard,968.64
598,Victoria Garcia,victoria.garcia598@gmail.com,Canada,2025-08-08,Basic,137.64
599,Jonathan Peterson,jonathan.peterson599@gmail.com,United States,2026-06-08,Standard,340.3
600,Sherri Baker,sherri.baker600@gmail.com,Australia,2020-06-29,Basic,33.29
601,Samantha Garcia,samantha.garcia601@outlook.com,United States,2024-04-17,Basic,145.8
602,Serena Donini,serena.donini602@gmail.com,Italy,2026-03-14,Basic,506.96
603,Ekavir Bhargava,ekavir.bhargava603@yahoo.com,India,2023-08-11,Standard,1661.16
604,Mr Peter Riley,mr.peter.riley604@gmail.com,United Kingdom,2026-05-30,Standard,978.37
605,Madison Poole,madison.poole605@yahoo.com,Japan,2022-07-03,Basic,687.45
606,Vittoria Gotti,vittoria.gotti606@gmail.com,Italy,2025-03-20,Basic,547.13
607,Thomas Morgan,thomas.morgan607@gmail.com,United Kingdom,2026-03-15,Standard,758.72
608,Mr Jake Stevenson,mr.jake.stevenson608@outlook.com,United Kingdom,2022-09-20,Standard,1126.29
609,Erdal Börner,erdal.borner609@yahoo.com,Germany,2026-02-16,Basic,190.46
610,Jessica Gross,jessica.gross610@hotmail.com,United States,2020-04-07,Standard,721.6
611,Heloísa Vargas,heloisa.vargas611@gmail.com,Brazil,2023-10-04,Premium,3232.02
612,Bruno da Conceição,bruno.da.conceicao612@proton.me,Brazil,2023-06-13,Premium,2760.31
613,Debra Morton,debra.morton613@hotmail.com,United States,2020-09-02,Basic,121.1
614,Karen Graham,karen.graham614@gmail.com,United States,2022-08-06,Basic,375.84
615,André Masson,andre.masson615@outlook.com,France,2025-02-20,Basic,82.31
616,Debra Christian,debra.christian616@yahoo.com,United States,2024-06-03,Premium,2900.94
617,Stefano Kabus,stefano.kabus617@yahoo.com,Germany,2022-08-27,Standard,1554.01
618,Segismundo de Moles,segismundo.de.moles618@hotmail.com,Spain,2023-08-29,Standard,598.73
619,Angelica Keith,angelica.keith619@yahoo.com,United States,2021-07-11,Basic,419.68
620,John Bishop,john.bishop620@yahoo.com,United States,2025-01-15,Standard,820.75
621,Gerald Hensley,gerald.hensley621@yahoo.com,Canada,2025-01-25,Standard,587.26
622,Allen Rosales,allen.rosales622@yahoo.com,United States,2023-05-31,Basic,495.39
623,Daniel Salinas,daniel.salinas623@outlook.com,United States,2021-08-30,Premium,1718.41
624,Kenneth Taylor,kenneth.taylor624@icloud.com,United Kingdom,2020-07-19,Standard,579.28
625,Mtro. Soledad Nájera,mtro.soledad.najera625@gmail.com,Mexico,2024-07-14,Basic,400.27
626,Connor West,connor.west626@gmail.com,Canada,2025-03-07,Premium,3737.1
627,Spencer Haynes,spencer.haynes627@gmail.com,United States,2022-06-29,Premium,3847.59
628,Jennifer Lamb,jennifer.lamb628@proton.me,United Kingdom,2020-12-10,Standard,577.05
629,Lize Loreal,lize.loreal629@gmail.com,Netherlands,2020-09-21,Premium,3190.15
630,Arthur Oda,arthur.oda630@gmail.com,Netherlands,2023-09-20,Premium,4286.44
631,Adam Vaughan,adam.vaughan631@icloud.com,United States,2024-11-09,Basic,291.62
632,Nathan Freeman,nathan.freeman632@proton.me,United States,2024-10-13,Premium,1594.45
633,Melissa Brewer,melissa.brewer633@outlook.com,United States,2024-12-31,Basic,48.39
634,Ekansh Balay,ekansh.balay634@yahoo.com,India,2023-04-23,Standard,1606.58
635,Jiri Hellwig,jiri.hellwig635@gmail.com,Germany,2023-02-19,Standard,841.74
636,Ekavir Varkey,ekavir.varkey636@icloud.com,India,2022-10-17,Standard,1473.58
637,Azra Osterhoudt,azra.osterhoudt637@hotmail.com,Netherlands,2024-01-10,Standard,1439.37
638,Miss Carole Hussain,miss.carole.hussain638@icloud.com,United Kingdom,2025-08-19,Standard,596.22
639,Ricky Davis II,ricky.davis.ii639@icloud.com,United States,2022-06-16,Premium,3799.55
640,Ricky Adams-Jones,ricky.adams.jones640@hotmail.com,United Kingdom,2025-12-08,Standard,1113.58
641,Elizabeth Perkins,elizabeth.perkins641@yahoo.com,United States,2021-02-14,Standard,547.9
642,Donald Wright,donald.wright642@proton.me,Canada,2020-08-17,Basic,664.77
643,Jessica Callahan,jessica.callahan643@hotmail.com,Canada,2023-12-24,Basic,694.29
644,Joseph Coleman,joseph.coleman644@yahoo.com,United States,2026-08-23,Standard,1367.87
645,Stephanie Lloyd,stephanie.lloyd645@icloud.com,United Kingdom,2020-04-25,Basic,262.39
646,Amber Kidd,amber.kidd646@yahoo.com,Canada,2026-04-25,Basic,589.77
647,Jonathan Schilt,jonathan.schilt647@hotmail.com,Netherlands,2026-01-29,Standard,959.22
648,Erin Warner,erin.warner648@yahoo.com,United States,2022-06-15,Premium,2568.56
649,Leah Newman,leah.newman649@icloud.com,United Kingdom,2022-04-05,Basic,255.01
650,David Martinez,david.martinez650@outlook.com,United States,2020-08-31,Premium,2970.45
651,Edelmira Batalla Galván,edelmira.batalla.galvan651@gmail.com,Spain,2025-11-25,Basic,673.38
652,Sally George,sally.george652@proton.me,United Kingdom,2024-06-08,Standard,705.33
653,Shane Kerr,shane.kerr653@yahoo.com,United Kingdom,2024-11-24,Basic,673.45
654,Arya Sunder,arya.sunder654@yahoo.com,India,2026-04-20,Standard,1682.59
655,Cassandra Gaines,cassandra.gaines655@yahoo.com,Australia,2026-08-09,Basic,280.41
656,Elizabeth Fowler,elizabeth.fowler656@outlook.com,Australia,2021-06-05,Premium,806.65
657,Thomas Leroux,thomas.leroux657@icloud.com,France,2024-05-22,Basic,545.31
658,Tracy House,tracy.house658@yahoo.com,Canada,2023-07-27,Basic,678.08
659,Bryan Herrera,bryan.herrera659@icloud.com,United States,2021-03-02,Basic,119.93
660,Brittany Farmer,brittany.farmer660@yahoo.com,Australia,2023-11-21,Basic,138.32
661,Cathy Robinson,cathy.robinson661@gmail.com,Japan,2023-10-07,Standard,587.6
662,Dr. William Warren,dr.william.warren662@gmail.com,United States,2023-12-06,Standard,328.26
663,Brian Lee,brian.lee663@hotmail.com,United States,2024-11-29,Basic,679.14
664,Christopher Smith,christopher.smith664@hotmail.com,Japan,2024-03-31,Standard,769.32
665,Madelief Wunderink-Kok,madelief.wunderink.kok665@icloud.com,Netherlands,2022-07-12,Premium,1072.72
666,Mateus da Mota,mateus.da.mota666@outlook.com,Brazil,2020-03-23,Standard,1720.24
667,Denise Mccann,denise.mccann667@yahoo.com,United States,2024-03-17,Premium,1077.51
668,Romolo Parisi,romolo.parisi668@gmail.com,Italy,2023-10-16,Standard,1162.51
669,Marie-Luise Neureuther,marie.luise.neureuther669@gmail.com,Germany,2024-11-01,Basic,136.37
670,Melissa Martinez,melissa.martinez670@yahoo.com,Japan,2020-08-07,Premium,1560.54
671,Katherine Salas,katherine.salas671@proton.me,United States,2026-03-19,Basic,517.73
672,Julie Alexander,julie.alexander672@outlook.com,United States,2023-05-03,Standard,231.9
673,Carol Tucker,carol.tucker673@hotmail.com,Canada,2021-09-21,Premium,814.12
674,Anthony Everett,anthony.everett674@proton.me,United States,2025-05-21,Premium,895.22
675,Rodney Morales,rodney.morales675@outlook.com,United States,2020-12-01,Standard,340.59
676,Paula Moreno,paula.moreno676@hotmail.com,Australia,2025-06-26,Basic,203.88
677,Kevin Solanki,kevin.solanki677@hotmail.com,India,2022-01-27,Standard,779.38
678,Mark Brown,mark.brown678@gmail.com,United States,2022-12-14,Standard,584.61
679,Maria Clara Castro,maria.clara.castro679@icloud.com,Brazil,2020-09-09,Premium,3376.94
680,Justin Torres,justin.torres680@proton.me,United States,2023-11-09,Basic,304.44
681,Fred Smith,fred.smith681@yahoo.com,Australia,2026-03-17,Premium,2232.29
682,James Brown,james.brown682@icloud.com,Canada,2025-04-28,Standard,538.81
683,Mr Matthew Hunt,mr.matthew.hunt683@hotmail.com,United Kingdom,2020-05-22,Standard,1635.75
684,Isabel Mercks,isabel.mercks684@proton.me,Netherlands,2021-08-26,Premium,3601.6
685,Bailey Duran DDS,bailey.duran.dds685@yahoo.com,United States,2022-05-17,Basic,110.18
686,Juri Eigenwillig MBA.,juri.eigenwillig.mba686@proton.me,Germany,2024-11-18,Standard,1507.23
687,Courtney Mills,courtney.mills687@icloud.com,United States,2022-11-22,Standard,1349.72
688,Mila Driessen,mila.driessen688@gmail.com,Netherlands,2024-05-08,Standard,1060.89
689,Dr. Gustavo Henrique Rios,dr.gustavo.henrique.rios689@icloud.com,Brazil,2025-02-19,Basic,33.35
690,Anouk Collin,anouk.collin690@icloud.com,France,2025-11-10,Basic,100.95
691,Jeremy Dalton,jeremy.dalton691@icloud.com,United States,2026-08-05,Standard,1741.97
692,Elizabeth Oliver DDS,elizabeth.oliver.dds692@gmail.com,United States,2026-04-23,Basic,555.38
693,Brayan Pereira,brayan.pereira693@outlook.com,Brazil,2024-08-10,Standard,1230.4
694,William Baker,william.baker694@hotmail.com,Canada,2020-06-02,Premium,2291.0
695,Urvashi Ray,urvashi.ray695@proton.me,India,2024-07-03,Premium,4091.42
696,Lucy Rees,lucy.rees696@yahoo.com,United Kingdom,2020-07-20,Basic,646.56
697,Theresa Clark,theresa.clark697@gmail.com,Japan,2023-10-15,Basic,229.56
698,Hazel Taylor,hazel.taylor698@hotmail.com,United Kingdom,2021-02-06,Basic,178.87
699,Mrs Ruth Smith,mrs.ruth.smith699@proton.me,United Kingdom,2024-12-19,Basic,241.59
700,Suzanne Evrard,suzanne.evrard700@icloud.com,France,2020-12-31,Premium,1582.14
701,Mads Pieters,mads.pieters701@proton.me,Netherlands,2025-06-07,Basic,610.35
702,Kyano de Gruijl,kyano.de.gruijl702@icloud.com,Netherlands,2021-10-13,Premium,3425.41
703,Dipl.-Ing. Ronald Ladeck B.A.,dipl.ing.ronald.ladeck.b.a703@icloud.com,Germany,2026-05-18,Premium,1513.22
704,Eloá Nascimento,eloa.nascimento704@gmail.com,Brazil,2022-10-18,Premium,987.07
705,Michael Bibi,michael.bibi705@yahoo.com,United Kingdom,2023-01-27,Standard,915.96
706,Miss Danielle Martin,miss.danielle.martin706@gmail.com,United Kingdom,2020-05-05,Standard,956.5
707,Benedikt Sorgatz,benedikt.sorgatz707@hotmail.com,Germany,2026-07-31,Standard,718.01
708,Srta. Elisa Martins,srta.elisa.martins708@outlook.com,Brazil,2021-01-05,Standard,787.83
709,Matthew Moore,matthew.moore709@icloud.com,United States,2022-05-27,Basic,461.98
710,Robert-Aimé Bazin,robert.aime.bazin710@outlook.com,France,2024-08-04,Standard,1576.64
711,Giancarlo Mocenigo-Bertolucci,giancarlo.mocenigo.bertolucci711@proton.me,Italy,2020-02-06,Standard,368.32
712,Benjamin Smith,benjamin.smith712@gmail.com,United States,2022-07-05,Standard,1478.39
713,Charles Smith-Byrne,charles.smith.byrne713@proton.me,United Kingdom,2023-02-01,Standard,771.18
714,Brandon Hodgson,brandon.hodgson714@outlook.com,United Kingdom,2022-06-12,Standard,1267.37
715,Tirza Mosley,tirza.mosley715@hotmail.com,Netherlands,2026-07-22,Premium,2692.6
716,Zacharie Regnier,zacharie.regnier716@outlook.com,France,2026-04-18,Standard,1154.93
717,Mrs Rebecca Hale,mrs.rebecca.hale717@gmail.com,United Kingdom,2025-05-27,Premium,4456.94
718,Girindra Chatterjee,girindra.chatterjee718@outlook.com,India,2022-12-05,Standard,1721.11
719,Irya Sampath,irya.sampath719@yahoo.com,India,2021-09-06,Standard,546.5
720,Kirk Carter,kirk.carter720@icloud.com,United States,2024-07-13,Standard,1273.25
721,Tristan-Jean Marie,tristan.jean.marie721@proton.me,France,2025-07-30,Basic,200.11
722,Ing. Hildegart Langern,ing.hildegart.langern722@hotmail.com,Germany,2020-05-24,Standard,1791.34
723,Sam Coolen,sam.coolen723@outlook.com,Netherlands,2022-06-29,Standard,1203.22
724,Solveig Vollbrecht B.Sc.,solveig.vollbrecht.b.sc724@proton.me,Germany,2024-01-08,Standard,1544.94
725,Júlia Porto,julia.porto725@icloud.com,Brazil,2022-01-11,Standard,926.79
726,Sherry Decker,sherry.decker726@proton.me,Australia,2026-04-08,Basic,148.57
727,Martin Barbier du Bernard,martin.barbier.du.bernard727@outlook.com,France,2020-12-31,Standard,518.49
728,Michael Warner,michael.warner728@hotmail.com,Japan,2023-09-19,Standard,1116.19
729,Ante Kusch,ante.kusch729@gmail.com,Germany,2025-04-11,Premium,3147.27
730,Unni Bhagat,unni.bhagat730@icloud.com,India,2020-10-18,Standard,471.0
731,Michael Bradshaw,michael.bradshaw731@proton.me,United States,2024-04-12,Standard,831.63
732,Lori Guerrero,lori.guerrero732@yahoo.com,Japan,2021-07-16,Basic,256.3
733,Dr. Ángela Armenta,dr.angela.armenta733@hotmail.com,Mexico,2021-08-09,Standard,1330.85
734,Anthony Humphrey,anthony.humphrey734@hotmail.com,Australia,2023-09-24,Standard,441.76
735,Darsh Rau,darsh.rau735@gmail.com,India,2025-01-25,Standard,1405.97
736,Jessica Stephens,jessica.stephens736@yahoo.com,United States,2025-06-28,Basic,551.33
737,Susan Serrano,susan.serrano737@hotmail.com,United States,2024-10-24,Standard,1742.79
738,Adam Ford,adam.ford738@gmail.com,United Kingdom,2025-12-26,Premium,2180.48
739,Christopher Parker,christopher.parker739@outlook.com,United States,2025-12-15,Premium,3303.97
740,Ikbal Kothari,ikbal.kothari740@yahoo.com,India,2022-07-15,Standard,718.18
741,Laura Roberts,laura.roberts741@hotmail.com,United States,2025-08-23,Standard,425.58
742,Sjoerd Bos-Totwiller,sjoerd.bos.totwiller742@outlook.com,Netherlands,2023-04-06,Standard,1008.48
743,Jordan Henderson,jordan.henderson743@hotmail.com,Canada,2021-07-02,Standard,1637.28
744,Tina Pritchard,tina.pritchard744@yahoo.com,United Kingdom,2021-11-06,Basic,644.79
745,Ria Dörr,ria.dorr745@yahoo.com,Germany,2022-07-07,Basic,113.56
746,Angelica Tucker,angelica.tucker746@icloud.com,Australia,2025-08-28,Premium,2156.39
747,Ranveer Yadav,ranveer.yadav747@gmail.com,India,2024-03-16,Basic,197.66
748,Whitney Peters,whitney.peters748@gmail.com,Canada,2026-08-29,Basic,471.83
749,Logan Sami,logan.sami749@gmail.com,India,2020-07-16,Standard,837.68
750,Mrs Lesley Charlton,mrs.lesley.charlton750@icloud.com,United Kingdom,2022-11-01,Standard,402.66
751,Philippe-Emmanuel Guillou,philippe.emmanuel.guillou751@proton.me,France,2020-02-08,Standard,1241.75
752,Thomas Léger,thomas.leger752@outlook.com,France,2021-07-15,Standard,1632.73
753,Brittney Phillips,brittney.phillips753@icloud.com,Canada,2021-04-27,Standard,1444.85
754,Dr. Donald Reising MBA.,dr.donald.reising.mba754@icloud.com,Germany,2022-03-29,Basic,586.26
755,Gregorio Arcelia Gonzales,gregorio.arcelia.gonzales755@outlook.com,Mexico,2024-08-05,Standard,215.02
756,Heimo Gnatz-Holsten,heimo.gnatz.holsten756@yahoo.com,Germany,2025-05-22,Standard,154.52
757,Élodie de la Besson,elodie.de.la.besson757@gmail.com,France,2026-06-09,Standard,396.09
758,Michael Lyons,michael.lyons758@icloud.com,United States,2020-11-03,Basic,93.37
759,Kathryn Snyder,kathryn.snyder759@yahoo.com,United States,2025-02-13,Basic,224.81
760,Elfie Bruder MBA.,elfie.bruder.mba760@gmail.com,Germany,2021-12-16,Basic,600.27
761,Beverley Lee,beverley.lee761@proton.me,United Kingdom,2023-07-04,Standard,341.24
762,Dra. Hellena Rodrigues,dra.hellena.rodrigues762@gmail.com,Brazil,2020-02-09,Basic,472.76
763,Andrew Reynolds,andrew.reynolds763@outlook.com,United States,2024-11-27,Basic,206.11
764,Philip Cannon,philip.cannon764@outlook.com,Australia,2023-11-04,Premium,2282.88
765,Amedeo Mennea,amedeo.mennea765@outlook.com,Italy,2024-04-28,Standard,939.1
766,Andrei Siering,andrei.siering766@yahoo.com,Germany,2021-04-08,Premium,3487.72
767,Juan Ledesma Rendón,juan.ledesma.rendon767@yahoo.com,Mexico,2021-02-28,Standard,1124.74
768,Fem Dijkstra,fem.dijkstra768@proton.me,Netherlands,2024-11-29,Premium,2205.08
769,Derek Talbot-Scott,derek.talbot.scott769@gmail.com,United Kingdom,2021-06-19,Standard,955.4
770,David Davis,david.davis770@hotmail.com,Japan,2020-07-07,Premium,3223.4
771,Sara Johnston,sara.johnston771@proton.me,United States,2025-11-19,Basic,414.24
772,Lauren Daniels,lauren.daniels772@proton.me,Canada,2023-10-17,Standard,1285.6
773,Arya Shere,arya.shere773@hotmail.com,India,2022-10-15,Standard,1245.12
774,Faqid Savant,faqid.savant774@yahoo.com,India,2026-04-05,Basic,438.72
775,Yvonne Chambers,yvonne.chambers775@yahoo.com,United States,2025-09-01,Basic,600.01
776,Sr. Ian Andrade,sr.ian.andrade776@gmail.com,Brazil,2025-07-06,Standard,695.98
777,Andrew Avila,andrew.avila777@icloud.com,United States,2022-07-01,Standard,774.75
778,Tycho Tins-Michielsen,tycho.tins.michielsen778@gmail.com,Netherlands,2025-02-23,Standard,1095.51
779,Matthew Moon,matthew.moon779@hotmail.com,United States,2025-01-05,Standard,1768.11
780,John Pierce,john.pierce780@gmail.com,Australia,2021-02-24,Standard,209.12
781,Amy Silva,amy.silva781@gmail.com,Canada,2023-06-01,Basic,404.57
782,Chandresh Zachariah,chandresh.zachariah782@hotmail.com,India,2023-10-28,Standard,239.55
783,Kevin Walters,kevin.walters783@hotmail.com,United States,2023-09-21,Standard,1172.6
784,Zbigniew Davids,zbigniew.davids784@proton.me,Germany,2024-01-28,Basic,101.97
785,Shane Henderson,shane.henderson785@yahoo.com,Australia,2020-01-09,Standard,1519.31
786,Gemma Boezio,gemma.boezio786@outlook.com,Italy,2026-02-21,Standard,1308.46
787,Brandon Bailey MD,brandon.bailey.md787@yahoo.com,United States,2025-07-09,Premium,3452.37
788,Richard Merle,richard.merle788@gmail.com,France,2022-11-07,Standard,459.45
789,Valentina Miranda-Garcia,valentina.miranda.garcia789@hotmail.com,Spain,2022-06-02,Standard,1439.34
790,Adélaïde Le Camus,adelaide.le.camus790@gmail.com,France,2024-08-24,Premium,3142.99
791,Bertrand Étienne,bertrand.etienne791@gmail.com,France,2025-01-19,Standard,1122.37
792,Sarah Moore,sarah.moore792@hotmail.com,Canada,2020-01-18,Standard,230.14
793,Gertrudis Segarra Clavero,gertrudis.segarra.clavero793@icloud.com,Spain,2025-06-01,Basic,552.23
794,Buenaventura Huerta-Jódar,buenaventura.huerta.jodar794@proton.me,Spain,2026-06-27,Premium,3816.4
795,Shannon Rivera,shannon.rivera795@proton.me,United States,2023-08-11,Standard,784.69
796,Dalia José Eduardo Mota Fuentes,dalia.jose.eduardo.mota.fuentes796@proton.me,Mexico,2022-10-13,Standard,1739.93
797,Vicente Angélica de la Torre Tejeda,vicente.angelica.de.la.torre.tejeda797@hotmail.com,Mexico,2021-06-30,Premium,3029.34
798,Donna Landry,donna.landry798@icloud.com,Japan,2023-05-09,Basic,394.77
799,Arthur Bailey,arthur.bailey799@proton.me,United Kingdom,2026-03-17,Standard,481.47
800,Girik Khalsa,girik.khalsa800@outlook.com,India,2023-11-15,Basic,114.55
801,Georges Boyer de la Duhamel,georges.boyer.de.la.duhamel801@yahoo.com,France,2025-08-25,Standard,1200.85
802,Augustin Foucher,augustin.foucher802@outlook.com,France,2026-04-22,Standard,1091.55
803,Antoinette Samson,antoinette.samson803@hotmail.com,France,2025-12-26,Standard,1548.05
804,Jayda van Kusen-Janssen,jayda.van.kusen.janssen804@icloud.com,Netherlands,2021-03-12,Premium,1337.71
805,Charlotte Rodriguez-Delmas,charlotte.rodriguez.delmas805@yahoo.com,France,2022-12-29,Basic,133.63
806,Dr Mohamed Webb,dr.mohamed.webb806@outlook.com,United Kingdom,2021-08-22,Basic,491.15
807,Holly Clark,holly.clark807@icloud.com,United Kingdom,2020-05-12,Standard,896.78
808,Niharika Sunder,niharika.sunder808@proton.me,India,2026-04-20,Basic,526.13
809,Angela Lopez,angela.lopez809@yahoo.com,Canada,2025-09-23,Basic,564.2
810,Julia Bryan,julia.bryan810@proton.me,United Kingdom,2020-07-11,Basic,286.6
811,Luchino Frescobaldi,luchino.frescobaldi811@proton.me,Italy,2023-07-04,Basic,61.32
812,Joshua Blair,joshua.blair812@yahoo.com,Australia,2024-12-19,Basic,640.25
813,Danielle Aubry,danielle.aubry813@proton.me,France,2024-02-15,Basic,393.97
814,Tanay Rattan,tanay.rattan814@proton.me,India,2022-03-03,Standard,442.75
815,Pauline de la Gimenez,pauline.de.la.gimenez815@yahoo.com,France,2021-12-12,Basic,105.56
816,Krista Gibson,krista.gibson816@outlook.com,United States,2026-03-29,Standard,415.53
817,Dr. João Felipe Azevedo,dr.joao.felipe.azevedo817@gmail.com,Brazil,2023-09-15,Standard,1696.87
818,Frank Cordova,frank.cordova818@outlook.com,United States,2020-07-27,Basic,447.12
819,Levi Cunha,levi.cunha819@outlook.com,Brazil,2025-07-02,Basic,396.36
820,Jose Travis,jose.travis820@proton.me,United States,2023-07-25,Standard,1729.03
821,Megan Young,megan.young821@icloud.com,Canada,2021-10-14,Standard,1036.11
822,Kimberly Gutierrez,kimberly.gutierrez822@yahoo.com,United States,2022-05-23,Standard,696.26
823,Sylvia Kelly-Ward,sylvia.kelly.ward823@icloud.com,United Kingdom,2025-12-12,Standard,1076.2
824,Eric Carney,eric.carney824@proton.me,Australia,2020-02-06,Premium,2080.23
825,Isaiah Avila,isaiah.avila825@proton.me,United States,2022-09-25,Basic,485.72
826,Elliott Davis,elliott.davis826@gmail.com,United Kingdom,2024-04-29,Standard,1344.56
827,Olivia Harris,olivia.harris827@icloud.com,United States,2024-03-15,Standard,989.41
828,Dr. Hansjürgen Neureuther MBA.,dr.hansjurgen.neureuther.mba828@outlook.com,Germany,2022-02-27,Standard,285.87
829,Tanya Kim,tanya.kim829@icloud.com,United States,2025-12-24,Premium,1042.25
830,Honoré du Leconte,honore.du.leconte830@yahoo.com,France,2024-10-03,Basic,163.77
831,Danique Ponci,danique.ponci831@proton.me,Netherlands,2024-11-17,Standard,1700.59
832,Jessica Holmes,jessica.holmes832@yahoo.com,Australia,2020-04-07,Standard,697.33
833,Barbara Dudley,barbara.dudley833@gmail.com,United States,2021-12-30,Basic,401.71
834,Steve Sanchez,steve.sanchez834@yahoo.com,Canada,2022-11-25,Standard,894.36
835,Steven Kühnert B.Sc.,steven.kuhnert.b.sc835@outlook.com,Germany,2020-03-10,Standard,345.2
836,Cynthia Moore,cynthia.moore836@proton.me,United States,2020-09-16,Basic,420.29
837,Sabine Blondel,sabine.blondel837@gmail.com,France,2024-01-05,Basic,96.64
838,Danny Morgan,danny.morgan838@outlook.com,Australia,2020-12-20,Standard,1679.04
839,Duncan Smith,duncan.smith839@proton.me,United Kingdom,2020-05-06,Standard,1030.22
840,Kristen Davis,kristen.davis840@hotmail.com,United States,2026-02-13,Standard,1196.18
841,Mr Jordan Thomson,mr.jordan.thomson841@proton.me,United Kingdom,2024-03-08,Basic,32.53
842,Susan Murray MD,susan.murray.md842@yahoo.com,Japan,2021-05-19,Premium,2919.06
843,Dr Daniel Harper,dr.daniel.harper843@icloud.com,United Kingdom,2020-12-14,Standard,1384.69
844,Kathleen Moran,kathleen.moran844@outlook.com,Japan,2022-05-17,Standard,1215.79
845,Lisa Barnes,lisa.barnes845@yahoo.com,Canada,2022-01-23,Standard,1527.33
846,Denise Davenport,denise.davenport846@yahoo.com,United States,2026-05-12,Basic,599.69
847,Inés Pujol-Paredes,ines.pujol.paredes847@icloud.com,Spain,2025-03-04,Standard,270.69
848,Célina Hoarau,celina.hoarau848@outlook.com,France,2021-02-06,Premium,2948.2
849,Mercedes Petrassi-Sauli,mercedes.petrassi.sauli849@outlook.com,Italy,2021-06-09,Standard,536.98
850,Mr Stanley Robinson,mr.stanley.robinson850@gmail.com,United Kingdom,2022-03-03,Standard,893.57
851,Nitesh Raghavan,nitesh.raghavan851@outlook.com,India,2026-07-20,Premium,2897.39
852,Nisa van Dam,nisa.van.dam852@hotmail.com,Netherlands,2021-11-21,Premium,1710.85
853,Mrs. Kristen Reyes,mrs.kristen.reyes853@proton.me,United States,2024-11-21,Standard,743.15
854,Arthur Maillot-Lefebvre,arthur.maillot.lefebvre854@outlook.com,France,2025-05-19,Standard,741.92
855,Melissa Fisher,melissa.fisher855@icloud.com,United Kingdom,2021-03-21,Premium,3044.52
856,Sara Gonçalves,sara.goncalves856@yahoo.com,Brazil,2026-01-15,Premium,3514.12
857,Madhavi Lanka,madhavi.lanka857@proton.me,India,2020-11-04,Basic,598.47
858,Bhavika Sampath,bhavika.sampath858@icloud.com,India,2026-06-29,Standard,1123.56
859,Katie Suarez,katie.suarez859@icloud.com,Japan,2022-12-03,Standard,1797.9
860,Dipl.-Ing. Abdullah Krebs,dipl.ing.abdullah.krebs860@yahoo.com,Germany,2024-02-07,Standard,1620.87
861,Mohammed Gupta,mohammed.gupta861@outlook.com,India,2021-07-02,Standard,992.18
862,Mrs Victoria Tucker,mrs.victoria.tucker862@icloud.com,United Kingdom,2020-02-13,Standard,1549.17
863,Isabelle Mosley,isabelle.mosley863@icloud.com,Netherlands,2021-11-10,Basic,119.75
864,Desiree Tyler,desiree.tyler864@icloud.com,United States,2026-05-06,Standard,1746.76
865,Crystal Robinson,crystal.robinson865@hotmail.com,Australia,2024-01-09,Premium,3617.45
866,Timothy Romero,timothy.romero866@outlook.com,United States,2024-02-22,Standard,1253.17
867,Kelly Donovan,kelly.donovan867@outlook.com,Canada,2024-05-08,Standard,900.16
868,Diane Evans,diane.evans868@proton.me,United States,2023-08-20,Premium,4383.23
869,Teerth Bhardwaj,teerth.bhardwaj869@outlook.com,India,2022-12-14,Standard,1090.76
870,Keith Kaur-Lee,keith.kaur.lee870@hotmail.com,United Kingdom,2024-02-05,Standard,1632.07
871,Yvonne Burns,yvonne.burns871@outlook.com,United States,2024-03-21,Basic,175.46
872,Ursula Ziegert,ursula.ziegert872@outlook.com,Germany,2025-06-17,Basic,623.84
873,Joshua Reed,joshua.reed873@yahoo.com,United States,2024-12-06,Premium,1085.23
874,Dipta Bhandari,dipta.bhandari874@yahoo.com,India,2021-09-07,Premium,2140.22
875,Henriette-Geneviève Robert,henriette.genevieve.robert875@gmail.com,France,2022-08-01,Standard,694.87
876,Kimberly Gibson,kimberly.gibson876@proton.me,United States,2025-05-15,Standard,1124.8
877,Vansha Thakkar,vansha.thakkar877@hotmail.com,India,2020-04-01,Standard,361.01
878,Dakshesh Trivedi,dakshesh.trivedi878@yahoo.com,India,2025-09-30,Premium,2917.4
879,Colin Terry,colin.terry879@outlook.com,United States,2022-01-07,Standard,819.0
880,Giustino Cilea,giustino.cilea880@proton.me,Italy,2020-03-17,Basic,516.38
881,Lucas van Venrooy,lucas.van.venrooy881@gmail.com,Netherlands,2022-06-06,Standard,1788.08
882,Natália Casa Grande,natalia.casa.grande882@yahoo.com,Brazil,2022-06-17,Basic,430.57
883,Rowan Brumleve,rowan.brumleve883@yahoo.com,Netherlands,2025-09-23,Standard,1344.91
884,Martyn Kennedy,martyn.kennedy884@hotmail.com,United Kingdom,2026-08-16,Premium,2199.38
885,Cynthia Rowe,cynthia.rowe885@gmail.com,United States,2022-04-08,Standard,1650.41
886,Thomas Lopez,thomas.lopez886@yahoo.com,France,2021-01-29,Premium,4135.95
887,Quincy Biswas,quincy.biswas887@icloud.com,India,2025-08-23,Basic,87.9
888,Wahab Raval,wahab.raval888@icloud.com,India,2026-01-17,Basic,630.45
889,Mark Perez,mark.perez889@proton.me,Australia,2024-11-02,Standard,761.12
890,Patrick Thornton,patrick.thornton890@icloud.com,United States,2024-10-23,Standard,1473.8
891,Shannon Jones,shannon.jones891@hotmail.com,Australia,2023-12-06,Standard,1373.3
892,Michael Lewis,michael.lewis892@proton.me,Australia,2026-06-17,Premium,1295.37
893,Eva Löchel MBA.,eva.lochel.mba893@yahoo.com,Germany,2020-12-09,Standard,1596.66
894,Donald Hübel-Harloff,,Germany,2020-01-23,Basic,557.86
895,Mike Allen,mike.allen895@gmail.com,Canada,2025-10-29,Premium,3221.82
896,Arthur David-Rémy,arthur.david.remy896@outlook.com,France,2024-08-01,Standard,405.38
897,Yatin Baral,yatin.baral897@outlook.com,India,2022-12-06,Basic,310.9
898,Nicola Brookes,nicola.brookes898@outlook.com,United Kingdom,2024-06-15,Basic,303.93
899,Timothy Duncan,timothy.duncan899@hotmail.com,Australia,2022-01-02,Standard,1065.6
900,Jasmin Alvarado,jasmin.alvarado900@outlook.com,United States,2026-06-24,Standard,1314.07
901,Richard Aguirre,richard.aguirre901@proton.me,Australia,2021-05-02,Basic,326.45
902,Pierre Gomez,pierre.gomez902@yahoo.com,France,2021-02-14,Standard,810.93
903,Mr Antony Kelly,mr.antony.kelly903@icloud.com,United Kingdom,2020-08-01,Premium,4368.91
904,Veronica Simpson,veronica.simpson904@gmail.com,United States,2021-08-18,Standard,1140.4
905,Jonathan Lawrence,jonathan.lawrence905@outlook.com,United States,2022-06-27,Standard,1154.9
906,Xavier-Patrick Benoit,xavier.patrick.benoit906@hotmail.com,France,2025-11-04,Standard,1739.82
907,Shelly Alexander,shelly.alexander907@yahoo.com,United States,2025-07-17,Standard,482.82
908,Oni Virk,oni.virk908@icloud.com,India,2023-03-17,Premium,3700.65
909,Michael Evans,michael.evans909@proton.me,Canada,2022-08-06,Standard,1262.14
910,Charlene Webb,charlene.webb910@proton.me,United Kingdom,2020-01-02,Basic,83.62
911,Joyce Bowen,joyce.bowen911@hotmail.com,United States,2023-12-17,Standard,818.99
912,Matthew Moore,matthew.moore912@gmail.com,United States,2020-10-08,Basic,395.98
913,Christelle Ramos-Masse,christelle.ramos.masse913@icloud.com,France,2026-07-15,Standard,1739.42
914,Wayne Morgan,wayne.morgan914@icloud.com,United States,2022-03-07,Standard,816.53
915,Marie Christian,marie.christian915@yahoo.com,United States,2024-07-25,Standard,1071.74
916,Paul Jones,paul.jones916@outlook.com,Canada,2021-04-24,Basic,670.78
917,Shannon James,shannon.james917@icloud.com,Japan,2022-10-21,Standard,1743.99
918,Zachary Ferrell,zachary.ferrell918@yahoo.com,Canada,2023-10-23,Basic,334.72
919,Klaus Wähner,klaus.wahner919@icloud.com,Germany,2020-04-22,Standard,575.4
920,Dr Dylan Morris,dr.dylan.morris920@yahoo.com,United Kingdom,2022-07-30,Basic,303.39
921,Amanda Simpson,amanda.simpson921@icloud.com,United Kingdom,2020-02-09,Basic,202.76
922,Mr Russell Jennings,mr.russell.jennings922@hotmail.com,United Kingdom,2023-11-01,Premium,4246.17
923,Peter-Michael Johann,peter.michael.johann923@outlook.com,Germany,2022-06-14,Basic,206.63
924,Giuseppe Renzi,giuseppe.renzi924@proton.me,Italy,2022-02-17,Standard,479.45
925,Brent Jordan,brent.jordan925@outlook.com,Australia,2022-04-26,Standard,1527.65
926,Davi Miguel da Cruz,davi.miguel.da.cruz926@outlook.com,Brazil,2021-09-30,Basic,105.92
927,Nathan Malone,nathan.malone927@proton.me,United States,2025-07-10,Standard,1411.0
928,Daniel Baker,daniel.baker928@gmail.com,Canada,2025-05-29,Standard,670.44
929,Amanda Jones,amanda.jones929@icloud.com,Japan,2023-01-30,Standard,1774.25
930,Bruno del Bou,bruno.del.bou930@outlook.com,Spain,2024-06-17,Standard,1101.5
931,Tammie Bright,tammie.bright931@hotmail.com,United States,2025-05-13,Basic,46.98
932,Mohammed Gill-Ali,mohammed.gill.ali932@proton.me,United Kingdom,2021-12-16,Standard,348.61
933,Shirley Suarez,shirley.suarez933@outlook.com,Canada,2020-02-04,Premium,1579.78
934,Advika Jayaraman,advika.jayaraman934@outlook.com,India,2024-01-21,Standard,578.51
935,Christopher Bass,christopher.bass935@yahoo.com,Canada,2023-01-08,Standard,1161.59
936,Harry Phillips,harry.phillips936@hotmail.com,United Kingdom,2024-10-02,Standard,1306.18
937,Mr Karl Carr,mr.karl.carr937@hotmail.com,United Kingdom,2023-02-19,Standard,1092.83
938,Dalia María Teresa Ojeda,dalia.maria.teresa.ojeda938@proton.me,Mexico,2022-07-25,Basic,511.55
939,Dani Kloppert,dani.kloppert939@icloud.com,Netherlands,2024-11-05,Basic,157.34
940,Lola Demmendaal,lola.demmendaal940@proton.me,Netherlands,2021-09-04,Standard,166.07
941,Andrei Sauer,andrei.sauer941@yahoo.com,Germany,2025-10-18,Standard,670.95
942,Prof. Trudi Radisch B.A.,prof.trudi.radisch.b.a942@outlook.com,Germany,2026-04-21,Basic,57.2
943,Jessica Garcia,jessica.garcia943@yahoo.com,United States,2020-09-02,Standard,569.58
944,Dra. Zoe da Luz,dra.zoe.da.luz944@gmail.com,Brazil,2025-01-16,Basic,200.34
945,Dr Jamie Ryan,dr.jamie.ryan945@icloud.com,United Kingdom,2022-11-21,Standard,829.41
946,Clive Rogers,clive.rogers946@proton.me,United Kingdom,2022-03-25,Standard,1222.28
947,Lisa Archer,lisa.archer947@outlook.com,Canada,2023-12-25,Standard,992.23
948,John Daniel,john.daniel948@hotmail.com,Australia,2020-11-17,Standard,622.76
949,William Lanka,william.lanka949@yahoo.com,India,2021-11-17,Standard,1682.14
950,Wolf-Dietrich Pechel,wolf.dietrich.pechel950@icloud.com,Germany,2026-05-30,Standard,1646.67
951,Shelia Wallace,shelia.wallace951@outlook.com,United States,2022-07-23,Standard,1227.47
952,Thérèse-Jacqueline Reynaud,therese.jacqueline.reynaud952@icloud.com,France,2024-06-07,Standard,884.08
953,Dra. Mariane Pacheco,dra.mariane.pacheco953@outlook.com,Brazil,2026-08-01,Standard,892.98
954,Stephanie Williams,stephanie.williams954@gmail.com,United States,2021-05-27,Basic,471.87
955,Lolita Orengo,lolita.orengo955@proton.me,Italy,2020-11-23,Standard,805.13
956,Elaine Brooks,elaine.brooks956@hotmail.com,United States,2026-02-24,Premium,3652.45
957,Aimee Montoya,aimee.montoya957@gmail.com,Canada,2021-03-01,Standard,406.2
958,Karan Mital,karan.mital958@hotmail.com,India,2023-06-21,Standard,1367.03
959,Simon Gotthard,simon.gotthard959@yahoo.com,Germany,2021-06-21,Standard,431.5
960,Joseph Knight,joseph.knight960@outlook.com,United States,2023-08-25,Basic,340.36
961,Carolyn Miller,carolyn.miller961@outlook.com,Japan,2026-02-24,Standard,1749.74
962,Élisabeth Gauthier,elisabeth.gauthier962@yahoo.com,France,2026-08-17,Standard,1191.23
963,Diya Bora,diya.bora963@icloud.com,India,2024-11-16,Standard,1205.22
964,Mr Nathan Brown,mr.nathan.brown964@outlook.com,United Kingdom,2025-05-26,Standard,1477.77
965,Konstantinos Börner,konstantinos.borner965@outlook.com,Germany,2024-08-15,Standard,650.9
966,Lisa Allen,lisa.allen966@yahoo.com,United States,2023-11-09,Standard,1032.91
967,Vincent Perret,vincent.perret967@hotmail.com,France,2025-05-08,Standard,1413.68
968,Jade van Mare,jade.van.mare968@icloud.com,Netherlands,2022-08-05,Basic,395.04
969,Briana Murray,briana.murray969@icloud.com,United States,2024-11-25,Standard,419.39
970,Victoria Garcia,victoria.garcia970@hotmail.com,Australia,2024-03-29,Standard,280.7
971,Tara Chaudhry,tara.chaudhry971@icloud.com,India,2023-01-18,Standard,1375.83
972,Zeynep Backer,zeynep.backer972@hotmail.com,Netherlands,2022-02-09,Basic,148.12
973,Suzanne Mills,suzanne.mills973@proton.me,United Kingdom,2025-02-08,Standard,599.02
974,Tanay Toor,tanay.toor974@yahoo.com,India,2023-08-06,Premium,983.64
975,Matthew Mcmillan,matthew.mcmillan975@yahoo.com,Canada,2021-02-22,Standard,356.31
976,Dipl.-Ing. Bruno Roskoth B.A.,dipl.ing.bruno.roskoth.b.a976@gmail.com,Germany,2022-08-11,Premium,854.48
977,David Smith,david.smith977@hotmail.com,United States,2023-06-30,Basic,361.42
978,Mr Bradley Parsons,mr.bradley.parsons978@proton.me,United Kingdom,2020-05-09,Standard,1541.85
979,Edoardo Tommaseo,edoardo.tommaseo979@gmail.com,Italy,2022-12-27,Basic,73.18
980,Lorenzo Butte,lorenzo.butte980@yahoo.com,Germany,2022-10-21,Basic,584.07
981,Stephanie Byrd,stephanie.byrd981@proton.me,United States,2022-10-16,Standard,1758.7
982,Jeremy Reed,jeremy.reed982@gmail.com,United States,2022-03-26,Standard,1422.14
983,Brian Rodriguez,brian.rodriguez983@yahoo.com,Canada,2025-04-20,Standard,1736.0
984,Tito Canals Coronado,tito.canals.coronado984@yahoo.com,Spain,2020-06-21,Basic,395.97
985,Margaret Coleman,margaret.coleman985@hotmail.com,United States,2023-05-08,Premium,4083.82
986,Maria Cecília Câmara,maria.cecilia.camara986@yahoo.com,Brazil,2021-04-07,Standard,866.37
987,Ryan Gonzalez,ryan.gonzalez987@outlook.com,United States,2026-07-22,Premium,3719.83
988,John Young,john.young988@gmail.com,United States,2026-07-08,Basic,345.81
989,Kevin Palla,kevin.palla989@outlook.com,India,2021-01-01,Standard,974.87
990,Pauline Bouchet,pauline.bouchet990@outlook.com,France,2020-09-02,Premium,3184.93
991,Anastasie Maillet,anastasie.maillet991@gmail.com,France,2021-05-30,Standard,672.62
992,Denise Jacobs,denise.jacobs992@proton.me,Canada,2023-11-23,Basic,321.14
993,Laura Haney,laura.haney993@proton.me,United States,2024-03-27,Standard,372.31
994,William Barrett,william.barrett994@hotmail.com,Japan,2024-11-27,Standard,1045.51
995,Univ.Prof. Lidia Rosemann,univ.prof.lidia.rosemann995@icloud.com,Germany,2022-02-03,Standard,684.07
996,Valeria Heß,valeria.he996@icloud.com,Germany,2026-03-21,Premium,2765.21
997,Mesut Trubin B.Eng.,mesut.trubin.b.eng997@outlook.com,Germany,2026-01-27,Standard,151.19
998,Yash Pingle,yash.pingle998@hotmail.com,India,2022-01-29,Basic,443.32
999,Marc Davies,marc.davies999@icloud.com,United Kingdom,2022-09-05,Standard,254.51
1000,Beatrice Bellini,beatrice.bellini1000@hotmail.com,Italy,2022-02-16,Standard,970.96
1001,Christina Walters,christina.walters1001@icloud.com,Canada,2023-03-05,Standard,1207.49
1002,Keith Jennings,keith.jennings1002@icloud.com,United States,2020-09-30,Premium,4269.86
1003,Amber Obrien,amber.obrien1003@gmail.com,United States,2022-04-07,Premium,1508.98
1004,Tanner Mitchell DDS,tanner.mitchell.dds1004@proton.me,United States,2024-05-10,Standard,1017.61
1005,Antoine Antoine,antoine.antoine1005@outlook.com,France,2020-07-20,Standard,1149.82
1006,Heather Fields,heather.fields1006@yahoo.com,United States,2025-07-05,Basic,586.65
1007,Ing. Hans-Theo Eigenwillig B.Eng.,ing.hans.theo.eigenwillig.b.eng1007@proton.me,Germany,2020-09-05,Standard,1376.74
1008,Megan Le,megan.le1008@outlook.com,Japan,2020-08-26,Basic,204.43
1009,Sara Fuller,sara.fuller1009@gmail.com,United States,2023-05-29,Premium,1598.83
1010,John Whitehead,john.whitehead1010@gmail.com,Canada,2022-08-04,Standard,462.61
1011,Anna Henderson,anna.henderson1011@yahoo.com,Canada,2026-05-23,Standard,445.18
1012,Gerald Hensley,gerald.hensley1012@hotmail.com,Australia,2021-03-08,Basic,414.18
1013,Catherine Menard,catherine.menard1013@proton.me,France,2024-10-15,Basic,137.6
1014,Maria Parker,maria.parker1014@hotmail.com,United States,2025-08-29,Standard,410.99
1015,Timoteo Porfirio Gaona Meléndez,timoteo.porfirio.gaona.melendez1015@hotmail.com,Mexico,2023-12-14,Basic,396.3
1016,Estela Aparicio Mata,estela.aparicio.mata1016@outlook.com,Mexico,2024-08-15,Basic,315.65
1017,Étienne du Joly,etienne.du.joly1017@icloud.com,France,2022-09-12,Standard,502.98
1018,Connor West,connor.west1018@proton.me,Australia,2022-11-06,Standard,896.47
1019,Eraldo Curatoli,eraldo.curatoli1019@gmail.com,Italy,2020-05-21,Basic,427.14
1020,Aaron Wise,aaron.wise1020@outlook.com,Canada,2020-01-27,Standard,516.11
1021,Thomas Monteiro,thomas.monteiro1021@gmail.com,Brazil,2023-02-04,Basic,370.11
1022,Deborah Figueroa,deborah.figueroa1022@icloud.com,Canada,2021-09-25,Premium,2503.37
1023,Kevin Oconnor,kevin.oconnor1023@outlook.com,United States,2024-02-12,Basic,193.65
1024,Edward Burgess,edward.burgess1024@outlook.com,United States,2021-01-11,Standard,1088.96
1025,Carlos Ryan,carlos.ryan1025@gmail.com,United States,2023-08-22,Basic,141.71
1026,Olivier van der Linden,olivier.van.der.linden1026@proton.me,Netherlands,2026-06-18,Basic,89.37
1027,Nakul Sarma,nakul.sarma1027@gmail.com,India,2026-06-18,Standard,1437.2
1028,Ruy Roca Bartolomé,ruy.roca.bartolome1028@outlook.com,Spain,2023-11-26,Basic,318.16
1029,Francisca Solé Ángel,francisca.sole.angel1029@gmail.com,Spain,2022-07-17,Basic,598.4
1030,Leonel Alberdi-Carbó,leonel.alberdi.carbo1030@proton.me,Spain,2024-04-15,Premium,2740.22
1031,Dr Stephen Clark,dr.stephen.clark1031@icloud.com,United Kingdom,2021-09-04,Standard,1301.32
1032,Kiara Mcintyre,kiara.mcintyre1032@proton.me,United States,2024-05-28,Basic,533.17
1033,Jessica Smith,jessica.smith1033@gmail.com,Canada,2022-06-28,Standard,1447.51
1034,Dawn Summers,dawn.summers1034@outlook.com,United States,2020-12-04,Standard,1379.77
1035,Stephen Mckee,stephen.mckee1035@outlook.com,Canada,2020-12-14,Standard,866.91
1036,Édith Lopes,edith.lopes1036@yahoo.com,France,2025-05-23,Standard,954.97
1037,Abhiram Mistry,abhiram.mistry1037@yahoo.com,India,2026-04-17,Standard,1363.85
1038,Dr. Paul Morgan,dr.paul.morgan1038@gmail.com,United States,2022-12-26,Basic,243.3
1039,Pili del Nieto,pili.del.nieto1039@gmail.com,Spain,2021-04-05,Standard,848.84
1040,Louise Jackson-Robinson,louise.jackson.robinson1040@outlook.com,United Kingdom,2023-11-12,Standard,189.94
1041,Michelle Anderson,michelle.anderson1041@outlook.com,United Kingdom,2024-12-16,Standard,876.76
1042,Eugenio Royo Cruz,eugenio.royo.cruz1042@yahoo.com,Spain,2022-03-28,Standard,407.39
1043,Jeanne Sanchez,jeanne.sanchez1043@gmail.com,France,2021-04-05,Basic,189.06
1044,Krish Lalla,krish.lalla1044@yahoo.com,India,2023-03-24,Premium,3367.04
1045,Victor Taylor,victor.taylor1045@hotmail.com,United States,2025-04-13,Premium,1573.34
1046,Sandra Aguilar,sandra.aguilar1046@yahoo.com,Canada,2026-02-16,Standard,576.79
1047,Freya Weitzel B.Sc.,freya.weitzel.b.sc1047@proton.me,Germany,2021-08-01,Standard,1252.63
1048,Miss Marion Butler,miss.marion.butler1048@proton.me,United Kingdom,2025-11-27,Premium,1430.18
1049,Kevin Cooper,kevin.cooper1049@proton.me,United Kingdom,2023-01-16,Premium,3222.6
1050,Shannon Ramsey,shannon.ramsey1050@hotmail.com,United States,2023-01-16,Standard,1656.23
1051,Neil Smith,neil.smith1051@gmail.com,United Kingdom,2020-03-19,Standard,1607.61
1052,Charlie Winter-Bennett,charlie.winter.bennett1052@hotmail.com,United Kingdom,2025-09-13,Basic,92.23
1053,Glenn Peters,glenn.peters1053@icloud.com,United Kingdom,2025-12-17,Premium,1535.84
1054,Ludovica Boccaccio-Pavanello,ludovica.boccaccio.pavanello1054@icloud.com,Italy,2020-03-29,Premium,4212.4
1055,Albert Chapman-Williams,albert.chapman.williams1055@hotmail.com,United Kingdom,2024-05-30,Basic,37.4
1056,Capucine Girard,capucine.girard1056@outlook.com,France,2023-05-23,Standard,1764.1
1057,Cameron Parker,cameron.parker1057@gmail.com,Canada,2022-11-21,Basic,626.02
1058,Norah Voortman,norah.voortman1058@gmail.com,Netherlands,2026-03-23,Basic,177.27
1059,Roger Johnson,roger.johnson1059@hotmail.com,United Kingdom,2021-07-16,Premium,2214.17
1060,Roberta Scialpi,roberta.scialpi1060@icloud.com,Italy,2022-07-20,Standard,1095.28
1061,Hermann Scholtz,hermann.scholtz1061@outlook.com,Germany,2023-09-10,Standard,367.42
1062,Hredhaan Dugal,hredhaan.dugal1062@icloud.com,India,2026-01-26,Standard,483.81
1063,Tracy Ballard,tracy.ballard1063@proton.me,United States,2025-11-15,Basic,315.29
1064,Richard Smith,richard.smith1064@yahoo.com,Japan,2026-05-02,Basic,239.31
1065,Rebecca Valencia,rebecca.valencia1065@proton.me,Canada,2021-04-29,Premium,3906.23
1066,Jordan Chambers,jordan.chambers1066@gmail.com,United States,2023-07-29,Basic,304.48
1067,Arndt Renner,arndt.renner1067@hotmail.com,Germany,2023-01-26,Premium,1495.35
1068,Lauren Carson,lauren.carson1068@gmail.com,United States,2022-12-29,Standard,1160.4
1069,Baghyawati Kade,baghyawati.kade1069@yahoo.com,India,2020-04-16,Standard,1285.43
1070,Janus Hettner B.A.,janus.hettner.b.a1070@icloud.com,Germany,2025-04-04,Basic,277.42
1071,Benicio Camargo,benicio.camargo1071@hotmail.com,Brazil,2025-04-24,Premium,1515.06
1072,Ashley Hall,ashley.hall1072@gmail.com,United States,2023-01-10,Basic,175.22
1073,Agathe Morin-Chrétien,agathe.morin.chretien1073@yahoo.com,France,2022-04-17,Premium,4230.28
1074,Gabriel Barraza,gabriel.barraza1074@icloud.com,Mexico,2025-06-29,Standard,1580.18
1075,Stephen Hoffman,stephen.hoffman1075@hotmail.com,Japan,2024-07-16,Basic,435.35
1076,Jake van Duvenvoirde,jake.van.duvenvoirde1076@proton.me,Netherlands,2023-07-05,Standard,1699.58
1077,Christine Wright,christine.wright1077@icloud.com,Canada,2025-11-21,Standard,1311.79
1078,Connie Brown,connie.brown1078@gmail.com,United States,2025-01-23,Standard,1598.32
1079,Susan Turner,susan.turner1079@yahoo.com,Japan,2025-10-25,Standard,1773.32
1080,Charles Shah,charles.shah1080@hotmail.com,United States,2025-10-15,Basic,674.75
1081,Johnathan Davis,johnathan.davis1081@hotmail.com,United States,2024-06-18,Basic,547.23
1082,Benjamin Peters,benjamin.peters1082@yahoo.com,United Kingdom,2024-09-26,Standard,1666.4
1083,Émile Cordier-Vallée,emile.cordier.vallee1083@yahoo.com,France,2025-03-13,Basic,329.9
1084,Frédérique Maréchal,frederique.marechal1084@gmail.com,France,2022-01-06,Basic,658.04
1085,Émile Gillet,emile.gillet1085@yahoo.com,France,2024-05-29,Standard,893.96
1086,Brandy Chavez,brandy.chavez1086@icloud.com,United States,2022-04-07,Basic,85.87
1087,Tina Gordon-Miles,tina.gordon.miles1087@proton.me,United Kingdom,2021-11-02,Basic,108.39
1088,Natalie Bautista,natalie.bautista1088@hotmail.com,United States,2024-01-26,Premium,3416.93
1089,Léon Aubry,leon.aubry1089@icloud.com,France,2021-10-16,Standard,778.0
1090,Donald Wright,donald.wright1090@outlook.com,Australia,2026-05-05,Basic,607.3
1091,Patrick Moore,patrick.moore1091@yahoo.com,United States,2022-01-02,Basic,59.63
1092,Miss Julia Clarke,miss.julia.clarke1092@proton.me,United Kingdom,2025-01-01,Standard,448.15
1093,Brett Burns,brett.burns1093@yahoo.com,Japan,2020-01-15,Standard,567.63
1094,Suse Bohnbach,suse.bohnbach1094@hotmail.com,Germany,2026-02-04,Basic,435.39
1095,Ing. Friedhelm Franke MBA.,ing.friedhelm.franke.mba1095@yahoo.com,Germany,2026-08-08,Standard,898.67
1096,Lore Söding,lore.soding1096@icloud.com,Germany,2020-01-27,Standard,1053.11
1097,Samar Lalla,samar.lalla1097@icloud.com,India,2022-04-30,Premium,1348.55
1098,Zayan Behl,zayan.behl1098@gmail.com,India,2021-08-18,Basic,475.22
1099,Emanuel Vieira,emanuel.vieira1099@outlook.com,Brazil,2023-09-18,Basic,58.1
1100,Meinolf Röhrdanz,meinolf.rohrdanz1100@yahoo.com,Germany,2021-10-22,Standard,1158.3
1101,Louise Briand,louise.briand1101@icloud.com,France,2026-06-02,Basic,144.76
1102,Valentina Spieß,valentina.spie1102@icloud.com,Germany,2024-01-15,Basic,87.86
1103,Dr Annette Morris,dr.annette.morris1103@outlook.com,United Kingdom,2024-04-01,Basic,536.95
1104,Mariana Peixoto,mariana.peixoto1104@gmail.com,Brazil,2023-04-14,Standard,351.34
1105,Matheus Garcia,matheus.garcia1105@outlook.com,Brazil,2025-11-28,Standard,496.24
1106,Trevor Johnson,trevor.johnson1106@gmail.com,United States,2021-03-23,Standard,1765.93
1107,Richard Henson,richard.henson1107@gmail.com,Canada,2025-06-04,Basic,433.23
1108,Jessica Callahan,jessica.callahan1108@proton.me,Australia,2023-03-22,Standard,1548.87
1109,Jeremy Sampson,jeremy.sampson1109@icloud.com,United States,2023-12-20,Basic,439.65
1110,Walter Eimer,walter.eimer1110@proton.me,Germany,2025-07-31,Standard,446.85
1111,Pallavi Malhotra,pallavi.malhotra1111@proton.me,India,2023-04-04,Basic,26.07
1112,Ariana Jennings,ariana.jennings1112@proton.me,United States,2021-04-28,Basic,164.95
1113,Aarush Nath,aarush.nath1113@hotmail.com,India,2024-08-22,Premium,2093.71
1114,Koen Adriaensdr,koen.adriaensdr1114@yahoo.com,Netherlands,2020-02-16,Standard,1288.53
1115,Vanessa Howard,vanessa.howard1115@gmail.com,United States,2023-06-14,Standard,1057.49
1116,Amber Kidd,amber.kidd1116@gmail.com,Australia,2023-09-27,Standard,1345.25
1117,Adweta Edwin,adweta.edwin1117@gmail.com,India,2021-12-20,Premium,3885.15
1118,Abril Lago Valle,abril.lago.valle1118@hotmail.com,Spain,2025-04-27,Basic,460.82
1119,Benita Döring,benita.doring1119@proton.me,Germany,2025-03-01,Basic,387.45
1120,Cheryl Pearce,cheryl.pearce1120@hotmail.com,United Kingdom,2020-08-17,Basic,227.06
1121,Véronique Meyer-Aubert,veronique.meyer.aubert1121@outlook.com,France,2026-03-24,Standard,493.63
1122,Franck Boyer de Letellier,franck.boyer.de.letellier1122@outlook.com,France,2020-09-28,Basic,214.31
1123,Colton Martinez,colton.martinez1123@hotmail.com,United States,2025-12-28,Basic,410.41
1124,Mrs Kathleen Hussain,mrs.kathleen.hussain1124@icloud.com,United Kingdom,2021-04-23,Basic,532.29
1125,Andrée Girard,andree.girard1125@outlook.com,France,2020-05-09,Standard,293.22
1126,Jordan Bates,jordan.bates1126@outlook.com,Japan,2025-01-25,Basic,229.27
1127,Marc Moore,marc.moore1127@yahoo.com,Canada,2021-04-04,Standard,211.7
1128,Linda Smith,linda.smith1128@gmail.com,United States,2024-12-22,Standard,1468.39
1129,Dana Martinez,dana.martinez1129@yahoo.com,Japan,2022-02-18,Standard,947.73
1130,Andrea Hubbard,andrea.hubbard1130@outlook.com,Japan,2023-09-02,Premium,4025.66
1131,Zeynep van Wijland,zeynep.van.wijland1131@icloud.com,Netherlands,2021-06-27,Standard,210.31
1132,Miss Joan Williams,miss.joan.williams1132@icloud.com,United Kingdom,2021-04-19,Premium,4249.65
1133,Valentine-Camille Laporte,valentine.camille.laporte1133@icloud.com,France,2020-12-22,Standard,1617.16
1134,Daniel Kane,daniel.kane1134@proton.me,United States,2023-07-03,Premium,3606.43
1135,Prisha Andra,prisha.andra1135@yahoo.com,India,2023-08-07,Standard,622.84
1136,Sharon Cherry,sharon.cherry1136@hotmail.com,Canada,2021-04-26,Standard,409.87
1137,Charles Lester,,United States,2026-04-11,Standard,490.85
1138,Kenneth Lewis,kenneth.lewis1138@outlook.com,United Kingdom,2023-01-15,Premium,3406.11
1139,Mr Hugh Cunningham,mr.hugh.cunningham1139@yahoo.com,United Kingdom,2021-12-02,Premium,3069.07
1140,Mohamed Parkinson,mohamed.parkinson1140@hotmail.com,United Kingdom,2020-07-26,Premium,2541.72
1141,Antoine Grégoire,antoine.gregoire1141@gmail.com,France,2024-04-20,Premium,2377.92
1142,Scott Thomas,scott.thomas1142@icloud.com,United States,2026-08-24,Standard,1288.71
1143,Franz-Peter Holzapfel-Schleich,franz.peter.holzapfel.schleich1143@outlook.com,Germany,2023-07-03,Standard,476.94
1144,Tracy House,tracy.house1144@icloud.com,Australia,2020-11-17,Basic,535.13
1145,Ortwin Karz B.A.,ortwin.karz.b.a1145@yahoo.com,Germany,2021-01-15,Basic,645.79
1146,Jolanda Niemeier,jolanda.niemeier1146@hotmail.com,Germany,2023-06-25,Standard,1321.86
1147,Thekla Birnbaum,thekla.birnbaum1147@yahoo.com,Germany,2022-07-05,Premium,4114.09
1148,David Thompson,david.thompson1148@outlook.com,United States,2024-05-24,Premium,4193.88
1149,Mrs Elaine Davies,mrs.elaine.davies1149@outlook.com,United Kingdom,2025-01-30,Standard,257.85
1150,Allison Smith,allison.smith1150@hotmail.com,United States,2025-03-04,Basic,215.52
1151,Sandra Kennedy,sandra.kennedy1151@icloud.com,United Kingdom,2021-06-05,Standard,819.38
1152,Éric Muller,eric.muller1152@gmail.com,France,2023-08-27,Standard,267.02
1153,Lesley Robinson,lesley.robinson1153@hotmail.com,United Kingdom,2024-06-29,Standard,543.65
1154,Cynthia Morris,cynthia.morris1154@yahoo.com,United States,2025-05-29,Standard,712.18
1155,Luca Guit,luca.guit1155@icloud.com,Netherlands,2024-10-31,Basic,318.86
1156,Carol Tucker,carol.tucker1156@icloud.com,Australia,2022-08-25,Premium,3277.54
1157,James Brown,james.brown1157@proton.me,Australia,2026-06-09,Basic,102.17
1158,Faqid Dixit,faqid.dixit1158@outlook.com,India,2026-03-23,Premium,2447.3
1159,Alan Murphy,alan.murphy1159@hotmail.com,United Kingdom,2020-10-12,Standard,1281.09
1160,Kala Divan,kala.divan1160@hotmail.com,India,2023-09-03,Standard,1239.27
1161,Anthony Harmon,anthony.harmon1161@yahoo.com,United States,2026-07-06,Basic,454.39
1162,Nichole Alvarez,nichole.alvarez1162@yahoo.com,United States,2021-09-03,Standard,630.98
1163,Joshua Barman,joshua.barman1163@hotmail.com,India,2022-03-12,Standard,1597.75
1164,Gerard Chamberlain,gerard.chamberlain1164@proton.me,United Kingdom,2023-06-01,Basic,657.26
1165,Antoinette Parent de la Antoine,antoinette.parent.de.la.antoine1165@outlook.com,France,2020-12-31,Standard,1158.96
1166,Sierra Johnson,sierra.johnson1166@yahoo.com,Canada,2023-04-19,Premium,4133.98
1167,Fortunata Visconti,fortunata.visconti1167@gmail.com,Italy,2026-04-12,Basic,267.49
1168,Nina Moura,nina.moura1168@gmail.com,Brazil,2022-08-21,Standard,1123.77
1169,Janya Baral,janya.baral1169@proton.me,India,2024-04-16,Standard,868.06
1170,Kayla Rodriguez,kayla.rodriguez1170@yahoo.com,United States,2025-04-29,Premium,2855.06
1171,Yuri Albuquerque,yuri.albuquerque1171@outlook.com,Brazil,2024-09-04,Premium,4490.59
1172,Roland Hoarau,roland.hoarau1172@yahoo.com,France,2020-02-17,Premium,858.12
1173,Alice-Audrey Humbert,alice.audrey.humbert1173@hotmail.com,France,2024-11-23,Basic,116.65
1174,Theresa Williams,theresa.williams1174@hotmail.com,United States,2025-02-10,Basic,494.39
1175,José Luis Camino Martín,jose.luis.camino.martin1175@icloud.com,Spain,2022-01-06,Standard,849.81
1176,Sam van de Noordmark,sam.van.de.noordmark1176@hotmail.com,Netherlands,2023-12-26,Standard,850.87
1177,Sharon Boyd,sharon.boyd1177@hotmail.com,United States,2022-08-27,Basic,206.74
1178,María Fernanda Flor,maria.fernanda.flor1178@icloud.com,Spain,2024-02-12,Premium,940.1
1179,Manfred Löchel,manfred.lochel1179@outlook.com,Germany,2021-04-08,Standard,1736.87
1180,Victor Brown,victor.brown1180@proton.me,United States,2025-11-26,Basic,688.98
1181,William Baker,william.baker1181@hotmail.com,Australia,2025-10-18,Premium,4092.69
1182,James Parks,james.parks1182@hotmail.com,United States,2020-11-15,Standard,1039.68
1183,Evelyn Galvan,evelyn.galvan1183@icloud.com,Canada,2020-08-04,Basic,386.15
1184,Theodore Jones Jr.,theodore.jones.jr1184@hotmail.com,United States,2025-09-30,Basic,412.43
1185,Alex Hughes-Smith,alex.hughes.smith1185@outlook.com,United Kingdom,2023-04-21,Standard,208.29
1186,Glauco Cuéllar Abascal,glauco.cuellar.abascal1186@proton.me,Spain,2023-05-30,Basic,405.5
1187,Ana Hill,ana.hill1187@hotmail.com,United States,2026-06-26,Premium,990.99
1188,Raquel Ignacio Galindo,raquel.ignacio.galindo1188@proton.me,Mexico,2020-04-21,Standard,286.14
1189,Sharon Cochran,sharon.cochran1189@outlook.com,Canada,2022-10-29,Premium,1839.6
1190,Bruna Rodrigues,bruna.rodrigues1190@gmail.com,Brazil,2021-04-01,Standard,1651.72
1191,Jordan Henderson,jordan.henderson1191@proton.me,Australia,2025-01-03,Standard,439.41
1192,Whitney Peters,whitney.peters1192@yahoo.com,Australia,2025-06-09,Premium,2751.34
1193,Kimberly Nguyen,kimberly.nguyen1193@gmail.com,United States,2021-08-17,Standard,1505.84
1194,Juliana Vargas,juliana.vargas1194@hotmail.com,Brazil,2024-04-18,Standard,876.31
1195,Shivansh Krish,shivansh.krish1195@yahoo.com,India,2026-06-24,Basic,257.93
1196,Irya Ray,irya.ray1196@gmail.com,India,2020-08-03,Premium,2275.36
1197,Leigh Burgess,leigh.burgess1197@proton.me,United Kingdom,2025-12-21,Standard,1277.79
1198,Mr Phillip Lloyd,mr.phillip.lloyd1198@outlook.com,United Kingdom,2021-08-17,Standard,867.31
1199,Dr Peter Bevan,dr.peter.bevan1199@hotmail.com,United Kingdom,2024-04-13,Standard,1736.91
1200,Margaux-Josette Martins,margaux.josette.martins1200@gmail.com,France,2021-02-02,Basic,455.26
1201,Damiano Valier,damiano.valier1201@hotmail.com,Italy,2023-01-21,Standard,590.69
1202,Kerry Chavez DDS,kerry.chavez.dds1202@proton.me,United States,2026-07-20,Standard,1425.7
1203,Brittney Phillips,brittney.phillips1203@proton.me,Australia,2026-08-08,Basic,375.97
1204,Isabelle Aubry,isabelle.aubry1204@yahoo.com,France,2023-07-07,Standard,1260.12
1205,Manuela Camargo,manuela.camargo1205@gmail.com,Brazil,2024-08-11,Premium,1184.46
1206,Angela Adler,angela.adler1206@yahoo.com,Germany,2023-03-06,Standard,206.17
1207,Warjas Gaba,warjas.gaba1207@gmail.com,India,2026-08-30,Standard,1528.51
1208,Massimiliano Caracciolo-Magrassi,massimiliano.caracciolo.magrassi1208@proton.me,Italy,2021-05-13,Basic,105.98
1209,Pedro Henrique Castro,pedro.henrique.castro1209@yahoo.com,Brazil,2024-03-19,Standard,1634.83
1210,Richard Rodriguez,richard.rodriguez1210@yahoo.com,Canada,2021-03-30,Standard,568.0
1211,Patricia Ehlert,patricia.ehlert1211@gmail.com,Germany,2025-01-31,Basic,211.56
1212,Cathleen Weihmann,cathleen.weihmann1212@proton.me,Germany,2023-08-17,Standard,1438.21
1213,Michael Farrell,michael.farrell1213@gmail.com,United States,2024-04-16,Standard,1793.33
1214,Patricia Le,patricia.le1214@outlook.com,United States,2021-12-29,Standard,961.34
1215,Etelvina Laura Aliaga Caparrós,etelvina.laura.aliaga.caparros1215@icloud.com,Spain,2024-05-27,Premium,2620.61
1216,Jesse Perez,jesse.perez1216@hotmail.com,United States,2022-06-13,Standard,325.31
1217,Kordula Trapp MBA.,kordula.trapp.mba1217@outlook.com,Germany,2021-02-27,Premium,1060.53
1218,Christelle Leconte,christelle.leconte1218@hotmail.com,France,2020-03-17,Basic,125.48
1219,Nitara Bakshi,nitara.bakshi1219@gmail.com,India,2024-05-18,Standard,1305.09
1220,Jesse Perry,jesse.perry1220@icloud.com,Japan,2020-01-16,Standard,1700.85
1221,Bertram Bruder,bertram.bruder1221@hotmail.com,Germany,2024-07-12,Basic,552.13
1222,Lauren Daniels,lauren.daniels1222@icloud.com,Australia,2022-07-14,Premium,4330.37
1223,Dani de Bont-Koeman,dani.de.bont.koeman1223@hotmail.com,Netherlands,2021-05-11,Standard,1692.82
1224,Mr Julian Browne,mr.julian.browne1224@proton.me,United Kingdom,2023-05-25,Standard,1193.25
1225,Diana Sansoni,diana.sansoni1225@gmail.com,Italy,2024-02-05,Standard,1735.53
1226,Jeffery Ortega,jeffery.ortega1226@hotmail.com,United States,2023-04-02,Standard,441.42
1227,Christian Leblanc,christian.leblanc1227@hotmail.com,United States,2022-02-21,Standard,793.67
1228,Ronald Davis,ronald.davis1228@proton.me,United States,2024-01-11,Standard,1610.6
1229,Jörn Beier-Koch II,jorn.beier.koch.ii1229@yahoo.com,Germany,2021-07-27,Premium,893.85
1230,Leonardo Reynoso,leonardo.reynoso1230@yahoo.com,Mexico,2025-06-26,Standard,1458.02
1231,Gaurangi Sabharwal,gaurangi.sabharwal1231@hotmail.com,India,2025-12-27,Basic,572.95
1232,Giuseppe Tasca,giuseppe.tasca1232@gmail.com,Italy,2020-05-31,Standard,707.24
1233,Michel Gomes de Petit,michel.gomes.de.petit1233@hotmail.com,France,2021-04-29,Standard,1228.85
1234,Shannon Walker,shannon.walker1234@proton.me,Canada,2026-01-06,Premium,2943.58
1235,Valeria Meléndez Heras,valeria.melendez.heras1235@gmail.com,Spain,2021-08-02,Standard,181.45
1236,Parker Cain,parker.cain1236@icloud.com,Japan,2020-07-06,Standard,1220.5
1237,Laurie Hoffman,laurie.hoffman1237@proton.me,United States,2020-07-23,Basic,579.0
1238,Bryan Gomez,bryan.gomez1238@icloud.com,United States,2021-11-30,Basic,68.17
1239,Micha Vegt,micha.vegt1239@gmail.com,Netherlands,2025-07-29,Standard,1165.79
1240,Nicole Parrish,nicole.parrish1240@yahoo.com,United States,2024-10-11,Standard,1529.23
1241,Amy Silva,amy.silva1241@hotmail.com,Australia,2023-08-21,Premium,3331.13
1242,Julia Torres,julia.torres1242@outlook.com,Canada,2022-05-23,Basic,425.33
1243,Brett Hill,brett.hill1243@gmail.com,United Kingdom,2023-01-26,Premium,2336.07
1244,Capucine Legrand,capucine.legrand1244@icloud.com,France,2021-11-06,Standard,1677.36
1245,Tracy Burke,tracy.burke1245@gmail.com,United States,2024-03-20,Basic,35.55
1246,Heinz-Dieter Eckbauer-Berger,heinz.dieter.eckbauer.berger1246@gmail.com,Germany,2020-01-30,Premium,1129.82
1247,Amara Dutta,amara.dutta1247@outlook.com,India,2024-08-31,Standard,1457.2
1248,Gretel Benthin,gretel.benthin1248@yahoo.com,Germany,2022-04-24,Premium,1802.51
1249,Denise Stoll,denise.stoll1249@yahoo.com,Germany,2021-12-15,Standard,212.07
1250,Kenneth Lewis,kenneth.lewis1250@hotmail.com,United States,2020-12-26,Standard,1441.26
1251,Joel Stephens,joel.stephens1251@gmail.com,United Kingdom,2026-04-03,Standard,343.89
1252,Crystal Johnson,crystal.johnson1252@gmail.com,Canada,2024-01-22,Basic,691.08
1253,Garrett Lin,garrett.lin1253@hotmail.com,Canada,2022-05-02,Standard,469.64
1254,Alyssa Heerkens-Wouters,alyssa.heerkens.wouters1254@proton.me,Netherlands,2025-04-27,Standard,413.6
1255,Dionisio Bermúdez Boada,dionisio.bermudez.boada1255@gmail.com,Spain,2024-01-31,Standard,867.21
1256,Dr Stewart Sharp,dr.stewart.sharp1256@hotmail.com,United Kingdom,2020-06-26,Premium,994.09
1257,Diana May,diana.may1257@yahoo.com,Canada,2020-04-29,Standard,341.51
1258,Courtney Rodriguez,courtney.rodriguez1258@proton.me,Japan,2024-12-26,Standard,687.85
1259,Holly Farmer,holly.farmer1259@proton.me,United States,2023-08-27,Standard,331.72
1260,Renee Bruce,renee.bruce1260@yahoo.com,United States,2024-08-16,Basic,278.48
1261,Sabrina Austin,sabrina.austin1261@hotmail.com,United States,2026-07-24,Standard,1619.31
1262,Allison Hickman,allison.hickman1262@icloud.com,United States,2025-02-06,Premium,2181.89
1263,Univ.Prof. Bernd-Dieter Klapp MBA.,univ.prof.bernd.dieter.klapp.mba1263@yahoo.com,Germany,2024-01-08,Basic,161.49
1264,Debra White,debra.white1264@proton.me,United States,2026-05-18,Premium,1305.06
1265,Agatha Silveira,agatha.silveira1265@hotmail.com,Brazil,2024-09-09,Premium,2071.23
1266,Ellen Morgan,ellen.morgan1266@icloud.com,Japan,2021-10-04,Basic,455.65
1267,Lavanya Barad,lavanya.barad1267@yahoo.com,India,2026-06-25,Basic,602.13
1268,Sergio Knight,sergio.knight1268@icloud.com,United States,2025-06-26,Basic,171.1
1269,Vincenzo Hellwig-Fröhlich,vincenzo.hellwig.frohlich1269@hotmail.com,Germany,2023-02-17,Premium,2384.01
1270,Charles Schultz,charles.schultz1270@yahoo.com,Japan,2023-09-02,Standard,516.97
1271,Sabina Bayón Casas,sabina.bayon.casas1271@yahoo.com,Spain,2026-06-07,Basic,307.0
1272,Paul Lewis,paul.lewis1272@hotmail.com,United States,2025-08-27,Premium,2765.15
1273,Dipl.-Ing. Aleksandr Gieß,dipl.ing.aleksandr.gie1273@proton.me,Germany,2021-02-05,Standard,546.84
1274,William Herrera,william.herrera1274@gmail.com,Canada,2024-07-23,Basic,114.58
1275,Allan Burke,allan.burke1275@proton.me,United Kingdom,2021-01-06,Premium,3275.43
1276,Glen Wood,glen.wood1276@hotmail.com,United States,2026-05-25,Basic,41.48
1277,Radmila Langern,radmila.langern1277@yahoo.com,Germany,2024-07-18,Premium,4024.74
1278,Tristan Iyengar,tristan.iyengar1278@proton.me,India,2020-01-06,Basic,72.72
1279,Paula Bradley,paula.bradley1279@outlook.com,Japan,2025-12-14,Premium,2375.84
1280,Anthony Moore,anthony.moore1280@icloud.com,United States,2026-01-30,Standard,491.79
1281,Frédérique Guillou-Aubry,frederique.guillou.aubry1281@icloud.com,France,2023-10-07,Basic,62.0
1282,Tonino Canali,tonino.canali1282@proton.me,Italy,2024-01-30,Basic,99.9
1283,Francis Bartlett,francis.bartlett1283@icloud.com,United Kingdom,2020-06-16,Standard,439.19
1284,Ashley Waller,ashley.waller1284@gmail.com,Canada,2026-04-15,Basic,163.18
1285,Gabino Clara Gurule,gabino.clara.gurule1285@yahoo.com,Mexico,2026-01-19,Premium,2570.43
1286,Narciso Talavera Dalmau,narciso.talavera.dalmau1286@icloud.com,Spain,2022-05-09,Basic,538.6
1287,Frank Power-Mitchell,frank.power.mitchell1287@outlook.com,United Kingdom,2025-08-24,Standard,607.29
1288,Megan Nelson,megan.nelson1288@outlook.com,United States,2025-01-27,Standard,1019.03
1289,Karla Ramos,karla.ramos1289@proton.me,United States,2025-12-18,Standard,1029.21
1290,Dr Elliot Jones,dr.elliot.jones1290@icloud.com,United Kingdom,2024-02-16,Basic,663.12
1291,Evie Cornelisse,evie.cornelisse1291@gmail.com,Netherlands,2022-02-10,Basic,334.07
1292,Paul Wilson,paul.wilson1292@yahoo.com,United States,2023-03-27,Basic,76.94
1293,Douglas Gregory,douglas.gregory1293@gmail.com,United States,2021-08-29,Standard,1593.74
1294,Victor Baker,victor.baker1294@proton.me,Canada,2020-04-02,Standard,1749.8
1295,Jeffrey Chandler,jeffrey.chandler1295@yahoo.com,Canada,2025-04-25,Standard,882.37
1296,Inaya Mody,inaya.mody1296@outlook.com,India,2022-02-13,Premium,4025.64
1297,Mr. Andrew Foster,mr.andrew.foster1297@icloud.com,United States,2023-10-07,Standard,715.61
1298,Udant Bajwa,udant.bajwa1298@outlook.com,India,2025-06-14,Standard,1299.82
1299,Sra. Sarah Teixeira,sra.sarah.teixeira1299@hotmail.com,Brazil,2025-02-18,Standard,367.72
1300,Sarah Moore,sarah.moore1300@yahoo.com,Australia,2022-11-30,Standard,763.64
1301,Valerie Williams,valerie.williams1301@gmail.com,United Kingdom,2021-08-30,Standard,902.28
1302,Aimee Turner,aimee.turner1302@yahoo.com,United States,2026-01-01,Standard,1755.79
1303,Thiago Caldeira,thiago.caldeira1303@proton.me,Brazil,2021-09-20,Premium,1232.59
1304,Ing. Frida Viera,ing.frida.viera1304@icloud.com,Mexico,2021-06-02,Standard,759.96
1305,Chad Scott,chad.scott1305@proton.me,United States,2020-05-22,Standard,1763.74
1306,Adam Burgess,adam.burgess1306@hotmail.com,United States,2026-01-20,Basic,385.21
1307,James Padilla,james.padilla1307@gmail.com,United States,2024-07-15,Basic,543.75
1308,Giulietta Tomaselli-Filangieri,giulietta.tomaselli.filangieri1308@outlook.com,Italy,2021-10-01,Premium,3532.43
1309,Rodolfo Ozuna,rodolfo.ozuna1309@outlook.com,Mexico,2023-04-25,Standard,628.21
1310,Nico Cusano,nico.cusano1310@icloud.com,Italy,2021-08-25,Basic,516.77
1311,Juan Luis Rocha-Galán,juan.luis.rocha.galan1311@outlook.com,Spain,2021-04-05,Basic,632.62
1312,Sandra Drake,sandra.drake1312@icloud.com,United States,2021-04-23,Standard,812.69
1313,Letícia Porto,leticia.porto1313@hotmail.com,Brazil,2024-01-03,Premium,1003.62
1314,Mohini Narasimhan,mohini.narasimhan1314@icloud.com,India,2025-11-26,Standard,1693.85
1315,Scott Williams,scott.williams1315@gmail.com,United States,2020-12-08,Standard,885.01
1316,Jérôme Muller,jerome.muller1316@gmail.com,France,2025-09-27,Standard,959.27
1317,Ekaraj Mallick,ekaraj.mallick1317@icloud.com,India,2020-08-17,Basic,268.72
1318,Thomas Atkins,thomas.atkins1318@hotmail.com,United States,2024-02-23,Standard,170.11
1319,Gareth Henry-Goodwin,gareth.henry.goodwin1319@outlook.com,United Kingdom,2024-12-30,Basic,84.13
1320,Julien Jacquet-Barbier,julien.jacquet.barbier1320@hotmail.com,France,2024-08-29,Basic,219.83
1321,Tijmen Engels-Frankhuizen,tijmen.engels.frankhuizen1321@hotmail.com,Netherlands,2024-08-23,Premium,2972.57
1322,Laura Mckinney,laura.mckinney1322@yahoo.com,United States,2023-05-27,Standard,1581.42
1323,Estefanía Citlali Saucedo Salcido,estefania.citlali.saucedo.salcido1323@gmail.com,Mexico,2026-08-16,Basic,84.7
1324,Ing. Daniel Zirme B.Sc.,ing.daniel.zirme.b.sc1324@outlook.com,Germany,2024-08-24,Premium,2509.84
1325,Larry Dixon,larry.dixon1325@yahoo.com,Canada,2022-03-27,Premium,2212.55
1326,Kenneth Scott,kenneth.scott1326@gmail.com,Canada,2023-05-21,Basic,230.14
1327,April Frost,april.frost1327@hotmail.com,Canada,2022-07-08,Premium,809.05
1328,Brian Smith,brian.smith1328@proton.me,United States,2025-04-19,Premium,3263.88
1329,Simon Khan,simon.khan1329@yahoo.com,United Kingdom,2025-07-07,Basic,460.23
1330,Robert Montgomery,robert.montgomery1330@outlook.com,United States,2025-07-12,Basic,70.04
1331,Angela Lopez,angela.lopez1331@icloud.com,Australia,2025-05-22,Standard,1582.77
1332,Yashodhara Ratta,yashodhara.ratta1332@hotmail.com,India,2021-05-04,Standard,1359.38
1333,Tamara Davis,tamara.davis1333@outlook.com,United States,2021-10-29,Standard,391.13
1334,Steffi Bender-Möchlichen,steffi.bender.mochlichen1334@proton.me,Germany,2021-07-08,Standard,237.27
1335,Lorraine Faulkner,lorraine.faulkner1335@proton.me,United Kingdom,2023-12-29,Premium,1879.16
1336,Ayaan D’Alia,ayaan.dalia1336@gmail.com,India,2025-10-05,Premium,3123.71
1337,Megan Young,megan.young1337@icloud.com,Australia,2021-11-15,Standard,1589.53
1338,Renske Doornhem-van der Kint,renske.doornhem.van.der.kint1338@proton.me,Netherlands,2023-05-18,Standard,1301.65
1339,Kenneth Collins-Miles,kenneth.collins.miles1339@icloud.com,United Kingdom,2026-07-03,Standard,387.13
1340,Dana Chapman,dana.chapman1340@outlook.com,United States,2024-03-07,Basic,303.1
1341,Priscila de Mesa,priscila.de.mesa1341@yahoo.com,Spain,2021-02-23,Standard,980.58
1342,Fernanda Cassiano,fernanda.cassiano1342@icloud.com,Brazil,2025-11-23,Basic,505.97
1343,Madeleine Raymond,madeleine.raymond1343@gmail.com,France,2024-09-05,Standard,276.06
1344,Casper van Olst,casper.van.olst1344@gmail.com,Netherlands,2025-05-18,Standard,1290.23
1345,Jennifer Collins,jennifer.collins1345@hotmail.com,United States,2025-11-12,Basic,255.88
1346,Adrienne Le Dupré,adrienne.le.dupre1346@gmail.com,France,2021-04-30,Standard,1563.75
1347,Gary Jackson,gary.jackson1347@yahoo.com,United States,2023-06-13,Premium,1281.81
1348,Ashley Hicks,ashley.hicks1348@proton.me,United States,2021-04-02,Premium,3666.36
1349,Steve Sanchez,steve.sanchez1349@gmail.com,Australia,2022-03-15,Premium,3734.3
1350,Michelle Harmon,michelle.harmon1350@gmail.com,Canada,2025-04-05,Premium,1736.15
1351,Hannah Luna,hannah.luna1351@proton.me,United States,2020-02-12,Basic,553.1
1352,Nazaret Perea Ríos,nazaret.perea.rios1352@yahoo.com,Spain,2026-08-03,Basic,149.73
1353,Donald Sanderson,donald.sanderson1353@gmail.com,United Kingdom,2021-08-19,Basic,660.75
1354,Nicoletta Abate,nicoletta.abate1354@outlook.com,Italy,2023-12-13,Premium,2652.35
1355,Daniel Aubry,daniel.aubry1355@yahoo.com,France,2025-08-30,Standard,313.52
1356,Helen Jones,helen.jones1356@gmail.com,Canada,2025-12-06,Standard,466.05
1357,Anna McCarthy,anna.mccarthy1357@icloud.com,United Kingdom,2020-01-18,Basic,91.61
1358,Robin Young,robin.young1358@icloud.com,United States,2025-04-28,Standard,1122.48
1359,Dr. Rüdiger Mies B.Eng.,dr.rudiger.mies.b.eng1359@gmail.com,Germany,2022-01-10,Basic,687.38
1360,Roswitha Heidrich,roswitha.heidrich1360@icloud.com,Germany,2022-07-21,Standard,1406.33
1361,Mr Gerard Palmer,mr.gerard.palmer1361@hotmail.com,United Kingdom,2021-03-27,Standard,968.1
1362,Stacey Burns,stacey.burns1362@outlook.com,United Kingdom,2026-04-01,Basic,80.52
1363,Herr Maurizio Gröttner MBA.,herr.maurizio.grottner.mba1363@hotmail.com,Germany,2023-03-07,Standard,1364.69
1364,Bernard Bernier,bernard.bernier1364@hotmail.com,France,2022-07-14,Standard,629.47
1365,Sr. Vitor Hugo Vasconcelos,sr.vitor.hugo.vasconcelos1365@yahoo.com,Brazil,2020-10-12,Basic,566.64
1366,Jennifer Carrillo,jennifer.carrillo1366@outlook.com,Spain,2022-01-04,Premium,3294.39
1367,Colette Maillard-Carre,colette.maillard.carre1367@hotmail.com,France,2024-11-29,Standard,1266.26
1368,Craig Morrison,craig.morrison1368@hotmail.com,United States,2024-06-28,Standard,1762.99
1369,Lisa Barnes,lisa.barnes1369@yahoo.com,Australia,2020-09-22,Standard,478.49
1370,Mary Thompson,mary.thompson1370@hotmail.com,United States,2021-05-17,Standard,850.76
1371,Erna Bohnbach,erna.bohnbach1371@proton.me,Germany,2026-07-11,Standard,1397.9
1372,Hidde van der Brink,hidde.van.der.brink1372@hotmail.com,Netherlands,2023-12-29,Standard,1145.22
1373,Gina Segebahn,gina.segebahn1373@hotmail.com,Germany,2025-09-25,Standard,1417.2
1374,Kathleen Webster,kathleen.webster1374@outlook.com,United States,2025-06-27,Standard,1186.81
1375,Joann Glass,joann.glass1375@gmail.com,United States,2020-08-04,Basic,361.24
1376,Madison Weber,madison.weber1376@yahoo.com,United States,2024-04-16,Standard,689.48
1377,Dr Sara Morris,dr.sara.morris1377@icloud.com,United Kingdom,2021-01-29,Basic,471.23
1378,Erin Edwards,erin.edwards1378@hotmail.com,Canada,2025-03-23,Standard,1242.45
1379,Mariola Reising-Kabus,mariola.reising.kabus1379@outlook.com,Germany,2026-01-30,Standard,1568.46
1380,Michelle Evans,michelle.evans1380@gmail.com,Canada,2024-10-28,Basic,105.42
1381,Bogdan Heß,bogdan.he1381@hotmail.com,Germany,2024-12-17,Standard,204.22
1382,Jason Powell,jason.powell1382@outlook.com,Canada,2021-11-03,Standard,371.91
1383,Françoise Wagner Le Martins,francoise.wagner.le.martins1383@hotmail.com,France,2021-03-24,Standard,959.41
1384,Cameron Fisher,cameron.fisher1384@icloud.com,Canada,2026-06-01,Standard,1077.72
1385,Lori Hernandez,lori.hernandez1385@gmail.com,United States,2024-05-22,Standard,1125.22
1386,Josh Bartlett,josh.bartlett1386@proton.me,United Kingdom,2023-12-15,Basic,217.0
1387,Jeremy Turner,jeremy.turner1387@icloud.com,United States,2020-07-03,Premium,2155.72
1388,Yinthe Meyer,yinthe.meyer1388@icloud.com,Netherlands,2020-04-20,Basic,446.98
1389,Jamie Sharpe,jamie.sharpe1389@hotmail.com,United Kingdom,2023-11-14,Basic,303.05
1390,Anthony Romero,anthony.romero1390@yahoo.com,United States,2022-10-11,Standard,664.96
1391,Jesse Brown,jesse.brown1391@proton.me,United States,2020-09-25,Basic,102.27
1392,Angela Lin,angela.lin1392@icloud.com,United States,2023-08-28,Premium,3233.74
1393,Prof. Wolfgang Hettner,prof.wolfgang.hettner1393@icloud.com,Germany,2024-09-21,Standard,1298.33
1394,Pranav Lanka,pranav.lanka1394@outlook.com,India,2024-03-27,Standard,682.0
1395,Lisa Hunter,lisa.hunter1395@hotmail.com,United States,2021-02-13,Standard,489.75
1396,Bert Schenk,bert.schenk1396@proton.me,Germany,2023-10-22,Premium,1908.23
1397,Ida Staglieno,ida.staglieno1397@yahoo.com,Italy,2025-07-28,Standard,1757.28
1398,Julian Conner,julian.conner1398@icloud.com,United States,2022-05-26,Standard,228.43
1399,Amanda Carmona Corral,amanda.carmona.corral1399@hotmail.com,Mexico,2022-07-14,Standard,1730.6
1400,Philippe-Patrick Deschamps,philippe.patrick.deschamps1400@icloud.com,France,2021-01-23,Standard,601.05
1401,Megan Orr,megan.orr1401@icloud.com,Canada,2025-04-30,Standard,723.07
1402,Joanna Pacheco,joanna.pacheco1402@outlook.com,United States,2025-08-29,Basic,317.21
1403,Elizabeth Kelley,elizabeth.kelley1403@yahoo.com,Canada,2024-08-24,Standard,1181.19
1404,Ing. Monika Zimmer,ing.monika.zimmer1404@icloud.com,Germany,2022-01-09,Basic,448.79
1405,Dustin Jordan,dustin.jordan1405@yahoo.com,Canada,2026-06-20,Standard,1240.33
1406,Quinten Thout-de Vroege,quinten.thout.de.vroege1406@hotmail.com,Netherlands,2023-01-02,Basic,384.59
1407,Ikbal Saraf,ikbal.saraf1407@hotmail.com,India,2026-05-07,Basic,65.42
1408,Erica Alvarez,erica.alvarez1408@hotmail.com,United States,2021-08-28,Standard,1381.62
1409,Kelly Donovan,kelly.donovan1409@hotmail.com,Australia,2024-08-07,Standard,1519.85
1410,Antonio Garcia,antonio.garcia1410@yahoo.com,United States,2024-08-16,Standard,623.62
1411,Gwendolyn Klein,gwendolyn.klein1411@proton.me,United States,2022-08-25,Standard,337.37
1412,Carrie Wright,carrie.wright1412@yahoo.com,United States,2023-06-25,Standard,1073.71
1413,Ilonka auch Schlauchin,ilonka.auch.schlauchin1413@proton.me,Germany,2020-05-31,Standard,599.97
1414,Jeffrey Mills,jeffrey.mills1414@outlook.com,United States,2026-03-05,Premium,3954.33
1415,Costanzo Orsini,costanzo.orsini1415@hotmail.com,Italy,2020-03-22,Premium,4117.07
1416,Stephen McCarthy,stephen.mccarthy1416@outlook.com,United Kingdom,2020-09-17,Basic,299.73
1417,Declan Roberts,declan.roberts1417@proton.me,United Kingdom,2021-01-04,Standard,1535.69
1418,Agatha Peixoto,agatha.peixoto1418@yahoo.com,Brazil,2021-04-03,Standard,975.41
1419,Jake Campbell,jake.campbell1419@proton.me,United States,2026-07-05,Basic,653.8
1420,George Harper,george.harper1420@gmail.com,United States,2022-09-02,Standard,1425.76
1421,Jake Gray-Bell,jake.gray.bell1421@icloud.com,United Kingdom,2024-05-16,Basic,527.17
1422,Daniel de Neira,daniel.de.neira1422@yahoo.com,Spain,2021-08-13,Premium,1592.2
1423,Maria Jones,maria.jones1423@hotmail.com,United States,2022-11-07,Basic,62.75
1424,Mary Marshall,mary.marshall1424@proton.me,Canada,2021-04-07,Standard,849.24
1425,Benjamin Couturier,benjamin.couturier1425@outlook.com,France,2021-08-16,Standard,1330.86
1426,Josephine van den Brink,josephine.van.den.brink1426@gmail.com,Netherlands,2020-05-22,Basic,472.0
1427,Gino Bevilacqua-Giusti,gino.bevilacqua.giusti1427@proton.me,Italy,2022-09-08,Standard,784.74
1428,Dipta Sarin,dipta.sarin1428@proton.me,India,2024-01-26,Basic,487.54
1429,Daniel Kennedy,daniel.kennedy1429@yahoo.com,Canada,2024-12-17,Standard,1651.15
1430,Vincent Payne,vincent.payne1430@outlook.com,United Kingdom,2023-05-17,Premium,3844.02
1431,Michael Mitchell,michael.mitchell1431@yahoo.com,United States,2021-10-18,Basic,451.16
1432,Mary Escobar,mary.escobar1432@proton.me,Japan,2024-07-22,Basic,209.97
1433,Felicia Aguilar,felicia.aguilar1433@hotmail.com,United States,2025-04-13,Basic,650.39
1434,Mrs Patricia Graham,mrs.patricia.graham1434@hotmail.com,United Kingdom,2021-02-15,Basic,496.48
1435,Rebecca Jackson,rebecca.jackson1435@outlook.com,Canada,2024-09-19,Standard,1492.16
1436,Mike Allen,mike.allen1436@hotmail.com,Australia,2020-04-22,Basic,457.93
1437,Gregory Ponce,gregory.ponce1437@hotmail.com,United States,2021-07-11,Premium,1540.28
1438,Kate Clayton,kate.clayton1438@icloud.com,United Kingdom,2020-12-02,Premium,1723.53
1439,Laure Bertrand,laure.bertrand1439@proton.me,France,2021-06-16,Basic,487.88
1440,Charlotte Post-Niermann,charlotte.post.niermann1440@outlook.com,Netherlands,2025-01-23,Standard,1363.03
1441,Jenna Larson,jenna.larson1441@proton.me,United States,2026-08-26,Basic,564.68
1442,Emily Bennett,emily.bennett1442@hotmail.com,United States,2024-02-14,Premium,4042.64
1443,Aria Briccialdi,aria.briccialdi1443@icloud.com,Italy,2022-07-08,Premium,884.99
1444,Jose Schultz,jose.schultz1444@icloud.com,Canada,2022-07-25,Basic,682.54
1445,Robin Santiago,robin.santiago1445@proton.me,United States,2021-11-22,Premium,3086.61
1446,Lekha Gupta,lekha.gupta1446@yahoo.com,India,2020-12-30,Basic,139.83
1447,Robert Potter,robert.potter1447@gmail.com,Canada,2025-11-23,Standard,1667.98
1448,Hans-Josef Rust,hans.josef.rust1448@proton.me,Germany,2025-07-17,Premium,3440.19
1449,Nancy Jennings,nancy.jennings1449@outlook.com,United States,2023-03-25,Basic,282.9
1450,Ferdinand Beyer MBA.,ferdinand.beyer.mba1450@yahoo.com,Germany,2022-06-01,Basic,216.0
1451,Jacques Pires,jacques.pires1451@hotmail.com,France,2022-01-08,Standard,390.81
1452,Janice Mills-Murphy,janice.mills.murphy1452@outlook.com,United Kingdom,2022-08-22,Standard,1647.09
1453,Dr Olivia Mitchell,dr.olivia.mitchell1453@proton.me,United Kingdom,2025-02-19,Premium,2534.86
1454,Maria Henderson,maria.henderson1454@proton.me,Japan,2024-06-16,Standard,1327.0
1455,Timothée Charles,timothee.charles1455@proton.me,France,2022-11-15,Premium,2860.9
1456,Jack White,jack.white1456@yahoo.com,United States,2025-04-12,Basic,697.8
1457,Macario Grau Giménez,macario.grau.gimenez1457@icloud.com,Spain,2020-07-05,Premium,2666.81
1458,Dr Malcolm Lee,dr.malcolm.lee1458@hotmail.com,United Kingdom,2024-02-28,Premium,4101.24
1459,Travis Tucker,travis.tucker1459@yahoo.com,United States,2022-12-02,Premium,2623.51
1460,John Morris,john.morris1460@hotmail.com,United Kingdom,2021-06-24,Premium,3427.95
1461,Johan Renner,johan.renner1461@outlook.com,Germany,2021-04-23,Standard,1764.55
1462,Hans-Christian Losekann B.Sc.,hans.christian.losekann.b.sc1462@outlook.com,Germany,2024-01-16,Basic,215.97
1463,Chad Jones,chad.jones1463@icloud.com,Japan,2022-12-16,Standard,869.03
1464,Ashley Wise,ashley.wise1464@proton.me,United States,2025-07-05,Basic,127.1
1465,Dr. Antony Camargo,dr.antony.camargo1465@proton.me,Brazil,2024-12-07,Premium,1349.9
1466,Sophia Johnson,sophia.johnson1466@gmail.com,United States,2025-04-10,Standard,1314.84
1467,Luitgard Johann,luitgard.johann1467@hotmail.com,Germany,2020-06-16,Standard,1781.55
1468,Courtney Gonzalez,courtney.gonzalez1468@hotmail.com,Canada,2025-07-12,Premium,3463.13
1469,Ralph Anderson,ralph.anderson1469@outlook.com,United States,2021-01-18,Standard,618.79
1470,Dr. Isaque Araújo,dr.isaque.araujo1470@proton.me,Brazil,2025-09-14,Basic,405.19
1471,Matthieu Courtois,matthieu.courtois1471@yahoo.com,France,2026-07-18,Basic,27.78
1472,Michael Evans,michael.evans1472@yahoo.com,Australia,2024-09-01,Basic,191.16
1473,Osman Jacob,osman.jacob1473@gmail.com,Germany,2023-09-08,Premium,3320.86
1474,Adrienne Marie,adrienne.marie1474@hotmail.com,France,2024-03-10,Standard,1719.51
1475,Bruno Barros,bruno.barros1475@yahoo.com,Brazil,2020-04-28,Premium,3873.59
1476,Chaitanya Sarin,chaitanya.sarin1476@hotmail.com,India,2023-01-08,Standard,159.58
1477,Sig.ra Antonia Tutino,sig.ra.antonia.tutino1477@proton.me,Italy,2025-01-29,Standard,1357.05
1478,Paul Jones,paul.jones1478@icloud.com,Australia,2021-06-13,Standard,230.33
1479,Zinal Yohannan,zinal.yohannan1479@outlook.com,India,2020-08-15,Basic,394.33
1480,Januja Sankar,januja.sankar1480@gmail.com,India,2024-06-21,Standard,546.13
1481,Zachary Ferrell,zachary.ferrell1481@hotmail.com,Australia,2020-12-31,Premium,1570.42
1482,Melanie Wilson,melanie.wilson1482@hotmail.com,United Kingdom,2023-03-13,Standard,1724.81
1483,Christopher Guerra,christopher.guerra1483@outlook.com,United States,2025-07-03,Basic,521.73
1484,Andrés Felipe Barral Granados,andres.felipe.barral.granados1484@proton.me,Spain,2021-06-21,Standard,308.58
1485,Gail Thomas,gail.thomas1485@yahoo.com,United Kingdom,2025-06-28,Standard,790.35
1486,Rhonda Martin,rhonda.martin1486@icloud.com,United States,2024-09-28,Premium,2363.38
1487,Catherine Ryan,catherine.ryan1487@yahoo.com,United Kingdom,2024-11-13,Standard,303.36
1488,David Alvarez,david.alvarez1488@hotmail.com,Canada,2022-07-07,Standard,1327.5
1489,Víctor Angulo Murillo,victor.angulo.murillo1489@icloud.com,Spain,2025-11-19,Premium,2532.41
1490,Jason Rhodes,jason.rhodes1490@hotmail.com,United States,2023-05-15,Premium,1272.82
1491,Jeremy Mitchell,jeremy.mitchell1491@yahoo.com,Japan,2025-11-12,Standard,1088.08
1492,Angel Perry,angel.perry1492@gmail.com,Canada,2025-10-03,Premium,2372.18
1493,Joann Ferguson,,United States,2026-05-17,Basic,264.93
1494,Ganga Murthy,ganga.murthy1494@icloud.com,India,2020-03-07,Premium,3247.84
1495,Robert Harrison,robert.harrison1495@yahoo.com,United States,2024-05-28,Premium,2340.13
1496,Denis Morvan,denis.morvan1496@outlook.com,France,2026-08-02,Basic,536.21
1497,Marica Lange,marica.lange1497@outlook.com,Germany,2023-10-30,Basic,613.16
1498,Holly Valentine,holly.valentine1498@yahoo.com,United States,2020-11-16,Basic,432.74
1499,Mrs. Diane Reyes,mrs.diane.reyes1499@gmail.com,Japan,2024-11-11,Standard,159.65
1500,Tracy Montoya,tracy.montoya1500@yahoo.com,United States,2025-05-08,Standard,818.4
1501,Charita Tripathi,charita.tripathi1501@proton.me,India,2025-06-16,Standard,1491.67
1502,Nilima Narain,nilima.narain1502@proton.me,India,2024-06-05,Basic,84.15
1503,Brenda Wright,brenda.wright1503@yahoo.com,United States,2021-04-03,Basic,494.82
1504,Shelly Spencer,shelly.spencer1504@gmail.com,United States,2022-05-07,Standard,389.5
1505,Ryan Rosales,ryan.rosales1505@proton.me,United States,2026-01-15,Premium,1913.4
1506,Helen Textor,helen.textor1506@hotmail.com,Germany,2024-09-24,Premium,1414.59
1507,Phillip Nelson,phillip.nelson1507@proton.me,United States,2024-12-28,Basic,343.26
1508,Sra. Ana Lívia Teixeira,sra.ana.livia.teixeira1508@icloud.com,Brazil,2022-09-20,Standard,1089.56
1509,Carolina Cardoso,carolina.cardoso1509@gmail.com,Brazil,2023-09-29,Premium,3132.52
1510,Julien Guillon,julien.guillon1510@hotmail.com,France,2025-07-23,Basic,427.19
1511,Cheyenne Horton,cheyenne.horton1511@outlook.com,Canada,2020-05-31,Standard,952.07
1512,Chakrika Datta,chakrika.datta1512@icloud.com,India,2025-06-21,Standard,250.16
1513,Brittany Kim,brittany.kim1513@icloud.com,United States,2023-07-17,Standard,591.95
1514,Osha Raghavan,osha.raghavan1514@hotmail.com,India,2021-04-23,Standard,1699.29
1515,Dorothy Wyatt,dorothy.wyatt1515@proton.me,United Kingdom,2024-11-21,Premium,1865.64
1516,Courtney Hayes,courtney.hayes1516@outlook.com,United States,2024-11-29,Standard,512.51
1517,Alexander Brown,alexander.brown1517@outlook.com,Japan,2025-04-02,Premium,1885.56
1518,Claudine Perret-Rodriguez,claudine.perret.rodriguez1518@hotmail.com,France,2024-01-15,Basic,564.83
1519,Olívia Novaes,,Brazil,2022-04-28,Standard,1386.27
1520,Honoré Marchal,honore.marchal1520@yahoo.com,France,2021-12-10,Premium,3041.27
1521,Cynthia Vang,cynthia.vang1521@hotmail.com,United States,2025-07-15,Standard,495.56
1522,Alfred Galvan,alfred.galvan1522@gmail.com,United States,2024-01-09,Basic,266.0
1523,Marie Moody,marie.moody1523@icloud.com,United States,2020-05-10,Basic,252.97
1524,Dustin Gallegos,dustin.gallegos1524@yahoo.com,United States,2021-05-09,Standard,952.5
1525,Luisa Rubén Barela,luisa.ruben.barela1525@outlook.com,Mexico,2020-07-10,Basic,400.99
1526,Brenda Thornton,brenda.thornton1526@proton.me,Japan,2025-10-12,Standard,321.83
1527,Aaron Miller,aaron.miller1527@hotmail.com,United States,2025-02-15,Basic,535.14
1528,Juana Ybarra,juana.ybarra1528@icloud.com,Mexico,2021-02-21,Basic,53.33
1529,Ruben Dunn,ruben.dunn1529@proton.me,United States,2021-04-28,Basic,639.92
1530,Kelsey Rodriguez,kelsey.rodriguez1530@outlook.com,United States,2024-12-13,Basic,361.41
1531,Eric Williams,eric.williams1531@yahoo.com,Japan,2024-01-29,Standard,377.32
1532,João Moura,joao.moura1532@hotmail.com,Brazil,2024-08-29,Basic,29.45
1533,Mariana Cunha,mariana.cunha1533@hotmail.com,Brazil,2023-10-30,Standard,432.58
1534,Riley Bryant,riley.bryant1534@proton.me,United States,2024-08-26,Standard,1247.24
1535,Taylor Carlson,taylor.carlson1535@icloud.com,United States,2024-09-23,Basic,118.15
1536,Kreszentia Eckbauer,kreszentia.eckbauer1536@hotmail.com,Germany,2025-02-22,Basic,373.4
1537,Joseph Lacroix,joseph.lacroix1537@gmail.com,France,2024-12-17,Premium,836.81
1538,Jelte Bierstraten,jelte.bierstraten1538@gmail.com,Netherlands,2020-12-13,Standard,812.72
1539,Daniel Baker,daniel.baker1539@hotmail.com,Australia,2020-09-08,Standard,211.2
1540,José Ángel Gárate Lopez,jose.angel.garate.lopez1540@yahoo.com,Spain,2026-06-11,Premium,3136.95
1541,Xavier Henry-Monnier,xavier.henry.monnier1541@proton.me,France,2025-10-30,Basic,308.03
1542,Jose Allen,jose.allen1542@proton.me,Japan,2026-03-17,Basic,512.05
1543,Jenna Davies,jenna.davies1543@outlook.com,United Kingdom,2020-02-02,Basic,632.64
1544,Charvi Ravi,charvi.ravi1544@yahoo.com,India,2024-07-12,Standard,488.47
1545,David Douglas Jr.,david.douglas.jr1545@icloud.com,Canada,2024-12-16,Standard,1614.66
1546,Shirley Suarez,shirley.suarez1546@hotmail.com,Australia,2022-03-19,Basic,81.89
1547,Patricia Rodriguez,patricia.rodriguez1547@hotmail.com,Canada,2021-05-31,Standard,1042.3
1548,Jeffrey Mendez,jeffrey.mendez1548@icloud.com,United States,2026-03-10,Standard,712.17
1549,Daksha Mangat,daksha.mangat1549@gmail.com,India,2020-04-24,Basic,389.45
1550,Jason Beck,jason.beck1550@outlook.com,United States,2024-09-27,Basic,99.55
1551,William Jones,william.jones1551@outlook.com,United States,2022-11-29,Standard,734.88
1552,Katie Mcneil,katie.mcneil1552@proton.me,United States,2021-05-25,Standard,1094.52
1553,Jeanette Harrison,jeanette.harrison1553@outlook.com,United States,2022-08-25,Basic,692.58
1554,Christopher Rubio,christopher.rubio1554@proton.me,Canada,2025-12-24,Basic,182.84
1555,Raymond Hall,raymond.hall1555@proton.me,United Kingdom,2026-06-04,Standard,1328.68
1556,Amber Wright,amber.wright1556@yahoo.com,Canada,2021-03-07,Standard,1110.91
1557,Mehmet Muijs-Ansems,mehmet.muijs.ansems1557@outlook.com,Netherlands,2025-02-03,Premium,3433.07
1558,Quinn Cornelisz,quinn.cornelisz1558@gmail.com,Netherlands,2021-01-12,Premium,4087.48
1559,Hasso Stadelmann MBA.,hasso.stadelmann.mba1559@hotmail.com,Germany,2020-11-15,Standard,1018.32
1560,Qushi Nagy,qushi.nagy1560@icloud.com,India,2024-06-05,Basic,419.41
1561,Riya Sathe,riya.sathe1561@hotmail.com,India,2025-06-28,Basic,306.42
1562,Veronica King,veronica.king1562@icloud.com,United States,2021-06-04,Standard,905.23
1563,Dionigi Siffredi,dionigi.siffredi1563@icloud.com,Italy,2025-12-07,Premium,1586.78
1564,Prof. Karsten Jacobi Jäckel,prof.karsten.jacobi.jackel1564@proton.me,Germany,2021-10-04,Basic,274.3
1565,Dolores Iannuzzi,dolores.iannuzzi1565@icloud.com,Italy,2024-07-31,Premium,2167.47
1566,Sheila Thompson-Jenkins,sheila.thompson.jenkins1566@icloud.com,United Kingdom,2021-09-19,Premium,1928.22
1567,Kevin Hobbs-O'Brien,kevin.hobbs.o.brien1567@outlook.com,United Kingdom,2025-06-13,Premium,1328.62
1568,Christopher Bass,christopher.bass1568@hotmail.com,Australia,2020-07-18,Basic,230.99
1569,Michelle Whitehead-Murray,michelle.whitehead.murray1569@yahoo.com,United Kingdom,2025-06-25,Premium,2825.89
1570,Richard Cooper,richard.cooper1570@gmail.com,United States,2024-09-06,Standard,661.01
1571,Klothilde Ackermann-Jähn,klothilde.ackermann.jahn1571@outlook.com,Germany,2024-03-25,Standard,1338.06
1572,Yasti Solanki,yasti.solanki1572@yahoo.com,India,2025-08-29,Standard,1406.77
1573,Odette Legendre-Bouvet,odette.legendre.bouvet1573@yahoo.com,France,2023-08-25,Premium,3111.65
1574,Frado Mander,frado.mander1574@hotmail.com,India,2022-08-11,Basic,253.82
1575,Lori Ingram,lori.ingram1575@proton.me,United States,2024-12-19,Basic,460.99
1576,Gabriela Silva,gabriela.silva1576@proton.me,Brazil,2020-04-11,Standard,1463.66
1577,Georges Goncalves,georges.goncalves1577@icloud.com,France,2021-05-22,Standard,290.5
1578,Rosa Ramazzotti,rosa.ramazzotti1578@icloud.com,Italy,2026-06-20,Basic,671.17
1579,Joyce Solis,joyce.solis1579@hotmail.com,Canada,2025-08-20,Basic,106.19
1580,Clotilde Catalán Suárez,clotilde.catalan.suarez1580@yahoo.com,Spain,2020-03-18,Standard,489.58
1581,Beau Borman-Verheij,beau.borman.verheij1581@icloud.com,Netherlands,2024-12-24,Premium,2774.11
1582,Declan Walker,declan.walker1582@icloud.com,United Kingdom,2020-07-03,Standard,1690.85
1583,Dr Sandra Wallis,dr.sandra.wallis1583@yahoo.com,United Kingdom,2024-08-26,Premium,2753.24
1584,Terry Smith-Harrison,terry.smith.harrison1584@gmail.com,United Kingdom,2021-04-14,Basic,390.7
1585,Amelia Foster-O'Neill,amelia.foster.o.neill1585@yahoo.com,United Kingdom,2022-11-12,Basic,129.1
1586,Galasso Mazzacurati,galasso.mazzacurati1586@proton.me,Italy,2021-11-24,Premium,4356.16
1587,Evelyn Williams,evelyn.williams1587@proton.me,United States,2020-08-27,Standard,312.93
1588,Robin Thompson,robin.thompson1588@outlook.com,United States,2022-11-22,Standard,1515.77
1589,Julie Dominguez,julie.dominguez1589@yahoo.com,United States,2022-09-08,Basic,420.57
1590,Denise Losekann,denise.losekann1590@icloud.com,Germany,2024-04-26,Basic,206.77
1591,Michael Ward,michael.ward1591@icloud.com,United Kingdom,2024-07-25,Premium,906.95
1592,Girik Keer,girik.keer1592@gmail.com,India,2023-01-07,Standard,1117.18
1593,Robin Brown,robin.brown1593@icloud.com,United States,2021-05-29,Standard,821.13
1594,Judith Carter,judith.carter1594@proton.me,United States,2025-08-11,Standard,1747.05
1595,Miss Janet Lowe,miss.janet.lowe1595@yahoo.com,United Kingdom,2022-10-01,Standard,849.19
1596,Ruben del Ramírez,ruben.del.ramirez1596@hotmail.com,Spain,2020-06-20,Premium,2519.21
1597,Luka Pasman,luka.pasman1597@outlook.com,Netherlands,2021-11-16,Premium,4253.98
1598,Irmingard Margraf,irmingard.margraf1598@icloud.com,Germany,2022-10-24,Basic,281.6
1599,Mrs Anna Fuller,mrs.anna.fuller1599@proton.me,United Kingdom,2022-05-21,Standard,992.04
1600,Curtis Williams,curtis.williams1600@proton.me,United States,2025-12-27,Standard,646.05
1601,Alexandra Hunt,alexandra.hunt1601@gmail.com,United Kingdom,2021-07-26,Basic,699.2
1602,Kaylee Hays,kaylee.hays1602@yahoo.com,Japan,2025-08-29,Basic,239.86
1603,Lucas Laurent,lucas.laurent1603@outlook.com,France,2022-12-06,Basic,502.73
1604,Dawn Mullins,dawn.mullins1604@proton.me,United States,2023-08-10,Standard,908.67
1605,Umang Issac,umang.issac1605@gmail.com,India,2021-07-01,Standard,153.38
1606,Marietta Hamann MBA.,marietta.hamann.mba1606@gmail.com,Germany,2021-12-11,Standard,1627.19
1607,Jacques Bouchet,jacques.bouchet1607@hotmail.com,France,2026-01-13,Premium,4043.87
1608,Aryan Batra,aryan.batra1608@icloud.com,India,2020-05-06,Basic,575.84
1609,Univ.Prof. August Hölzenbecher,univ.prof.august.holzenbecher1609@gmail.com,Germany,2023-12-16,Basic,279.05
1610,Vaishnavi Bora,vaishnavi.bora1610@hotmail.com,India,2021-12-26,Basic,573.01
1611,Óliver Heredia,oliver.heredia1611@gmail.com,Mexico,2025-03-10,Standard,468.43
1612,Howard Norman,howard.norman1612@proton.me,United States,2020-03-22,Basic,484.37
1613,Grégoire Leroux-Boutin,gregoire.leroux.boutin1613@yahoo.com,France,2021-01-03,Basic,447.03
1614,Megan van Salmen,megan.van.salmen1614@yahoo.com,Netherlands,2022-08-17,Basic,677.93
1615,Evelyn Martinez,evelyn.martinez1615@hotmail.com,United States,2022-05-06,Premium,4441.78
1616,Oeshi Hayer,oeshi.hayer1616@gmail.com,India,2023-02-10,Standard,965.12
1617,Victoria Larson,victoria.larson1617@proton.me,Canada,2026-05-06,Standard,1144.9
1618,Steve Paul,steve.paul1618@icloud.com,United States,2021-06-09,Basic,111.02
1619,Asdrubal Caballero,asdrubal.caballero1619@yahoo.com,Spain,2025-11-12,Basic,210.17
1620,Murilo Rios,murilo.rios1620@gmail.com,Brazil,2025-12-22,Standard,1273.12
1621,Jasmine Beltran,jasmine.beltran1621@gmail.com,Japan,2024-10-15,Standard,1706.07
1622,Jonathan Glass MD,jonathan.glass.md1622@outlook.com,United States,2024-11-06,Basic,299.64
1623,Monica Miller,monica.miller1623@icloud.com,United States,2025-03-26,Standard,1003.47
1624,Samantha Gardner,samantha.gardner1624@proton.me,United States,2022-07-08,Premium,4198.05
1625,Stephanie Salazar,stephanie.salazar1625@outlook.com,Canada,2020-01-22,Standard,702.26
1626,Bobby Guerrero,bobby.guerrero1626@gmail.com,Japan,2022-07-13,Basic,311.08
1627,Lance Simmons,lance.simmons1627@yahoo.com,United States,2022-03-17,Premium,1949.98
1628,Warda Ratta,warda.ratta1628@gmail.com,India,2020-04-24,Standard,1483.3
1629,Manbir Ahluwalia,manbir.ahluwalia1629@proton.me,India,2023-10-01,Basic,191.83
1630,Antonie Weitzel,antonie.weitzel1630@outlook.com,Germany,2020-08-10,Basic,375.78
1631,Heather Williams,heather.williams1631@gmail.com,United States,2024-12-01,Basic,447.11
1632,Kathy Rivas,kathy.rivas1632@gmail.com,Canada,2020-09-05,Basic,279.74
1633,Heather Bolton,heather.bolton1633@proton.me,Japan,2020-09-23,Basic,66.85
1634,Marinus Huijzing-van Noort,marinus.huijzing.van.noort1634@gmail.com,Netherlands,2023-05-19,Standard,862.53
1635,William Gould,william.gould1635@gmail.com,United States,2026-04-09,Premium,3944.74
1636,Univ.Prof. Gero Hecker B.A.,univ.prof.gero.hecker.b.a1636@icloud.com,Germany,2024-08-10,Standard,1139.3
1637,Pavani Kanda,pavani.kanda1637@gmail.com,India,2025-01-31,Standard,1462.02
1638,Mark Cox,mark.cox1638@icloud.com,Japan,2021-02-18,Standard,1697.02
1639,Lisa Archer,lisa.archer1639@hotmail.com,Australia,2025-10-19,Standard,467.59
1640,Meghan Cisneros,meghan.cisneros1640@icloud.com,United States,2020-10-03,Standard,1537.29
1641,Lawrence Harrington,lawrence.harrington1641@yahoo.com,Japan,2025-09-15,Standard,844.66
1642,Laurent Morel,laurent.morel1642@hotmail.com,France,2022-01-31,Standard,1465.09
1643,Austin Osborne,austin.osborne1643@outlook.com,United States,2026-07-22,Standard,1733.57
1644,Aimee Montoya,aimee.montoya1644@outlook.com,Australia,2026-07-18,Basic,548.46
1645,James Bradley,james.bradley1645@outlook.com,United States,2023-11-05,Standard,1750.95
1646,Stephanie Manning,stephanie.manning1646@proton.me,Canada,2021-08-15,Premium,2676.3
1647,Maria Fernanda Macedo,maria.fernanda.macedo1647@gmail.com,Brazil,2024-09-24,Standard,1761.24
1648,Zarna Shetty,zarna.shetty1648@yahoo.com,India,2020-10-07,Standard,1251.97
1649,Geneviève Bourgeois,genevieve.bourgeois1649@hotmail.com,France,2023-09-18,Basic,407.12
1650,Bernard Goddard,bernard.goddard1650@outlook.com,United Kingdom,2024-09-10,Standard,323.0
1651,Meghan Rush,meghan.rush1651@gmail.com,Japan,2025-07-24,Standard,156.1
1652,Phillip Berry,phillip.berry1652@yahoo.com,United States,2025-03-25,Standard,544.38
1653,Matthew Mcmillan,matthew.mcmillan1653@outlook.com,Australia,2024-03-19,Standard,454.0
1654,Sr(a). Camila Terán,sr.a.camila.teran1654@outlook.com,Mexico,2020-02-10,Premium,911.07
1655,Jennifer Banks,jennifer.banks1655@outlook.com,United States,2024-12-08,Premium,2967.04
1656,Brian Rodriguez,brian.rodriguez1656@gmail.com,Australia,2020-05-01,Premium,1851.17
1657,Brian Fitzgerald,brian.fitzgerald1657@outlook.com,United States,2021-12-14,Standard,1064.93
1658,Mr. Justin Green III,mr.justin.green.iii1658@gmail.com,United States,2021-12-22,Basic,639.69
1659,Zachary Mitchell,zachary.mitchell1659@proton.me,United States,2021-07-16,Standard,1449.23
1660,Katherine Martinez,katherine.martinez1660@yahoo.com,United States,2023-06-03,Standard,759.91
1661,Ms Amber Arnold,ms.amber.arnold1661@yahoo.com,United Kingdom,2025-11-28,Basic,698.44
1662,Jodi Roach,jodi.roach1662@proton.me,Japan,2020-09-24,Premium,4066.08
1663,Brandon Fleming,brandon.fleming1663@yahoo.com,United States,2022-02-24,Standard,1295.68
1664,Cheryl Mann-Powell,cheryl.mann.powell1664@hotmail.com,United Kingdom,2022-09-28,Basic,540.08
1665,Zaid Dara,zaid.dara1665@icloud.com,India,2023-04-19,Basic,246.18
1666,Emma Reed,emma.reed1666@outlook.com,United States,2021-06-01,Basic,678.66
1667,Joshua Vance,joshua.vance1667@yahoo.com,Japan,2020-11-29,Basic,558.92
1668,Kiaan Shetty,kiaan.shetty1668@yahoo.com,India,2025-09-14,Standard,1606.0
1669,Denise Jacobs,denise.jacobs1669@outlook.com,Australia,2025-08-04,Standard,445.35
1670,Marine Schneider,marine.schneider1670@icloud.com,France,2025-06-02,Basic,358.98
1671,Michelle Ho,michelle.ho1671@hotmail.com,United States,2026-07-19,Standard,491.88
1672,Rebecca Hicks,rebecca.hicks1672@hotmail.com,Japan,2022-08-18,Standard,654.9
1673,Curtis Taylor,curtis.taylor1673@icloud.com,Japan,2021-10-05,Basic,277.52
1674,David Wright,david.wright1674@yahoo.com,Canada,2020-12-10,Standard,1006.05
1675,Allison Spencer,allison.spencer1675@gmail.com,United States,2025-03-20,Standard,705.02
1676,Aleksandr Bien-Henschel,aleksandr.bien.henschel1676@hotmail.com,Germany,2024-08-02,Standard,970.95
1677,Robert Arnold,robert.arnold1677@gmail.com,United States,2022-01-05,Standard,588.28
1678,Angelica Parker,angelica.parker1678@gmail.com,United States,2023-04-21,Basic,371.13
1679,Saanvi Thaman,saanvi.thaman1679@outlook.com,India,2022-07-21,Premium,1063.99
1680,Dr. Kelly Hammond DVM,dr.kelly.hammond.dvm1680@yahoo.com,United States,2023-09-29,Premium,2018.19
1681,Donald Williams,donald.williams1681@proton.me,United Kingdom,2023-01-29,Premium,3034.93
1682,William Day,william.day1682@proton.me,United States,2026-02-02,Basic,30.76
1683,Bryan Phillips-Barton,bryan.phillips.barton1683@outlook.com,United Kingdom,2024-07-12,Basic,579.76
1684,Christina Walters,christina.walters1684@gmail.com,Australia,2025-04-17,Standard,1782.3
1685,Susanna Palombi,susanna.palombi1685@hotmail.com,Italy,2022-07-21,Standard,1386.08
1686,Prof. Sigrid Wilmsen B.Sc.,prof.sigrid.wilmsen.b.sc1686@icloud.com,Germany,2026-08-01,Basic,536.39
1687,Frédéric Laurent-Delmas,frederic.laurent.delmas1687@hotmail.com,France,2023-10-27,Basic,236.33
1688,Michael Cooper,michael.cooper1688@proton.me,United States,2024-09-06,Standard,892.45
1689,Pamela Boyd,pamela.boyd1689@outlook.com,Canada,2021-07-23,Standard,361.77
1690,Nadia Salvini,nadia.salvini1690@gmail.com,Italy,2025-08-09,Basic,588.15
1691,Mr Bradley Wallace,mr.bradley.wallace1691@hotmail.com,United Kingdom,2024-10-09,Standard,815.56
1692,John Whitehead,john.whitehead1692@icloud.com,Australia,2023-05-12,Standard,188.35
1693,Anna Henderson,anna.henderson1693@yahoo.com,Australia,2021-09-21,Basic,696.12
1694,Denise Jones,denise.jones1694@icloud.com,Canada,2026-06-08,Basic,686.62
1695,Penny Bowman,penny.bowman1695@hotmail.com,United States,2020-09-17,Standard,460.76
1696,Vincent Reynolds,vincent.reynolds1696@icloud.com,United States,2025-01-23,Standard,652.67
1697,Amy Martinez,amy.martinez1697@proton.me,United States,2026-03-14,Premium,3857.96
1698,Sanaya Dutt,sanaya.dutt1698@gmail.com,India,2022-02-03,Premium,4171.98
1699,Kate Pearce,kate.pearce1699@yahoo.com,United Kingdom,2022-08-12,Standard,1015.25
1700,Herlinde Schuchhardt B.A.,herlinde.schuchhardt.b.a1700@outlook.com,Germany,2025-10-24,Premium,2009.06
1701,Christopher Morris,christopher.morris1701@hotmail.com,Japan,2021-10-05,Basic,112.17
1702,Jeannine Kuhl-Henk,jeannine.kuhl.henk1702@proton.me,Germany,2020-10-08,Standard,1640.92
1703,Hannah Everett,hannah.everett1703@yahoo.com,United States,2023-06-22,Standard,1320.96
1704,Matthias Stroh-Adolph,matthias.stroh.adolph1704@icloud.com,Germany,2026-06-13,Basic,421.56
1705,Devon Flores,devon.flores1705@proton.me,Canada,2025-02-22,Standard,162.28
1706,Sarah King,sarah.king1706@gmail.com,United States,2024-06-23,Standard,557.29
1707,Karl Holt,karl.holt1707@icloud.com,United Kingdom,2025-07-03,Standard,1100.62
1708,Aaron Wise,aaron.wise1708@outlook.com,Australia,2025-02-12,Standard,1540.36
1709,Sebastiaan van Noort-le Guellec,sebastiaan.van.noort.le.guellec1709@hotmail.com,Netherlands,2021-12-18,Standard,446.3
1710,Shivani Lad,shivani.lad1710@hotmail.com,India,2025-02-18,Standard,1237.48
1711,Luc Le Lopes,luc.le.lopes1711@gmail.com,France,2024-05-30,Standard,222.05
1712,Krista Martinez,krista.martinez1712@yahoo.com,Japan,2023-01-26,Basic,387.97
1713,Guillaume Marty,guillaume.marty1713@gmail.com,France,2022-06-08,Basic,302.61
1714,Deborah Figueroa,deborah.figueroa1714@gmail.com,Australia,2024-02-19,Premium,1189.33
1715,Jessica Smith,jessica.smith1715@outlook.com,Australia,2024-08-06,Standard,567.06
1716,Brenda Hall,brenda.hall1716@hotmail.com,Canada,2020-04-19,Premium,3369.6
1717,Stephen Mckee,stephen.mckee1717@hotmail.com,Australia,2023-11-08,Basic,602.65
1718,Ben Clayton,ben.clayton1718@gmail.com,United Kingdom,2022-10-23,Premium,4193.41
1719,Stacey Roberts,stacey.roberts1719@proton.me,United Kingdom,2025-03-16,Standard,262.59
1720,Michelle Brown,michelle.brown1720@yahoo.com,Canada,2024-11-27,Premium,3835.58
1721,Milena Campos,milena.campos1721@yahoo.com,Brazil,2020-03-14,Standard,442.44
1722,Joseph Shaw,joseph.shaw1722@proton.me,United States,2024-05-19,Premium,3284.15
1723,Todd Moore,todd.moore1723@outlook.com,United States,2021-09-20,Standard,443.6
1724,Noémi Le Leroy,noemi.le.leroy1724@proton.me,France,2025-12-20,Standard,1299.62
1725,Henry Gabriel Azevedo,henry.gabriel.azevedo1725@icloud.com,Brazil,2021-02-25,Standard,658.74
1726,Michelle Jacobs,michelle.jacobs1726@gmail.com,United States,2020-07-18,Basic,542.8
1727,Felicidad Roda Reig,felicidad.roda.reig1727@outlook.com,Spain,2022-09-04,Premium,859.34
1728,Kristy Bryan,kristy.bryan1728@gmail.com,United States,2023-10-12,Basic,483.97
1729,Angel May,angel.may1729@gmail.com,United States,2021-11-18,Basic,54.71
1730,Joshua Perry,joshua.perry1730@outlook.com,Canada,2023-08-14,Standard,462.75
1731,Marilyn Wang,marilyn.wang1731@icloud.com,United States,2024-06-06,Basic,106.54
1732,Mark Jimenez,mark.jimenez1732@outlook.com,United States,2023-08-17,Premium,2287.92
1733,Miss Hilary Harrison,miss.hilary.harrison1733@hotmail.com,United Kingdom,2022-05-21,Standard,258.93
1734,Boaz Gerritsen-van Dokkum,boaz.gerritsen.van.dokkum1734@proton.me,Netherlands,2024-02-20,Premium,4076.2
1735,Reinhard Löffler,reinhard.loffler1735@icloud.com,Germany,2025-08-08,Basic,93.72
1736,Jason Stein,jason.stein1736@icloud.com,Canada,2021-12-03,Standard,306.33
1737,Ashleigh Boyle-Wells,ashleigh.boyle.wells1737@proton.me,United Kingdom,2024-05-10,Standard,1754.41
1738,Gilles Colin,gilles.colin1738@outlook.com,France,2021-12-19,Standard,1608.55
1739,Alice Atkinson,alice.atkinson1739@proton.me,United Kingdom,2025-05-28,Premium,865.3
1740,Teresa Balaguer Cabello,teresa.balaguer.cabello1740@hotmail.com,Spain,2024-04-15,Standard,1373.99
1741,Melissa Gates,melissa.gates1741@proton.me,Canada,2020-02-24,Standard,1166.98
1742,Donna Frye,donna.frye1742@outlook.com,Japan,2022-08-26,Basic,536.14
1743,Aradhana Verma,aradhana.verma1743@gmail.com,India,2021-07-17,Standard,639.41
1744,Dr. Michael Evans,dr.michael.evans1744@yahoo.com,United States,2020-06-04,Standard,1346.76
1745,Tomás Jacinto Carrasco Lozada,tomas.jacinto.carrasco.lozada1745@hotmail.com,Mexico,2023-09-08,Premium,1974.89
1746,Sandra Aguilar,sandra.aguilar1746@gmail.com,Australia,2025-11-03,Basic,305.05
1747,Jinthe van 't Wel,jinthe.van.t.wel1747@gmail.com,Netherlands,2022-07-27,Basic,248.61
1748,Anthony Gonzales,anthony.gonzales1748@icloud.com,United States,2020-08-09,Basic,473.88
1749,Mr. Lawrence Edwards,mr.lawrence.edwards1749@proton.me,United States,2022-06-30,Standard,779.45
1750,Ricky Reed,ricky.reed1750@hotmail.com,United Kingdom,2020-01-25,Premium,2619.08
1751,Gioffre Gasperi,gioffre.gasperi1751@gmail.com,Italy,2021-08-02,Basic,109.75
1752,Morgan Valencia,morgan.valencia1752@icloud.com,United States,2022-04-17,Standard,278.97
1753,Julie-Alex Nicolas,julie.alex.nicolas1753@outlook.com,France,2021-11-03,Basic,190.32
1754,Bianca Wood,bianca.wood1754@yahoo.com,United States,2023-05-26,Standard,889.65
1755,William Maharaj,william.maharaj1755@outlook.com,India,2025-05-24,Premium,4398.45
1756,Frank Berry-Hughes,frank.berry.hughes1756@yahoo.com,United Kingdom,2025-04-12,Standard,983.73
1757,Cameron Parker,cameron.parker1757@yahoo.com,Australia,2025-05-28,Premium,2211.25
1758,Sr. Yuri da Conceição,sr.yuri.da.conceicao1758@outlook.com,Brazil,2026-01-09,Premium,3488.6
1759,Emma Owens,emma.owens1759@hotmail.com,United States,2023-06-06,Standard,768.99
1760,Faras Mangal,faras.mangal1760@gmail.com,India,2023-09-26,Premium,2536.26
1761,David Davis,david.davis1761@yahoo.com,United States,2020-01-18,Premium,2652.59
1762,Renée Barre Le Nguyen,renee.barre.le.nguyen1762@hotmail.com,France,2024-07-15,Basic,659.69
1763,Cristina Rendón,cristina.rendon1763@outlook.com,Mexico,2024-04-22,Standard,1207.73
1764,Anita Nayak,anita.nayak1764@hotmail.com,India,2020-06-08,Basic,109.02
1765,Heriberto Nicolau Canales,heriberto.nicolau.canales1765@yahoo.com,Spain,2022-03-06,Basic,671.04
1766,Rebecca Valencia,rebecca.valencia1766@proton.me,Australia,2023-11-28,Standard,956.23
1767,Dominique Ferreira du Verdier,dominique.ferreira.du.verdier1767@proton.me,France,2020-08-24,Standard,1678.76
1768,Christine Wright,christine.wright1768@yahoo.com,Australia,2025-05-10,Premium,3808.57
1769,Faris Devi,faris.devi1769@proton.me,India,2020-04-25,Standard,1214.8
1770,James Gilbert,james.gilbert1770@hotmail.com,United States,2021-08-26,Standard,1143.55
1771,Martino Argentero,martino.argentero1771@yahoo.com,Italy,2020-02-20,Premium,1141.53
1772,Gilbert de Neveu,gilbert.de.neveu1772@hotmail.com,France,2024-06-16,Basic,682.55
1773,Sean Moore,sean.moore1773@yahoo.com,United States,2024-09-28,Premium,2379.42
1774,Adélaïde Dijoux,adelaide.dijoux1774@icloud.com,France,2025-12-23,Standard,781.6
1775,Mr Jordan Harris,mr.jordan.harris1775@hotmail.com,United Kingdom,2020-12-30,Premium,2918.66
1776,Senna Claassen-Giselmeyer,senna.claassen.giselmeyer1776@yahoo.com,Netherlands,2023-01-06,Basic,652.76
1777,Ms Natasha Adams,ms.natasha.adams1777@outlook.com,United Kingdom,2020-01-27,Basic,576.06
1778,Kenneth Edwards,kenneth.edwards1778@gmail.com,United States,2024-09-07,Standard,1229.96
1779,Richard Henson,richard.henson1779@yahoo.com,Australia,2021-12-23,Standard,1311.68
1780,Kathleen Robertson,kathleen.robertson1780@yahoo.com,United States,2025-08-20,Basic,329.2
1781,Joshua Visser,joshua.visser1781@yahoo.com,Netherlands,2022-04-03,Premium,1476.1
1782,Marc Moore,marc.moore1782@outlook.com,Australia,2024-08-01,Standard,1656.4
1783,Mr. Alexander Landry MD,mr.alexander.landry.md1783@proton.me,United States,2021-11-11,Premium,1117.12
1784,Cindy Gomez,cindy.gomez1784@gmail.com,United States,2023-11-02,Premium,1668.69
1785,Dr. Roman Textor MBA.,dr.roman.textor.mba1785@gmail.com,Germany,2020-02-08,Premium,3581.66
1786,Johnny Khan,johnny.khan1786@icloud.com,United States,2020-06-20,Premium,2732.64
1787,Julie Herrera,julie.herrera1787@icloud.com,United States,2025-10-31,Basic,538.92
1788,Clemente de Sanabria,clemente.de.sanabria1788@hotmail.com,Spain,2023-10-12,Standard,705.31
1789,Élodie Marchal-Perret,elodie.marchal.perret1789@outlook.com,France,2023-07-15,Basic,660.17
1790,Xavier Rémy,xavier.remy1790@hotmail.com,France,2020-08-22,Basic,614.33
1791,Giovanni Lonen,giovanni.lonen1791@gmail.com,Netherlands,2025-02-14,Basic,296.22
1792,Hellena Abreu,hellena.abreu1792@yahoo.com,Brazil,2020-04-15,Standard,1583.86
1793,Jessica Khan,jessica.khan1793@proton.me,United States,2022-10-15,Standard,1170.28
1794,Vihaan Rajagopal,vihaan.rajagopal1794@hotmail.com,India,2025-10-10,Standard,460.09
1795,Frida Sanches Domínguez,frida.sanches.dominguez1795@outlook.com,Mexico,2020-03-09,Standard,1591.17
1796,Paola Giammusso,paola.giammusso1796@proton.me,Italy,2023-08-26,Standard,535.37
1797,Karl-Heinrich Hering,karl.heinrich.hering1797@proton.me,Germany,2020-11-29,Standard,1699.49
1798,Fabia Aldobrandi,fabia.aldobrandi1798@hotmail.com,Italy,2021-02-15,Basic,223.36
1799,Pamela Diaz,pamela.diaz1799@yahoo.com,United States,2025-10-31,Basic,554.78
1800,Margaux Dupré de Fouquet,margaux.dupre.de.fouquet1800@gmail.com,France,2021-06-07,Standard,293.7
1801,Bento da Conceição,bento.da.conceicao1801@icloud.com,Brazil,2025-03-27,Premium,2451.26
1802,Kelly Lee,kelly.lee1802@proton.me,United States,2026-01-23,Standard,499.21
1803,Sharon Cherry,sharon.cherry1803@proton.me,Australia,2021-01-01,Premium,4475.44
1804,Angel Gordon,angel.gordon1804@outlook.com,United States,2024-04-19,Basic,173.75
1805,Diana Hays,diana.hays1805@hotmail.com,United States,2021-05-19,Standard,1672.51
1806,Tanish Bhatt,tanish.bhatt1806@hotmail.com,India,2021-01-05,Basic,249.64
1807,Barbara Hester,barbara.hester1807@icloud.com,United States,2020-09-21,Standard,772.07
1808,Philippe Ruiz du Millet,philippe.ruiz.du.millet1808@proton.me,France,2024-04-12,Standard,1445.39
1809,Atenulf Germano,atenulf.germano1809@hotmail.com,Italy,2022-08-13,Standard,340.89
1810,Robert Morgan,robert.morgan1810@gmail.com,United States,2023-10-25,Basic,657.62
1811,Sierra Johnson,sierra.johnson1811@gmail.com,Australia,2026-06-04,Standard,1558.0
1812,Amedeo Montalcini,amedeo.montalcini1812@icloud.com,Italy,2020-01-07,Standard,1123.6
1813,Nicole Gonzalez,nicole.gonzalez1813@hotmail.com,United States,2024-10-01,Standard,752.29
1814,Lucie Lenoir,lucie.lenoir1814@yahoo.com,France,2025-10-29,Standard,1124.78
1815,Kathryn Williams,kathryn.williams1815@gmail.com,United States,2026-01-13,Basic,238.25
1816,Marijn van Haarlem-Jansen,marijn.van.haarlem.jansen1816@outlook.com,Netherlands,2022-06-15,Standard,902.04
1817,Nikita Narayanan,nikita.narayanan1817@yahoo.com,India,2020-05-20,Standard,659.67
1818,Sr(a). Socorro Lugo,sr.a.socorro.lugo1818@gmail.com,Mexico,2023-01-25,Basic,501.9
1819,Herbert Eimer,herbert.eimer1819@yahoo.com,Germany,2025-07-20,Standard,1744.72
1820,Gary Wells,gary.wells1820@outlook.com,United States,2021-09-17,Basic,167.16
1821,Evelyn Galvan,evelyn.galvan1821@yahoo.com,Australia,2020-08-03,Basic,548.83
1822,Arthur Gabriel Farias,arthur.gabriel.farias1822@proton.me,Brazil,2024-05-23,Standard,1494.77
1823,Héctor Español Lopez,hector.espanol.lopez1823@yahoo.com,Spain,2020-03-29,Standard,706.73
1824,Étienne De Oliveira,etienne.de.oliveira1824@outlook.com,France,2024-05-22,Standard,1020.94
1825,Dr Julia Hill,dr.julia.hill1825@proton.me,United Kingdom,2022-03-10,Basic,394.91
1826,Larry Robertson,larry.robertson1826@outlook.com,United States,2026-07-05,Basic,61.53
1827,Diana Benet Salazar,diana.benet.salazar1827@outlook.com,Spain,2025-02-17,Standard,1102.31
1828,Marie Radisch B.Eng.,marie.radisch.b.eng1828@hotmail.com,Germany,2023-04-07,Basic,166.59
1829,Elisabeth Schipper,elisabeth.schipper1829@yahoo.com,Netherlands,2020-02-07,Standard,1562.63
1830,Louis Martin,louis.martin1830@yahoo.com,United States,2024-03-22,Basic,313.3
1831,Théo da Costa,theo.da.costa1831@gmail.com,Brazil,2021-01-28,Standard,931.89
1832,Uberto Giolitti,uberto.giolitti1832@gmail.com,Italy,2025-10-12,Standard,1129.1
1833,Sebastiano Gabba-Vattimo,sebastiano.gabba.vattimo1833@proton.me,Italy,2024-07-12,Standard,346.02
1834,Miss Stacey Campbell,miss.stacey.campbell1834@outlook.com,United Kingdom,2021-12-07,Standard,769.36
1835,Diane Chauvet,diane.chauvet1835@proton.me,France,2021-01-02,Basic,608.8
1836,Ojasvi Bhatia,ojasvi.bhatia1836@outlook.com,India,2024-12-28,Standard,348.0
1837,Nancy Evans MD,nancy.evans.md1837@hotmail.com,United States,2025-09-18,Standard,1118.3
1838,Ing. Elvia Corral,ing.elvia.corral1838@hotmail.com,Mexico,2023-01-26,Standard,306.01
1839,Osha Ramachandran,osha.ramachandran1839@hotmail.com,India,2025-06-06,Basic,499.35
1840,Natasha Smith-O'Neill,natasha.smith.o.neill1840@yahoo.com,United Kingdom,2021-02-11,Standard,1327.72
1841,Ryan Cunha,ryan.cunha1841@icloud.com,Brazil,2022-01-27,Standard,1306.22
1842,Sally Baldwin,sally.baldwin1842@icloud.com,United Kingdom,2025-12-11,Standard,1006.19
1843,Lajita Sood,lajita.sood1843@proton.me,India,2021-05-23,Basic,165.04
1844,Indira Misra,indira.misra1844@gmail.com,India,2022-01-10,Basic,494.27
1845,Kim Erickson,kim.erickson1845@hotmail.com,United States,2023-07-11,Premium,1276.62
1846,Robert Richardson,robert.richardson1846@yahoo.com,United States,2020-12-25,Standard,1554.89
1847,Veronica Silva,veronica.silva1847@gmail.com,United States,2025-09-04,Standard,1744.36
1848,Molly Watts,molly.watts1848@proton.me,United States,2020-01-01,Standard,226.17
1849,Salvatore Golino,salvatore.golino1849@outlook.com,Italy,2025-12-27,Standard,1102.17
1850,Madeleine-Océane Lévy,madeleine.oceane.levy1850@icloud.com,France,2023-12-13,Standard,992.47
1851,Henri Renault,henri.renault1851@proton.me,France,2020-07-02,Standard,460.32
1852,Leigh Gallagher,leigh.gallagher1852@yahoo.com,United Kingdom,2021-07-03,Standard,506.47
1853,Jodie White,jodie.white1853@yahoo.com,United Kingdom,2024-09-24,Premium,1743.38
1854,Marcus Anderson,marcus.anderson1854@yahoo.com,United Kingdom,2024-06-26,Standard,1708.82
1855,Martin Le Turpin,martin.le.turpin1855@proton.me,France,2021-08-09,Standard,266.42
1856,Sharon Cochran,sharon.cochran1856@proton.me,Australia,2022-02-28,Basic,405.46
1857,Oni Yohannan,oni.yohannan1857@icloud.com,India,2021-11-02,Standard,403.26
1858,Cynthia Paola Tamez Abrego,cynthia.paola.tamez.abrego1858@hotmail.com,Mexico,2024-04-01,Premium,3033.35
1859,John Coffey,john.coffey1859@gmail.com,United States,2025-12-16,Premium,2828.96
1860,Paula Lane,paula.lane1860@proton.me,United States,2020-12-30,Standard,700.3
1861,Lauren Jackson,lauren.jackson1861@yahoo.com,United States,2023-01-25,Premium,2195.48
1862,Loretta Favata,loretta.favata1862@hotmail.com,Italy,2021-03-06,Basic,108.36
1863,Jamie Smith,jamie.smith1863@outlook.com,Canada,2026-08-08,Basic,355.49
1864,Paul Castaneda,paul.castaneda1864@proton.me,Canada,2026-06-01,Basic,397.29
1865,Vinaya Kanda,vinaya.kanda1865@gmail.com,India,2021-11-30,Standard,1390.59
1866,Lisa Randall,lisa.randall1866@proton.me,United States,2025-12-17,Standard,1605.33
1867,Loretta Tschentscher MBA.,loretta.tschentscher.mba1867@icloud.com,Germany,2021-06-06,Standard,1282.99
1868,Simone Parent,simone.parent1868@proton.me,France,2021-06-01,Premium,2899.97
1869,Michael Johnson,michael.johnson1869@proton.me,United States,2024-02-25,Basic,193.15
1870,Rajata Sunder,rajata.sunder1870@proton.me,India,2025-02-18,Premium,4449.11
1871,Fabiënne Eijkelboom-van Gelder,fabienne.eijkelboom.van.gelder1871@icloud.com,Netherlands,2023-03-20,Standard,855.81
1872,Cipriano Ricciardi,cipriano.ricciardi1872@yahoo.com,Italy,2023-06-04,Standard,293.45
1873,Alison Doyle,alison.doyle1873@outlook.com,United Kingdom,2021-01-04,Standard,276.54
1874,Ashley Smith,ashley.smith1874@gmail.com,United States,2021-11-07,Standard,289.57
1875,Ms Kathleen Brown,ms.kathleen.brown1875@hotmail.com,United Kingdom,2020-02-13,Basic,311.19
1876,Jennifer Adkins,jennifer.adkins1876@proton.me,Canada,2021-07-12,Standard,999.77
1877,Mtro. Minerva Almaraz,mtro.minerva.almaraz1877@icloud.com,Mexico,2021-05-25,Standard,1166.87
1878,Ariel de Alcolea,ariel.de.alcolea1878@proton.me,Spain,2020-01-30,Basic,499.25
1879,Richard Rodriguez,richard.rodriguez1879@yahoo.com,Australia,2025-12-03,Standard,219.89
1880,Tamara Freudenberger MBA.,tamara.freudenberger.mba1880@yahoo.com,Germany,2025-11-14,Basic,143.0
1881,Philip Robertson,philip.robertson1881@yahoo.com,United Kingdom,2025-10-05,Standard,234.0
1882,Ellen Weitzel B.A.,ellen.weitzel.b.a1882@yahoo.com,Germany,2024-03-08,Basic,253.12
1883,Pierre du Guyon,pierre.du.guyon1883@icloud.com,France,2021-04-27,Standard,947.16
1884,Christian Vaughn,christian.vaughn1884@gmail.com,United States,2026-05-18,Standard,1673.04
1885,Renato Guzmán Delgado,renato.guzman.delgado1885@proton.me,Spain,2025-10-12,Basic,48.91
1886,Ottilie Wulff,ottilie.wulff1886@icloud.com,Germany,2025-06-22,Premium,821.8
1887,Univ.Prof. Edith Höfig MBA.,univ.prof.edith.hofig.mba1887@outlook.com,Germany,2023-12-20,Premium,2093.97
1888,Vincent Clément,vincent.clement1888@hotmail.com,France,2023-12-23,Premium,2393.97
1889,Reginald Knapp,reginald.knapp1889@icloud.com,United States,2025-10-07,Basic,302.24
1890,Julieta Teruel García,julieta.teruel.garcia1890@gmail.com,Spain,2021-09-29,Basic,193.84
1891,Olaf Hörle,olaf.horle1891@outlook.com,Germany,2023-05-10,Standard,1622.12
1892,Lindsey Walker,lindsey.walker1892@outlook.com,Canada,2021-03-21,Basic,467.99
1893,Ing. Gundolf Juncken B.Sc.,ing.gundolf.juncken.b.sc1893@yahoo.com,Germany,2023-12-19,Basic,28.92
1894,Nancy Brown,nancy.brown1894@proton.me,Japan,2022-03-23,Premium,1854.13
1895,Daniel Nguyen,daniel.nguyen1895@hotmail.com,United States,2023-09-18,Basic,133.21
1896,Kelly Edwards,kelly.edwards1896@hotmail.com,United States,2022-12-24,Premium,2609.55
1897,Constantin Heinrich-Kraus,constantin.heinrich.kraus1897@proton.me,Germany,2021-06-05,Standard,1411.25
1898,Thomas Peterson,thomas.peterson1898@icloud.com,Japan,2024-05-11,Premium,4343.41
1899,Ayden van der Plas,ayden.van.der.plas1899@yahoo.com,Netherlands,2021-09-29,Standard,172.52
1900,Pierre Dupré Le Morin,pierre.dupre.le.morin1900@gmail.com,France,2023-11-02,Standard,1135.19
1901,Raymond Le,raymond.le1901@hotmail.com,United States,2023-03-31,Standard,286.31
1902,Nikolas Hamann-Bolnbach,nikolas.hamann.bolnbach1902@icloud.com,Germany,2021-09-16,Basic,151.13
1903,Julia Harris,julia.harris1903@gmail.com,United Kingdom,2022-12-15,Basic,191.96
1904,Youssef Gellemeyer,youssef.gellemeyer1904@yahoo.com,Netherlands,2025-04-25,Basic,571.72
1905,Yves Ruiz-Jean,yves.ruiz.jean1905@icloud.com,France,2022-01-12,Premium,3963.03
1906,Lopa Nayar,lopa.nayar1906@yahoo.com,India,2022-07-28,Premium,2284.75
1907,Melissa Bishop,melissa.bishop1907@yahoo.com,United States,2021-08-21,Standard,1167.17
1908,David Grant,david.grant1908@gmail.com,United States,2024-04-06,Standard,655.64
1909,Noah Sibal,noah.sibal1909@yahoo.com,India,2022-06-27,Standard,940.67
1910,Jeffrey Johnson,jeffrey.johnson1910@proton.me,Canada,2020-07-30,Standard,594.26
1911,Frances Taylor,frances.taylor1911@outlook.com,United Kingdom,2024-09-08,Standard,1626.93
1912,William Evans,william.evans1912@gmail.com,United States,2020-08-01,Standard,680.71
1913,Lee Wong,lee.wong1913@outlook.com,United Kingdom,2021-02-16,Standard,566.23
1914,Dipl.-Ing. Georgia Riehl,dipl.ing.georgia.riehl1914@outlook.com,Germany,2023-05-31,Premium,3275.11
1915,David de Lambert,david.de.lambert1915@yahoo.com,France,2023-09-18,Standard,1486.56
1916,Shannon Walker,shannon.walker1916@icloud.com,Australia,2025-12-06,Standard,543.12
1917,Daniel Bush,daniel.bush1917@icloud.com,United States,2024-04-22,Premium,1193.55
1918,Avi Ramesh,avi.ramesh1918@icloud.com,India,2021-05-07,Premium,4382.82
1919,Gregory Peck,gregory.peck1919@yahoo.com,Japan,2022-03-01,Basic,649.71
1920,Denise Martinez,denise.martinez1920@icloud.com,United States,2023-11-05,Standard,932.43
1921,Julia Torres,julia.torres1921@icloud.com,Australia,2021-09-21,Premium,1509.31
1922,Michael Powell,michael.powell1922@outlook.com,Canada,2026-04-14,Basic,629.07
1923,Herma Bolander B.A.,herma.bolander.b.a1923@proton.me,Germany,2021-04-25,Basic,70.7
1924,Dipl.-Ing. Theda Winkler,dipl.ing.theda.winkler1924@icloud.com,Germany,2020-03-30,Premium,1814.35
1925,Sig. Piergiorgio Schiavone,sig.piergiorgio.schiavone1925@outlook.com,Italy,2020-07-05,Basic,66.04
1926,Jos Maldonado Grijalva,jos.maldonado.grijalva1926@yahoo.com,Mexico,2024-06-16,Standard,1028.58
1927,John Anderson,john.anderson1927@gmail.com,Canada,2021-11-08,Standard,990.31
1928,Alyssa Long,alyssa.long1928@hotmail.com,Canada,2024-06-29,Standard,491.43
1929,Jamie Baird,jamie.baird1929@icloud.com,United States,2022-06-11,Standard,164.62
1930,Yaiza Barral Cózar,yaiza.barral.cozar1930@icloud.com,Spain,2025-02-08,Standard,1338.96
1931,Tina Ballard,tina.ballard1931@yahoo.com,United States,2023-04-28,Basic,397.7
1932,Dwayne Klein,dwayne.klein1932@gmail.com,United States,2025-12-25,Standard,214.5
1933,Jeremy Scott,jeremy.scott1933@outlook.com,United States,2021-06-28,Standard,1454.53
1934,Fiyaz Sangha,fiyaz.sangha1934@yahoo.com,India,2022-05-10,Standard,152.31
1935,Patrick Jones,patrick.jones1935@icloud.com,United Kingdom,2024-02-20,Standard,1711.61
1936,Dale Ryan,dale.ryan1936@outlook.com,Japan,2021-07-01,Standard,1158.95
1937,Ronald Gallagher,ronald.gallagher1937@gmail.com,United Kingdom,2020-02-12,Basic,173.01
1938,Dott. Sylvia Caironi,dott.sylvia.caironi1938@yahoo.com,Italy,2022-11-14,Basic,387.74
1939,Fabiola Valverde Berríos,fabiola.valverde.berrios1939@icloud.com,Mexico,2021-03-11,Basic,489.48
1940,Patrizio Morlacchi,patrizio.morlacchi1940@outlook.com,Italy,2026-03-06,Standard,879.61
1941,Hayley Singh,hayley.singh1941@yahoo.com,United Kingdom,2026-07-10,Standard,1566.07
1942,Kevin Fuller,kevin.fuller1942@hotmail.com,United Kingdom,2022-08-07,Basic,317.88
1943,Melissa Taylor,melissa.taylor1943@hotmail.com,United States,2021-01-18,Standard,907.99
1944,Dave le Gallen-van Salmen,dave.le.gallen.van.salmen1944@yahoo.com,Netherlands,2022-02-12,Standard,1706.54
1945,Laurie Sanchez,laurie.sanchez1945@outlook.com,United States,2020-03-27,Standard,1610.67
1946,Esila de Wit-Cornelisz,esila.de.wit.cornelisz1946@proton.me,Netherlands,2022-02-08,Premium,1066.58
1947,Kiara Little,kiara.little1947@proton.me,United States,2024-07-06,Premium,2749.08
1948,Noël Bourdon-Lecoq,noel.bourdon.lecoq1948@gmail.com,France,2021-02-12,Standard,184.18
1949,Jonathan Adelaar,jonathan.adelaar1949@proton.me,Netherlands,2020-06-28,Premium,3649.44
1950,Jason Love,jason.love1950@proton.me,United States,2020-02-25,Basic,31.34
1951,Feline van Hostaden,feline.van.hostaden1951@icloud.com,Netherlands,2023-10-18,Basic,82.35
1952,Randy Smith,randy.smith1952@icloud.com,United States,2024-12-24,Basic,232.48
1953,Stanislaw Wieloch,stanislaw.wieloch1953@yahoo.com,Germany,2020-08-16,Standard,591.3
1954,Alyssa Day,alyssa.day1954@gmail.com,Canada,2020-07-01,Premium,1897.93
1955,Joel Williams,joel.williams1955@hotmail.com,Canada,2021-08-03,Premium,1629.96
1956,Tanya Russell,tanya.russell1956@hotmail.com,United States,2021-08-26,Standard,623.3
1957,Abril Portero Lara,abril.portero.lara1957@proton.me,Spain,2024-04-24,Standard,1329.5
1958,Sherry Woods,sherry.woods1958@hotmail.com,Japan,2021-11-25,Basic,176.55
1959,Gionata Fermi,gionata.fermi1959@outlook.com,Italy,2024-01-03,Premium,2034.78
1960,Dr Deborah Mellor,dr.deborah.mellor1960@gmail.com,United Kingdom,2020-06-26,Standard,443.81
1961,Daniel Murphy,daniel.murphy1961@icloud.com,Canada,2022-01-12,Standard,397.86
1962,Michel Legros,michel.legros1962@outlook.com,France,2023-03-21,Standard,321.47
1963,Eloísa Rocha Torrecilla,eloisa.rocha.torrecilla1963@proton.me,Spain,2024-02-20,Basic,572.24
1964,Élise-Nathalie Costa,elise.nathalie.costa1964@gmail.com,France,2020-01-09,Basic,685.18
1965,Crystal Johnson,crystal.johnson1965@yahoo.com,Australia,2023-08-04,Premium,2452.77
1966,Jinthe van Schevinghuizen,jinthe.van.schevinghuizen1966@hotmail.com,Netherlands,2020-10-02,Premium,2381.58
1967,Jacqueline Caron,jacqueline.caron1967@yahoo.com,France,2021-01-05,Standard,360.43
1968,Garrett Lin,garrett.lin1968@outlook.com,Australia,2023-07-31,Standard,944.13
1969,Mercedes Barrientos Tejada,mercedes.barrientos.tejada1969@icloud.com,Mexico,2023-09-27,Premium,4292.91
1970,Claudio Martin Gelabert,claudio.martin.gelabert1970@hotmail.com,Spain,2024-09-10,Standard,1038.93
1971,Ivonne Albers-Kitzmann,ivonne.albers.kitzmann1971@icloud.com,Germany,2022-07-31,Standard,1108.59
1972,Nora Krebs,nora.krebs1972@icloud.com,Germany,2022-06-17,Basic,183.76
1973,Victor Morris,victor.morris1973@gmail.com,United States,2024-01-24,Standard,1730.07
1974,Luis Miguel Barrera Mir,luis.miguel.barrera.mir1974@gmail.com,Spain,2023-12-01,Standard,1551.39
1975,Diana May,diana.may1975@yahoo.com,Australia,2023-04-22,Standard,1528.17
1976,Jamie Walton,jamie.walton1976@hotmail.com,Canada,2022-09-20,Standard,520.57
1977,William Herrera,william.herrera1977@gmail.com,Australia,2021-08-09,Standard,193.47
1978,Ricciotti Cimarosa,ricciotti.cimarosa1978@outlook.com,Italy,2020-08-09,Basic,472.35
1979,Susan Davis,susan.davis1979@icloud.com,United States,2021-10-09,Premium,2151.4
1980,Kimberly Sharp,kimberly.sharp1980@gmail.com,United States,2020-02-21,Standard,1492.62
1981,Susan Thompson,susan.thompson1981@yahoo.com,United States,2025-04-08,Basic,529.97
1982,Bernard Merle,bernard.merle1982@outlook.com,France,2025-04-09,Standard,706.61
1983,Ashley Waller,ashley.waller1983@proton.me,Australia,2020-02-24,Standard,407.21
1984,Casey Gillespie,casey.gillespie1984@gmail.com,Japan,2021-12-11,Standard,167.93
1985,Caroline Silveira,caroline.silveira1985@proton.me,Brazil,2025-02-03,Standard,1518.71
1986,Amador Tapia Valverde,amador.tapia.valverde1986@icloud.com,Spain,2023-06-07,Basic,310.98
1987,Jennifer Simpson DVM,jennifer.simpson.dvm1987@gmail.com,United States,2025-11-06,Standard,1719.27
1988,Victor Baker,victor.baker1988@hotmail.com,Australia,2020-08-17,Standard,453.09
1989,Jeffrey Chandler,jeffrey.chandler1989@icloud.com,Australia,2020-11-12,Basic,341.19
1990,Richard Hayes,richard.hayes1990@proton.me,United Kingdom,2024-07-17,Basic,136.26
1991,Duuk Spiker,duuk.spiker1991@proton.me,Netherlands,2024-10-03,Premium,1201.08
1992,Tammy Mcdowell,tammy.mcdowell1992@icloud.com,United States,2023-10-06,Premium,1844.17
1993,Darlene Miller,darlene.miller1993@gmail.com,Canada,2022-05-17,Standard,1398.26
1994,Dr Luke Turner,dr.luke.turner1994@icloud.com,United Kingdom,2022-04-06,Standard,203.41
1995,Keith Rodriguez,keith.rodriguez1995@icloud.com,United States,2026-05-02,Premium,4450.03
1996,Prof. Nelli Wähner,prof.nelli.wahner1996@gmail.com,Germany,2023-07-12,Premium,1941.84
1997,Carolina Victoria Roldán,carolina.victoria.roldan1997@outlook.com,Mexico,2024-06-18,Standard,668.88
1998,Ashleigh Miller,ashleigh.miller1998@outlook.com,United Kingdom,2021-06-14,Basic,90.73
1999,Dipl.-Ing. Emanuel Heydrich MBA.,dipl.ing.emanuel.heydrich.mba1999@proton.me,Germany,2025-08-24,Premium,3787.73
2000,Mrs. Virginia Daniels,mrs.virginia.daniels2000@icloud.com,United States,2024-04-14,Standard,1583.54
2001,Todd Rosales MD,todd.rosales.md2001@yahoo.com,United States,2021-09-12,Standard,279.94
2002,Triya Gopal,triya.gopal2002@proton.me,India,2022-08-06,Basic,570.05
2003,Abha Raghavan,abha.raghavan2003@proton.me,India,2021-10-21,Basic,363.59
2004,Dr. Gabino Suárez,dr.gabino.suarez2004@icloud.com,Mexico,2025-11-13,Basic,255.46
2005,Larry Dixon,larry.dixon2005@outlook.com,Australia,2023-04-06,Standard,1562.32
2006,Frau Hatice Kallert MBA.,frau.hatice.kallert.mba2006@proton.me,Germany,2024-05-06,Standard,1795.07
2007,Siddharth Sha,siddharth.sha2007@yahoo.com,India,2026-05-11,Standard,970.91
2008,Yassin Cornelissen-van der Pol,yassin.cornelissen.van.der.pol2008@yahoo.com,Netherlands,2023-06-21,Standard,1748.76
2009,Kenneth Scott,kenneth.scott2009@gmail.com,Australia,2025-08-05,Premium,1960.76
2010,Camila Barberá,camila.barbera2010@yahoo.com,Spain,2020-10-06,Standard,749.49
2011,Brian Martin,brian.martin2011@yahoo.com,United States,2025-03-02,Standard,930.88
2012,David Lopez,david.lopez2012@hotmail.com,United States,2021-07-29,Basic,680.88
2013,Dipl.-Ing. Vassilios Eckbauer,,Germany,2023-03-20,Standard,1564.05
2014,Anita Estevez,anita.estevez2014@yahoo.com,Spain,2024-12-10,Standard,1543.98
2015,Elena Ligorio,elena.ligorio2015@outlook.com,Italy,2020-12-07,Standard,984.81
2016,Rachel Bradley,rachel.bradley2016@proton.me,United States,2020-06-23,Standard,1212.38
2017,April Frost,april.frost2017@yahoo.com,Australia,2026-04-16,Premium,3956.32
2018,Joel James,joel.james2018@yahoo.com,United Kingdom,2026-05-24,Standard,270.41
2019,Amber Palmer,amber.palmer2019@hotmail.com,United Kingdom,2021-01-17,Standard,923.01
2020,Joshua Cooke,joshua.cooke2020@hotmail.com,Canada,2021-03-22,Premium,3507.58
2021,Manuel Bayo Gutierrez,manuel.bayo.gutierrez2021@hotmail.com,Spain,2024-11-09,Premium,2016.27
2022,Kieran Taylor,kieran.taylor2022@icloud.com,United Kingdom,2025-06-14,Standard,1373.12
2023,Casey Chase,casey.chase2023@hotmail.com,United States,2020-06-05,Standard,1715.08
2024,Samantha Robertson,samantha.robertson2024@yahoo.com,United States,2023-08-04,Standard,1779.89
2025,Michelle Harmon,michelle.harmon2025@gmail.com,Australia,2024-01-20,Basic,685.53
2026,Michael Lopez,michael.lopez2026@yahoo.com,United States,2020-04-03,Basic,486.48
2027,Franklin Wright,franklin.wright2027@proton.me,United States,2021-12-22,Premium,1056.26
2028,Traugott Kreusel,traugott.kreusel2028@outlook.com,Germany,2025-01-23,Basic,379.23
2029,Geneviève Schmitt,genevieve.schmitt2029@outlook.com,France,2022-01-23,Basic,87.4
2030,David Molina,david.molina2030@outlook.com,Japan,2023-05-01,Premium,2092.32
2031,Attila Seifert,attila.seifert2031@hotmail.com,Germany,2026-01-02,Standard,415.14
2032,Susan de Pascal,susan.de.pascal2032@outlook.com,France,2026-05-25,Standard,166.39
2033,Helen Jones,helen.jones2033@icloud.com,Australia,2022-03-24,Premium,3271.46
2034,Geetika Raghavan,geetika.raghavan2034@outlook.com,India,2023-07-20,Premium,4117.05
2035,Azeneth Hoz Ariño,azeneth.hoz.arino2035@hotmail.com,Spain,2023-07-20,Premium,4388.91
2036,Dr. Sonja Misicher,dr.sonja.misicher2036@icloud.com,Germany,2020-01-16,Basic,661.74
2037,Olívia da Cruz,olivia.da.cruz2037@proton.me,Brazil,2025-01-14,Standard,1104.32
2038,Elizabeth Sharp,elizabeth.sharp2038@proton.me,United States,2022-02-07,Standard,1051.04
2039,Matthew Schwartz,matthew.schwartz2039@hotmail.com,United States,2022-06-04,Standard,1721.42
2040,Lic. Eric Tirado,lic.eric.tirado2040@icloud.com,Mexico,2020-02-28,Standard,750.26
2041,Miss Ruth Houghton,miss.ruth.houghton2041@outlook.com,United Kingdom,2025-08-18,Basic,109.2
2042,Herr Folkert Kramer,herr.folkert.kramer2042@hotmail.com,Germany,2024-08-22,Standard,731.15
2043,Matthew Harrington,matthew.harrington2043@icloud.com,Canada,2023-10-07,Premium,1450.51
2044,Desiree Metz,desiree.metz2044@yahoo.com,Germany,2026-03-14,Standard,1045.56
2045,Adam May,adam.may2045@proton.me,United Kingdom,2024-11-26,Standard,1308.45
2046,Anita Hortensia Yáñez Molina,anita.hortensia.yanez.molina2046@gmail.com,Spain,2020-12-24,Basic,95.07
2047,Oviya Krishnan,oviya.krishnan2047@icloud.com,India,2024-08-11,Premium,3574.79
2048,Upma Bahl,upma.bahl2048@icloud.com,India,2021-02-12,Standard,980.55
2049,Roan Timmermans,roan.timmermans2049@proton.me,Netherlands,2023-04-02,Basic,168.01
2050,Erin Edwards,erin.edwards2050@icloud.com,Australia,2024-04-09,Premium,3968.47
2051,Flora Borromini,flora.borromini2051@outlook.com,Italy,2025-03-15,Standard,1503.69
2052,Charles Pineau-Lucas,charles.pineau.lucas2052@proton.me,France,2024-06-09,Premium,2186.18
2053,Bryan Parker,bryan.parker2053@outlook.com,United States,2023-01-01,Basic,203.54
2054,Maria Luísa Correia,maria.luisa.correia2054@hotmail.com,Brazil,2022-09-16,Premium,4163.52
2055,Jonathan Jacobson,jonathan.jacobson2055@gmail.com,United States,2021-09-20,Basic,592.52
2056,Nicole Herring,nicole.herring2056@proton.me,Canada,2023-07-24,Standard,1732.61
2057,Hugo Leonor Niño,hugo.leonor.nino2057@yahoo.com,Mexico,2026-03-26,Basic,155.05
2058,Inaya Kapur,inaya.kapur2058@gmail.com,India,2026-06-24,Standard,1700.0
2059,Aimee Kelly,aimee.kelly2059@proton.me,United Kingdom,2021-12-12,Standard,674.91
2060,Emily Wilson,emily.wilson2060@yahoo.com,United States,2021-02-11,Basic,110.27
2061,Elizabeth Mendez,elizabeth.mendez2061@icloud.com,United States,2024-05-24,Basic,448.44
2062,Casey Hernandez,casey.hernandez2062@icloud.com,United States,2021-10-13,Basic,162.54
2063,Lisa Perry,lisa.perry2063@hotmail.com,United States,2020-02-17,Standard,1128.93
2064,Kaitlin Medina,kaitlin.medina2064@proton.me,United States,2026-02-04,Basic,78.17
2065,Simon Fraser,simon.fraser2065@proton.me,United Kingdom,2021-06-18,Basic,453.26
2066,Michelle Evans,michelle.evans2066@yahoo.com,Australia,2022-09-08,Standard,515.9
2067,Colleen Wright,colleen.wright2067@yahoo.com,United States,2024-03-28,Basic,470.0
2068,Shelley Miller,shelley.miller2068@yahoo.com,United States,2020-04-04,Standard,1105.94
2069,Michael Miller,michael.miller2069@hotmail.com,United States,2021-05-17,Premium,1845.11
2070,Amy Kelley,amy.kelley2070@gmail.com,Japan,2020-11-12,Standard,746.31
2071,Calebe Ribeiro,calebe.ribeiro2071@hotmail.com,Brazil,2021-02-16,Standard,186.23
2072,Laura Hernandez,laura.hernandez2072@proton.me,United States,2020-11-08,Standard,842.85
2073,Joseph Wilson,joseph.wilson2073@proton.me,Japan,2025-01-20,Basic,146.37
2074,Kevin Davis,kevin.davis2074@yahoo.com,United States,2026-05-12,Standard,1560.43
2075,Rhonda Chavez,rhonda.chavez2075@outlook.com,United States,2023-11-21,Standard,1163.11
2076,Alex Hernandez,alex.hernandez2076@yahoo.com,Canada,2025-11-07,Basic,650.44
2077,Joyce Brown,joyce.brown2077@gmail.com,United States,2026-01-04,Premium,2693.46
2078,Robert Cummings,robert.cummings2078@outlook.com,United States,2021-04-15,Basic,44.91
2079,Robert Reese,robert.reese2079@gmail.com,United States,2021-06-02,Standard,944.6
2080,Paloma Cainero,paloma.cainero2080@outlook.com,Italy,2026-03-08,Standard,920.62
2081,Ayden van Oosten,ayden.van.oosten2081@hotmail.com,Netherlands,2025-09-30,Basic,647.58
2082,Amber Cooper,amber.cooper2082@yahoo.com,United States,2023-02-25,Basic,94.45
2083,Bart van de Pavert,bart.van.de.pavert2083@icloud.com,Netherlands,2023-06-30,Premium,1561.58
2084,Margaud Faivre,margaud.faivre2084@hotmail.com,France,2025-01-01,Standard,1382.68
2085,Teun Lemmens,teun.lemmens2085@icloud.com,Netherlands,2021-03-16,Standard,858.37
2086,Michael Elliott,michael.elliott2086@outlook.com,Canada,2020-09-20,Standard,1617.59
2087,Alberto Cabrini,alberto.cabrini2087@outlook.com,Italy,2026-07-31,Standard,1146.41
2088,Zachary Michael,zachary.michael2088@icloud.com,Japan,2023-12-13,Standard,339.17
2089,Merijn Doesburg,merijn.doesburg2089@hotmail.com,Netherlands,2022-01-31,Standard,269.86
2090,Banjeet Balasubramanian,banjeet.balasubramanian2090@outlook.com,India,2021-08-17,Basic,107.55
2091,Julia Tucker,julia.tucker2091@gmail.com,United Kingdom,2023-09-09,Standard,1086.32
2092,Yvonne Price,yvonne.price2092@yahoo.com,United Kingdom,2026-04-19,Premium,1849.37
2093,Timothy Johnson,timothy.johnson2093@yahoo.com,United States,2021-02-25,Standard,1331.84
2094,Fabio Pisano,fabio.pisano2094@proton.me,Italy,2020-11-02,Standard,1216.35
2095,Claude Launay,claude.launay2095@hotmail.com,France,2023-07-25,Basic,158.75
2096,Randy Cannon,randy.cannon2096@hotmail.com,United States,2025-08-04,Premium,1815.34
2097,Maria Fisher,maria.fisher2097@hotmail.com,United States,2021-12-01,Standard,1125.43
2098,Janet Kane DVM,janet.kane.dvm2098@gmail.com,United States,2023-03-13,Premium,3698.23
2099,Michael Wang,michael.wang2099@gmail.com,Canada,2025-03-06,Standard,1538.71
2100,Gerlinde Wesack,gerlinde.wesack2100@icloud.com,Germany,2025-11-30,Premium,3185.67
2101,Michael Stanley,michael.stanley2101@gmail.com,United States,2024-08-27,Basic,210.4
2102,Jason Powell,jason.powell2102@hotmail.com,Australia,2020-11-22,Standard,666.74
2103,Ryan Bahri,ryan.bahri2103@hotmail.com,India,2023-05-07,Standard,900.06
2104,Maria Lima,maria.lima2104@gmail.com,Brazil,2024-03-11,Basic,94.35
2105,Martha Bailey,martha.bailey2105@gmail.com,United States,2021-07-22,Premium,1994.58
2106,Sophie Leroux-Bernier,sophie.leroux.bernier2106@hotmail.com,France,2022-07-16,Premium,1507.29
2107,Joshua Rice,joshua.rice2107@outlook.com,Japan,2026-01-10,Basic,655.52
2108,Nina Siqueira,nina.siqueira2108@outlook.com,Brazil,2020-06-25,Premium,4304.44
2109,Courtney Smith,courtney.smith2109@outlook.com,United States,2024-04-03,Standard,431.06
2110,Edwin Nunez,edwin.nunez2110@hotmail.com,United States,2021-05-06,Premium,3989.01
2111,Cameron Fisher,cameron.fisher2111@hotmail.com,Australia,2025-01-04,Standard,1010.91
2112,Kim Morrow,kim.morrow2112@hotmail.com,United States,2025-06-30,Basic,242.29
2113,Megan Orr,megan.orr2113@yahoo.com,Australia,2021-01-11,Standard,638.79
2114,Gregory Hill,gregory.hill2114@icloud.com,United States,2022-09-19,Standard,1363.19
2115,Molly Rodriguez,molly.rodriguez2115@gmail.com,United States,2020-11-03,Basic,65.68
2116,Jennifer Miranda,jennifer.miranda2116@yahoo.com,United States,2025-04-01,Basic,151.84
2117,Alexis Harris,alexis.harris2117@yahoo.com,United States,2026-08-15,Basic,371.9
2118,Damian Harris,damian.harris2118@outlook.com,United Kingdom,2025-02-02,Standard,1548.88
2119,Andrew Harper,andrew.harper2119@yahoo.com,United States,2022-06-15,Basic,285.26
2120,Erika Weller-Linke,erika.weller.linke2120@icloud.com,Germany,2025-10-04,Standard,810.34
2121,Amber Yang,amber.yang2121@hotmail.com,United States,2021-11-03,Standard,1719.97
2122,Lawrence Adkins,lawrence.adkins2122@gmail.com,Canada,2021-08-26,Standard,326.84
2123,David Robinson,david.robinson2123@gmail.com,United States,2025-03-02,Premium,905.77
2124,Stéphanie Poirier,stephanie.poirier2124@hotmail.com,France,2023-12-12,Standard,1679.43
2125,Amy Gordon,amy.gordon2125@hotmail.com,United States,2022-05-18,Premium,2658.1
2126,Robert Oconnell,robert.oconnell2126@gmail.com,Canada,2024-12-12,Standard,311.39
2127,William Date,william.date2127@proton.me,India,2024-09-26,Premium,1500.96
2128,Robert Dennis,robert.dennis2128@outlook.com,United States,2025-12-09,Standard,1005.72
2129,Kyle Chambers,kyle.chambers2129@gmail.com,United States,2022-10-16,Basic,173.22
2130,Eric Thomas,eric.thomas2130@gmail.com,United States,2026-06-14,Standard,258.65
2131,Connie Turner,connie.turner2131@yahoo.com,United States,2024-07-15,Standard,317.15
2132,Elizabeth Kelley,elizabeth.kelley2132@proton.me,Australia,2023-01-03,Standard,432.2
2133,Travis Hobbs,travis.hobbs2133@proton.me,United States,2023-03-25,Basic,219.39
2134,Lori Simmons,lori.simmons2134@yahoo.com,United States,2025-08-23,Basic,444.93
2135,Dustin Jordan,dustin.jordan2135@proton.me,Australia,2022-09-04,Premium,3321.34
2136,William David DDS,william.david.dds2136@outlook.com,United States,2025-02-07,Premium,847.12
2137,Saskia Butte,saskia.butte2137@outlook.com,Germany,2020-03-26,Premium,1776.18
2138,Emma Butler,emma.butler2138@proton.me,United States,2020-02-09,Standard,1749.74
2139,Ishwar Kamdar,ishwar.kamdar2139@hotmail.com,India,2022-10-10,Standard,224.54
2140,James Webster,james.webster2140@proton.me,United States,2023-04-05,Basic,379.56
2141,Samuel Turner,samuel.turner2141@yahoo.com,United States,2021-01-19,Premium,3774.4
2142,Dawn Goddard,dawn.goddard2142@hotmail.com,United Kingdom,2023-12-07,Basic,198.7
2143,Frau Nermin Reuter B.Sc.,frau.nermin.reuter.b.sc2143@outlook.com,Germany,2025-02-22,Premium,2104.72
2144,Timothée Baron-Gosselin,timothee.baron.gosselin2144@icloud.com,France,2025-06-06,Premium,3337.4
2145,Véronique de la Paris,veronique.de.la.paris2145@gmail.com,France,2021-08-28,Basic,602.98
2146,Aahana Pillay,aahana.pillay2146@yahoo.com,India,2024-01-03,Standard,553.21
2147,Mary Marshall,mary.marshall2147@hotmail.com,Australia,2024-01-12,Standard,297.3
2148,Cristian Miralles-Gómez,cristian.miralles.gomez2148@hotmail.com,Spain,2021-03-18,Basic,617.07
2149,Astrid Delannoy,astrid.delannoy2149@hotmail.com,France,2025-11-28,Premium,4168.21
2150,Julian Hammond-Barnes,julian.hammond.barnes2150@outlook.com,United Kingdom,2024-05-20,Standard,1709.69
2151,Renee Melendez,renee.melendez2151@yahoo.com,United States,2020-06-17,Standard,1308.03
2152,Carlos Eduardo Araújo,carlos.eduardo.araujo2152@gmail.com,Brazil,2024-11-10,Basic,407.5
2153,Joshua Heribert van Laon-Poncelet,joshua.heribert.van.laon.poncelet2153@outlook.com,Netherlands,2023-03-27,Premium,830.84
2154,Hector Castro-Marín,hector.castro.marin2154@yahoo.com,Spain,2025-03-25,Standard,1013.26
2155,Aimee Wright-Roberts,aimee.wright.roberts2155@icloud.com,United Kingdom,2021-10-28,Standard,625.63
2156,Milan Everts,milan.everts2156@gmail.com,Netherlands,2025-02-02,Premium,1847.16
2157,Ishwar Gade,,India,2025-06-23,Standard,860.03
2158,Georges Maillard Le Julien,georges.maillard.le.julien2158@gmail.com,France,2020-07-23,Standard,727.86
2159,Kirsty Clark,kirsty.clark2159@icloud.com,United Kingdom,2026-04-15,Premium,1118.21
2160,Tracy Grant,tracy.grant2160@proton.me,United States,2022-03-16,Standard,1665.13
2161,Josephine Bray,josephine.bray2161@gmail.com,United Kingdom,2025-04-22,Basic,192.89
2162,Audrey Dos Santos-Fernandes,audrey.dos.santos.fernandes2162@hotmail.com,France,2024-09-26,Standard,1641.87
2163,David Harris,david.harris2163@outlook.com,Japan,2023-06-26,Premium,2412.52
2164,Tammy Boone,tammy.boone2164@icloud.com,Japan,2021-07-24,Standard,479.19
2165,Nathaniel Lee,nathaniel.lee2165@icloud.com,United States,2022-03-28,Standard,291.24
2166,Alexander Collins,alexander.collins2166@proton.me,Canada,2025-03-03,Standard,770.34
2167,Michael Morrison,michael.morrison2167@hotmail.com,Japan,2021-01-28,Premium,2435.03
2168,Rachel Hammond-Thompson,rachel.hammond.thompson2168@proton.me,United Kingdom,2024-01-04,Standard,855.65
2169,Dorle Seip,dorle.seip2169@hotmail.com,Germany,2025-03-04,Premium,2867.96
2170,Maura Fuseli,maura.fuseli2170@hotmail.com,Italy,2020-12-28,Basic,440.27
2171,Hilary Morris-Pearce,hilary.morris.pearce2171@yahoo.com,United Kingdom,2026-07-05,Standard,360.0
2172,Tina Sanders,tina.sanders2172@icloud.com,Canada,2023-04-16,Premium,3926.9
2173,Chelsea Gill,chelsea.gill2173@proton.me,United States,2020-01-25,Standard,1408.94
2174,Angela Vaughn,angela.vaughn2174@gmail.com,Canada,2020-12-12,Premium,3870.61
2175,Hritik Bal,hritik.bal2175@outlook.com,India,2021-02-02,Basic,406.67
2176,Léon Lemonnier-Brunet,leon.lemonnier.brunet2176@gmail.com,France,2021-05-12,Basic,480.23
2177,Daniel Kennedy,daniel.kennedy2177@gmail.com,Australia,2022-04-19,Standard,1077.38
2178,Annunziata Dandolo,annunziata.dandolo2178@yahoo.com,Italy,2022-07-04,Basic,456.78
2179,Kristin Mendoza,kristin.mendoza2179@proton.me,United States,2023-06-27,Basic,657.16
2180,Maryam van den Nuwenhuijzen,maryam.van.den.nuwenhuijzen2180@icloud.com,Netherlands,2022-04-02,Premium,800.13
2181,Keya Ranganathan,keya.ranganathan2181@gmail.com,India,2025-10-30,Premium,1555.89
2182,Reinhart Siering,reinhart.siering2182@icloud.com,Germany,2024-12-22,Standard,1677.97
2183,Beverley Harvey-Holmes,beverley.harvey.holmes2183@hotmail.com,United Kingdom,2022-01-23,Basic,593.16
2184,Ashley Barton,ashley.barton2184@icloud.com,Canada,2024-12-03,Basic,441.58
2185,Pietro Becker,pietro.becker2185@proton.me,Germany,2020-03-29,Premium,3828.64
2186,Faqid Kibe,faqid.kibe2186@yahoo.com,India,2025-09-26,Basic,394.01
2187,Dr. Siegfried Bärer B.A.,dr.siegfried.barer.b.a2187@outlook.com,Germany,2023-03-31,Standard,1732.5
2188,Dr. Hugo Staude B.Sc.,dr.hugo.staude.b.sc2188@proton.me,Germany,2023-02-01,Standard,1301.13
2189,Felicia Krueger,felicia.krueger2189@hotmail.com,United States,2024-10-06,Premium,1848.66
2190,Timothy Hayden,timothy.hayden2190@hotmail.com,United States,2020-02-15,Standard,206.24
2191,Charvi Dara,charvi.dara2191@proton.me,India,2024-12-25,Premium,4156.12
9148,Adelasia Pennetta,adelasia.pennetta2192@hotmail.com,Italy,2025-02-20,Standard,1769.89
2193,Reece Hewitt-Knight,reece.hewitt.knight2193@icloud.com,United Kingdom,2022-05-13,Standard,1315.27
2194,Gerald Francis,gerald.francis2194@gmail.com,United Kingdom,2021-12-15,Standard,730.58
2195,Arthur du Cordier,arthur.du.cordier2195@outlook.com,France,2025-02-25,Basic,556.02
2196,Zachary Mendoza,zachary.mendoza2196@proton.me,United States,2023-05-25,Basic,71.04
2197,Maitê Caldeira,maite.caldeira2197@hotmail.com,Brazil,2024-03-22,Basic,433.94
2198,Larry Harris,larry.harris2198@proton.me,United States,2025-09-07,Basic,379.67
2199,Kristen Rowe,kristen.rowe2199@outlook.com,United States,2026-08-08,Basic,259.96
2200,Idika Walia,idika.walia2200@hotmail.com,India,2020-10-03,Premium,3952.52
2201,Joseph Howard,joseph.howard2201@gmail.com,United States,2021-03-11,Standard,1270.88
2202,Alexandra Hunter,alexandra.hunter2202@yahoo.com,United Kingdom,2022-08-27,Premium,4058.8
2203,Suzanne Legros,suzanne.legros2203@hotmail.com,France,2024-09-16,Basic,66.8
2204,Jose Crawford,jose.crawford2204@gmail.com,United States,2020-10-25,Standard,767.63
2205,Kamala Biswas,kamala.biswas2205@gmail.com,India,2021-12-13,Standard,1302.9
2206,Malcolm Payne,malcolm.payne2206@proton.me,United Kingdom,2026-06-08,Standard,472.93
2207,Holger Thies B.Eng.,holger.thies.b.eng2207@proton.me,Germany,2023-03-17,Standard,1374.55
2208,Charlotte auch Schlauchin,charlotte.auch.schlauchin2208@icloud.com,Germany,2022-02-26,Premium,889.7
2209,Rodolfo Lucchesi-Ramazzotti,rodolfo.lucchesi.ramazzotti2209@gmail.com,Italy,2022-04-13,Premium,1320.08
2210,William Harrison,william.harrison2210@hotmail.com,United States,2026-05-16,Standard,268.74
2211,Suzanne Wood,suzanne.wood2211@proton.me,United States,2025-12-03,Standard,1523.46
2212,Lindsay Martinez,lindsay.martinez2212@hotmail.com,Canada,2025-08-13,Standard,1170.49
2213,Dr. Hannah Patterson,dr.hannah.patterson2213@yahoo.com,Canada,2020-10-02,Standard,1182.03
2214,Justin Walker,justin.walker2214@icloud.com,Japan,2020-11-16,Premium,2713.81
2215,Dean Donovan,dean.donovan2215@hotmail.com,United States,2022-08-02,Premium,2799.99
2216,Jennifer Hernandez,jennifer.hernandez2216@outlook.com,United States,2022-10-26,Standard,740.54
2217,James Whitaker,james.whitaker2217@yahoo.com,Japan,2023-03-25,Premium,2928.82
2218,Gael Correia,gael.correia2218@icloud.com,Brazil,2025-08-10,Standard,1170.76
2219,Jonathan Peterson,jonathan.peterson2219@gmail.com,Canada,2026-07-15,Standard,1663.7
2220,Mr. Michael Scott PhD,mr.michael.scott.phd2220@gmail.com,United States,2020-05-12,Standard,580.45
2221,Hazel Lee,hazel.lee2221@gmail.com,United Kingdom,2021-07-24,Standard,1497.66
2222,Billy Watson,billy.watson2222@proton.me,United Kingdom,2020-09-12,Standard,270.3
2223,Sig.ra Daria Faugno,sig.ra.daria.faugno2223@icloud.com,Italy,2020-05-24,Standard,266.76
2224,Reiner Fröhlich,reiner.frohlich2224@proton.me,Germany,2020-11-26,Basic,348.17
2225,Maria Henry,maria.henry2225@proton.me,United States,2020-06-19,Premium,2637.41
2226,Robert Jackson,robert.jackson2226@outlook.com,United States,2024-11-02,Standard,1439.54
2227,Katherine Stark,katherine.stark2227@yahoo.com,Japan,2020-03-28,Basic,42.79
2228,Rebecca Jackson,rebecca.jackson2228@yahoo.com,Australia,2025-12-28,Standard,775.99
2229,François De Oliveira,francois.de.oliveira2229@gmail.com,France,2026-03-13,Standard,788.76
2230,Dr Gerard Thomas,dr.gerard.thomas2230@yahoo.com,United Kingdom,2024-10-26,Basic,395.94
2231,Maria Brown,maria.brown2231@gmail.com,United States,2024-02-15,Standard,716.16
2232,Estela Belmonte Agustí,estela.belmonte.agusti2232@yahoo.com,Spain,2022-08-08,Premium,837.18
2233,Babett Sager,babett.sager2233@icloud.com,Germany,2026-05-15,Premium,3766.54
2234,Ryan Landry,ryan.landry2234@yahoo.com,Japan,2020-08-20,Premium,1268.85
2235,Pamela Gutierrez,pamela.gutierrez2235@gmail.com,United States,2023-07-10,Standard,1231.09
2236,Crystal Mann,crystal.mann2236@outlook.com,United States,2021-06-15,Standard,939.86
2237,Jonathan Brooks,jonathan.brooks2237@gmail.com,United States,2020-11-08,Standard,1047.02
2238,Vito Jockel,vito.jockel2238@proton.me,Germany,2024-01-02,Basic,604.66
2239,Heidelore Trubin-Gumprich,heidelore.trubin.gumprich2239@outlook.com,Germany,2024-02-11,Basic,222.56
2240,Advik Salvi,advik.salvi2240@icloud.com,India,2022-12-31,Standard,1043.34
2241,Mary Jensen,mary.jensen2241@outlook.com,United States,2024-08-09,Basic,444.76
2242,Mr. Aaron Arnold,mr.aaron.arnold2242@yahoo.com,United States,2021-07-15,Basic,376.67
2243,Mr Damian Reynolds,mr.damian.reynolds2243@icloud.com,United Kingdom,2022-05-13,Premium,3482.17
2244,Jose Schultz,jose.schultz2244@gmail.com,Australia,2022-08-20,Standard,1222.35
2245,Knut Stumpf,knut.stumpf2245@gmail.com,Germany,2020-03-28,Standard,205.7
2246,Joseph Hill,joseph.hill2246@hotmail.com,United States,2023-05-15,Basic,82.03
2247,Alicia Li,alicia.li2247@icloud.com,United States,2024-04-21,Standard,1573.58
2248,Bradley Clayton,bradley.clayton2248@gmail.com,United Kingdom,2022-07-08,Standard,454.3
2249,Herr Nicolai Wirth B.Eng.,herr.nicolai.wirth.b.eng2249@gmail.com,Germany,2023-06-03,Premium,3623.09
2250,María Ángeles Cabo Beltrán,maria.angeles.cabo.beltran2250@icloud.com,Spain,2023-10-09,Basic,637.53
2251,Veerle Robbrechts Bruijne,veerle.robbrechts.bruijne2251@icloud.com,Netherlands,2022-06-05,Basic,255.14
2252,Noud Timmermans-Passchiers,noud.timmermans.passchiers2252@hotmail.com,Netherlands,2024-10-17,Basic,651.78
2253,Robert Potter,robert.potter2253@gmail.com,Australia,2026-03-16,Standard,1340.14
2254,Aimée Salmon,aimee.salmon2254@icloud.com,France,2025-03-13,Standard,1336.71
2255,Courtney Gonzalez,courtney.gonzalez2255@outlook.com,Australia,2021-10-27,Basic,340.45
2256,Noemí Razo,noemi.razo2256@yahoo.com,Mexico,2021-06-24,Basic,214.47
2257,Monique-Valentine Robert,monique.valentine.robert2257@outlook.com,France,2020-12-16,Basic,545.65
2258,Charlie Thomson,charlie.thomson2258@icloud.com,United Kingdom,2024-06-04,Premium,1814.8
2259,Renee Browning,renee.browning2259@outlook.com,United States,2020-02-20,Premium,2903.23
2260,Jordan Jones,jordan.jones2260@outlook.com,United Kingdom,2022-01-02,Standard,178.49
2261,Brent Hernandez,brent.hernandez2261@gmail.com,United States,2024-01-09,Standard,1543.14
2262,Joseph Ochoa,joseph.ochoa2262@gmail.com,United States,2026-07-01,Basic,211.6
2263,Hitesh Sant,hitesh.sant2263@outlook.com,India,2020-09-19,Standard,575.71
2264,David Alvarez,david.alvarez2264@outlook.com,Australia,2025-07-20,Premium,3132.25
2265,James Watson,james.watson2265@icloud.com,United States,2020-07-22,Standard,1230.09
2266,Karl Branch,karl.branch2266@icloud.com,United States,2024-12-08,Standard,219.23
2267,Lucy Chrétien,lucy.chretien2267@gmail.com,France,2022-11-27,Basic,35.88
2268,Melissa Carvalho,melissa.carvalho2268@outlook.com,Brazil,2026-01-22,Basic,430.39
2269,Miss Georgia Davies,miss.georgia.davies2269@gmail.com,United Kingdom,2025-09-07,Standard,993.21
2270,Michael Abbott,michael.abbott2270@outlook.com,United States,2026-05-25,Standard,1507.44
2271,Rocco Rosemann,rocco.rosemann2271@proton.me,Germany,2024-10-12,Basic,121.58
2272,Mr Roger Ali,mr.roger.ali2272@outlook.com,United Kingdom,2023-10-04,Basic,630.74
2273,Gareth Adams,gareth.adams2273@outlook.com,United Kingdom,2020-05-07,Premium,965.06
2274,Clotilde del Cazorla,clotilde.del.cazorla2274@icloud.com,Spain,2020-04-14,Premium,1582.47
2275,Mrs Carole Nicholson,mrs.carole.nicholson2275@proton.me,United Kingdom,2025-09-12,Basic,506.17
2276,Vera Bayona Hidalgo,vera.bayona.hidalgo2276@hotmail.com,Spain,2026-07-14,Premium,3487.16
2277,Georgia Clark-Clements,georgia.clark.clements2277@proton.me,United Kingdom,2020-11-17,Basic,672.07
2278,Fernando Garza Barela,fernando.garza.barela2278@icloud.com,Mexico,2025-08-24,Basic,450.47
2279,Angel Perry,angel.perry2279@icloud.com,Australia,2021-05-11,Basic,381.24
2280,Shannon Malone,shannon.malone2280@hotmail.com,United States,2025-11-18,Standard,672.95
2281,James Tran,james.tran2281@icloud.com,United States,2023-04-15,Basic,246.86
2282,Jayda Huijbrechts,jayda.huijbrechts2282@outlook.com,Netherlands,2022-08-03,Standard,1384.51
2283,Adam Jackson,adam.jackson2283@yahoo.com,United States,2024-12-27,Basic,619.15
2284,Mr Hugh Taylor,mr.hugh.taylor2284@outlook.com,United Kingdom,2026-04-14,Standard,1659.15
2285,Tripti Dua,tripti.dua2285@icloud.com,India,2022-08-01,Standard,841.1
2286,Samantha Garcia,samantha.garcia2286@yahoo.com,Canada,2026-01-11,Standard,1650.29
2287,Paulette Tanguy,paulette.tanguy2287@proton.me,France,2021-07-19,Standard,1463.16
2288,Russell Holloway,russell.holloway2288@gmail.com,United Kingdom,2020-11-29,Standard,983.29
2289,Mr. Richard Knight PhD,mr.richard.knight.phd2289@hotmail.com,United States,2022-03-22,Basic,616.57
2290,Joseph Williams,joseph.williams2290@gmail.com,United States,2024-09-10,Standard,1065.05
2291,Elodia Cruz Ríos,elodia.cruz.rios2291@proton.me,Spain,2021-02-17,Premium,926.08
2292,Hakan Reichmann,hakan.reichmann2292@proton.me,Germany,2021-11-14,Basic,114.35
2293,Emilly da Mota,emilly.da.mota2293@hotmail.com,Brazil,2024-09-25,Standard,813.82
2294,Madison Poole,madison.poole2294@proton.me,Canada,2023-04-16,Premium,4120.48
2295,Sean Clay,sean.clay2295@icloud.com,Japan,2021-03-17,Basic,55.54
2296,Cheyenne Horton,cheyenne.horton2296@outlook.com,Australia,2025-01-12,Basic,450.81
2297,David Douglas Jr.,david.douglas.jr2297@hotmail.com,Australia,2023-03-30,Basic,497.58
2298,Patricia Rodriguez,patricia.rodriguez2298@proton.me,Australia,2026-08-11,Basic,657.22
2299,Anthony Jones,,United States,2026-08-28,Standard,1261.95
2300,Univ.Prof. Gundel Bohnbach,univ.prof.gundel.bohnbach2300@outlook.com,Germany,2024-12-01,Premium,3473.37
2301,Stephanie Elliott,stephanie.elliott2301@gmail.com,United States,2022-08-09,Standard,712.84
2302,Jessica Gross,jessica.gross2302@icloud.com,Canada,2026-07-02,Standard,1681.27
2303,Jeremy Johnson,jeremy.johnson2303@hotmail.com,United Kingdom,2023-07-28,Basic,668.62
2304,Timothy Edwards,timothy.edwards2304@proton.me,United States,2022-05-12,Standard,609.12
2305,Laurie Goodwin,laurie.goodwin2305@outlook.com,Japan,2021-02-11,Standard,423.23
2306,Terry Williams,terry.williams2306@hotmail.com,United Kingdom,2024-12-02,Standard,429.38
2307,Ofelia del Ángel,ofelia.del.angel2307@outlook.com,Spain,2021-03-10,Basic,474.84
2308,Jennifer Jones,jennifer.jones2308@yahoo.com,United States,2026-03-11,Basic,534.53
2309,David Davenport,david.davenport2309@gmail.com,United States,2026-01-20,Standard,471.97
2310,Agatha Linke,agatha.linke2310@gmail.com,Germany,2024-02-22,Standard,1703.98
2311,Debra Morton,debra.morton2311@proton.me,Canada,2024-12-27,Standard,1521.21
2312,Clare Phillips,clare.phillips2312@gmail.com,United Kingdom,2021-05-06,Standard,863.24
2313,Steven Rivera,steven.rivera2313@yahoo.com,United States,2023-02-14,Basic,103.61
2314,Dawn Williams,dawn.williams2314@gmail.com,United Kingdom,2022-06-30,Basic,245.8
2315,Karen Graham,karen.graham2315@outlook.com,Canada,2025-01-31,Standard,996.19
2316,Christopher Rubio,christopher.rubio2316@proton.me,Australia,2023-07-13,Basic,50.89
2317,Brenda Hinton,brenda.hinton2317@proton.me,United States,2025-11-05,Standard,1538.36
2318,Geneviève Coulon-Vasseur,genevieve.coulon.vasseur2318@proton.me,France,2020-05-25,Basic,448.42
2319,Kathryn Mccann,kathryn.mccann2319@icloud.com,United States,2024-03-20,Basic,173.64
2320,Jeffrey Roberson,jeffrey.roberson2320@hotmail.com,United States,2021-09-12,Standard,458.72
2321,Frau Ildiko Klotz MBA.,frau.ildiko.klotz.mba2321@yahoo.com,Germany,2022-03-24,Standard,296.37
2322,Debra Christian,debra.christian2322@proton.me,Canada,2022-05-27,Premium,1048.87
2323,Angelica Keith,angelica.keith2323@yahoo.com,Canada,2021-12-30,Premium,3345.53
2324,Patrick Vig,patrick.vig2324@proton.me,India,2026-07-19,Standard,725.36
2325,John Bishop,john.bishop2325@yahoo.com,Canada,2023-05-14,Basic,615.65
2326,Martin-Patrick Leroy,martin.patrick.leroy2326@hotmail.com,France,2024-05-25,Standard,1046.63
2327,Norman O'Neill-Simpson,norman.o.neill.simpson2327@yahoo.com,United Kingdom,2021-04-05,Basic,630.35
2328,Amber Wright,amber.wright2328@hotmail.com,Australia,2025-01-05,Standard,1242.99
2329,Randy Friedman,randy.friedman2329@hotmail.com,United States,2023-07-30,Standard,723.5
2330,Trevor Ellis,trevor.ellis2330@yahoo.com,United Kingdom,2025-06-04,Basic,608.21
2331,Veda Shroff,veda.shroff2331@proton.me,India,2022-08-19,Premium,1791.32
2332,Raymond Johnson,,United States,2020-09-06,Standard,683.27
2333,Maggie Laroche,maggie.laroche2333@hotmail.com,France,2024-05-22,Basic,312.01
2334,Willie Henry,willie.henry2334@gmail.com,United States,2023-01-04,Standard,511.26
2335,Amrita Naidu,amrita.naidu2335@gmail.com,India,2023-06-17,Standard,515.16
2336,Todd Reynolds,todd.reynolds2336@icloud.com,Japan,2022-04-24,Basic,99.46
2337,Gian Biagi-Veneziano,gian.biagi.veneziano2337@icloud.com,Italy,2023-09-12,Premium,2797.14
2338,Luca Bettoni,luca.bettoni2338@gmail.com,Italy,2024-04-02,Premium,3407.5
2339,Nazario Marí Calleja,nazario.mari.calleja2339@icloud.com,Spain,2020-09-16,Standard,1005.77
2340,Julia Brown-Miles,julia.brown.miles2340@yahoo.com,United Kingdom,2021-10-05,Basic,291.98
2341,Danielle Bigot,danielle.bigot2341@outlook.com,France,2021-10-23,Basic,248.76
2342,Mary Miller,mary.miller2342@proton.me,United States,2022-10-15,Basic,49.35
2343,Rebecca Marquez,rebecca.marquez2343@icloud.com,United States,2021-02-23,Standard,1455.72
2344,Christian Dawson,christian.dawson2344@outlook.com,United States,2023-05-19,Premium,3136.76
2345,Thierry Joubert,thierry.joubert2345@gmail.com,France,2023-01-20,Basic,573.77
2346,Amy Hall,amy.hall2346@hotmail.com,United Kingdom,2021-06-21,Basic,616.72
2347,Isadora Barbosa,isadora.barbosa2347@gmail.com,Brazil,2020-10-29,Standard,1310.76
2348,Joyce Solis,joyce.solis2348@gmail.com,Australia,2020-03-01,Basic,390.65
2349,Eligio Carlos Campo,eligio.carlos.campo2349@gmail.com,Spain,2026-08-06,Basic,156.14
2350,Gabriel Mallick,gabriel.mallick2350@outlook.com,India,2023-08-18,Standard,1376.75
2351,Josephine Lee,josephine.lee2351@hotmail.com,United Kingdom,2022-04-10,Premium,4386.27
2352,Allen Rosales,allen.rosales2352@hotmail.com,Canada,2023-04-07,Standard,516.72
2353,Heinz-Joachim Gierschner-Wagner,heinz.joachim.gierschner.wagner2353@outlook.com,Germany,2025-06-02,Standard,1309.75
2354,Daniel Salinas,daniel.salinas2354@hotmail.com,Canada,2020-03-11,Basic,516.1
2355,Sandro Tedesco,sandro.tedesco2355@icloud.com,Italy,2021-03-19,Standard,1103.5
2356,Nancy Stewart,nancy.stewart2356@yahoo.com,United States,2025-01-05,Standard,1079.2
2357,Yagnesh Shetty,yagnesh.shetty2357@outlook.com,India,2021-08-11,Basic,683.68
2358,Aaron Parker,aaron.parker2358@yahoo.com,United States,2022-04-30,Basic,355.62
2359,Derrick Anderson,derrick.anderson2359@yahoo.com,United States,2024-07-09,Standard,931.3
2360,Louis Allain,louis.allain2360@icloud.com,France,2022-08-10,Premium,2625.65
2361,Louise Renner,louise.renner2361@proton.me,Germany,2023-10-15,Basic,49.64
2362,Alexandrie-Aurélie Weiss,alexandrie.aurelie.weiss2362@icloud.com,France,2024-07-23,Basic,206.0
2363,Jerry Peters,jerry.peters2363@icloud.com,United States,2025-06-24,Standard,666.48
2364,Gayathri Balakrishnan,gayathri.balakrishnan2364@outlook.com,India,2025-03-04,Basic,372.24
2365,Beatriz Aragão,beatriz.aragao2365@proton.me,Brazil,2020-11-29,Basic,312.35
2366,Alexander Gomez,alexander.gomez2366@yahoo.com,United States,2020-02-25,Premium,3568.15
2367,Kyle Nguyen,kyle.nguyen2367@hotmail.com,United States,2021-04-10,Premium,2369.47
2368,Edgar Hughes,edgar.hughes2368@icloud.com,United States,2025-06-18,Premium,4034.6
2369,Dipl.-Ing. Ilonka Wagenknecht B.Eng.,dipl.ing.ilonka.wagenknecht.b.eng2369@gmail.com,Germany,2023-04-30,Premium,4484.25
2370,Christiane Pinto,christiane.pinto2370@proton.me,France,2023-01-15,Standard,1164.92
2371,Jacob Bond,jacob.bond2371@proton.me,United Kingdom,2021-11-10,Premium,2736.03
2372,Steven Stein,steven.stein2372@icloud.com,United States,2024-02-29,Standard,564.54
2373,Silja Henschel,silja.henschel2373@outlook.com,Germany,2021-07-08,Premium,3445.8
2374,Fredo Mende,fredo.mende2374@outlook.com,Germany,2024-09-01,Premium,2540.83
2375,Alejandra Rolando Urrutia Godínez,alejandra.rolando.urrutia.godinez2375@gmail.com,Mexico,2023-07-01,Basic,159.51
2376,Laura Jackson,laura.jackson2376@hotmail.com,United States,2023-09-17,Premium,3112.4
2377,Ekta Gopal,ekta.gopal2377@gmail.com,India,2023-12-06,Standard,1607.52
2378,Lynne Lee-Robinson,lynne.lee.robinson2378@gmail.com,United Kingdom,2022-02-28,Standard,1504.24
2379,Ágatha Albuquerque,agatha.albuquerque2379@icloud.com,Brazil,2023-06-06,Standard,1415.53
2380,Calixta del Luján,calixta.del.lujan2380@icloud.com,Spain,2026-01-25,Standard,484.27
2381,Simon Pant,simon.pant2381@gmail.com,India,2022-06-05,Standard,583.85
2382,Charles Turner,charles.turner2382@icloud.com,United States,2026-08-02,Standard,781.86
2383,Spencer Haynes,spencer.haynes2383@icloud.com,Canada,2023-02-09,Basic,522.65
2384,Harini Mammen,harini.mammen2384@hotmail.com,India,2022-05-07,Premium,3698.45
2385,Dr. Abraham Batista,dr.abraham.batista2385@gmail.com,Mexico,2021-08-23,Premium,2559.22
2386,Arthur Hamilton MD,arthur.hamilton.md2386@gmail.com,United States,2020-08-01,Premium,3786.77
2387,Dipl.-Ing. Kasimir Schmidt MBA.,dipl.ing.kasimir.schmidt.mba2387@hotmail.com,Germany,2023-09-01,Standard,1404.01
2388,Mr. David Wright,mr.david.wright2388@hotmail.com,United States,2024-03-25,Basic,501.72
2389,Carole Fisher,carole.fisher2389@icloud.com,United Kingdom,2023-07-22,Standard,1607.42
2390,Isaac Cavalcante,isaac.cavalcante2390@yahoo.com,Brazil,2023-02-11,Basic,591.92
2391,Adam Vaughan,adam.vaughan2391@hotmail.com,Canada,2022-10-23,Standard,1070.54
2392,Alma Oderwald,alma.oderwald2392@outlook.com,Germany,2021-12-30,Premium,2153.04
2393,Clarissa Neuschäfer,clarissa.neuschafer2393@proton.me,Germany,2023-11-18,Basic,169.3
2394,Nathan Freeman,nathan.freeman2394@yahoo.com,Canada,2024-04-15,Standard,1689.77
2395,Estela Barreto Aparicio,estela.barreto.aparicio2395@yahoo.com,Mexico,2024-12-15,Standard,471.57
2396,Advaith Varughese,advaith.varughese2396@outlook.com,India,2021-01-20,Basic,643.17
2397,Melissa Brewer,melissa.brewer2397@gmail.com,Canada,2023-01-23,Premium,1817.32
2398,Hans Dieter Heser B.Eng.,hans.dieter.heser.b.eng2398@gmail.com,Germany,2022-11-02,Standard,244.42
2399,Ricky Davis II,ricky.davis.ii2399@gmail.com,Canada,2025-04-12,Basic,451.76
2400,Susanne Schenk,susanne.schenk2400@hotmail.com,Germany,2026-02-12,Basic,50.78
2401,Linda Gonzalez,linda.gonzalez2401@proton.me,United States,2021-09-19,Basic,144.41
2402,Raquel Mendes,raquel.mendes2402@gmail.com,Brazil,2024-09-14,Basic,105.61
2403,Kriemhild Atzler,kriemhild.atzler2403@proton.me,Germany,2020-09-12,Standard,1565.52
2404,Eric Rush,eric.rush2404@yahoo.com,United States,2020-03-09,Standard,1258.79
2405,Manuel Brock,manuel.brock2405@proton.me,Japan,2021-11-24,Basic,421.12
2406,Diana Bettin,diana.bettin2406@icloud.com,Italy,2020-02-28,Basic,297.14
2407,Murilo Araújo,murilo.araujo2407@proton.me,Brazil,2020-09-08,Premium,3852.68
2408,Elizabeth Perkins,elizabeth.perkins2408@proton.me,Canada,2022-12-28,Premium,2440.58
2409,George Ochoa,george.ochoa2409@yahoo.com,United States,2025-09-01,Standard,1198.24
2410,Mateus Abreu,mateus.abreu2410@gmail.com,Brazil,2023-06-28,Standard,728.63
2411,Ms Abbie Buckley,ms.abbie.buckley2411@icloud.com,United Kingdom,2020-12-18,Standard,913.96
2412,Valerie Taylor,valerie.taylor2412@gmail.com,United States,2022-01-17,Basic,150.32
2413,Frederick Khurana,frederick.khurana2413@gmail.com,India,2021-11-24,Basic,171.83
2414,Janet White,janet.white2414@gmail.com,United Kingdom,2022-10-07,Standard,1273.47
2415,Aria Fantoni,aria.fantoni2415@yahoo.com,Italy,2021-06-27,Standard,775.86
2416,Dr Ronald McDonald,dr.ronald.mcdonald2416@outlook.com,United Kingdom,2021-07-29,Standard,833.07
2417,Julia Viana,julia.viana2417@outlook.com,Brazil,2022-03-27,Premium,1891.25
2418,André Bertin,andre.bertin2418@outlook.com,France,2021-01-13,Standard,1104.85
2419,Aaron Perry,aaron.perry2419@proton.me,United Kingdom,2025-11-12,Standard,1191.19
2420,Laura Lima,laura.lima2420@gmail.com,Brazil,2026-07-25,Standard,1037.62
2421,Travis Harris,travis.harris2421@proton.me,United States,2024-11-12,Standard,1488.0
2422,Juliette Tuithof,juliette.tuithof2422@yahoo.com,Netherlands,2023-11-02,Standard,981.21
2423,Adam van Kuijc van Malsen,adam.van.kuijc.van.malsen2423@outlook.com,Netherlands,2021-01-06,Standard,497.69
2424,Vincent Novak,vincent.novak2424@outlook.com,United States,2020-05-08,Basic,374.0
2425,Vrinda Khosla,vrinda.khosla2425@hotmail.com,India,2021-07-26,Standard,682.94
2426,Joseph Coleman,joseph.coleman2426@proton.me,Canada,2026-08-07,Basic,242.6
2427,Michael Henry,michael.henry2427@outlook.com,United States,2020-02-02,Premium,2559.33
2428,Leanne Smart-Jackson,leanne.smart.jackson2428@gmail.com,United Kingdom,2022-02-05,Basic,231.74
2429,Augustin Hendriks MBA.,augustin.hendriks.mba2429@yahoo.com,Germany,2020-03-30,Standard,1167.41
2430,Vritti Sem,vritti.sem2430@proton.me,India,2024-11-16,Basic,344.66
2431,Dana Bennett,dana.bennett2431@proton.me,United States,2024-03-08,Standard,946.22
2432,Prof. Nurten Hendriks MBA.,prof.nurten.hendriks.mba2432@gmail.com,Germany,2022-08-17,Basic,633.08
2433,Erin Warner,erin.warner2433@hotmail.com,Canada,2024-10-10,Basic,668.94
2434,Dipl.-Ing. Reingard Bachmann B.Sc.,dipl.ing.reingard.bachmann.b.sc2434@gmail.com,Germany,2021-11-02,Standard,1671.88
2435,Jenna Wilson,jenna.wilson2435@proton.me,Japan,2025-11-16,Premium,4397.98
2436,Victoria Larson,victoria.larson2436@yahoo.com,Australia,2023-09-26,Basic,61.32
2437,Leslie Gardner,leslie.gardner2437@yahoo.com,United States,2023-11-18,Standard,422.81
2438,Krista Benton,krista.benton2438@yahoo.com,United States,2022-03-31,Basic,228.37
2439,Michael Gonzales,michael.gonzales2439@yahoo.com,United States,2022-04-12,Standard,1344.82
2440,Michael Fuentes,michael.fuentes2440@icloud.com,United States,2024-03-12,Premium,1389.52
2441,Jennifer Porter,jennifer.porter2441@icloud.com,United States,2024-06-02,Standard,1656.17
2442,Marguerite Lecomte,marguerite.lecomte2442@hotmail.com,France,2022-09-21,Basic,89.68
2443,Dana Hopkins,dana.hopkins2443@yahoo.com,United States,2024-06-25,Basic,631.16
2444,Ben van der Maath,ben.van.der.maath2444@proton.me,Netherlands,2024-10-05,Standard,1031.29
2445,Duncan Taylor,duncan.taylor2445@proton.me,United Kingdom,2026-07-30,Premium,4076.68
2446,Rachel Jones,rachel.jones2446@yahoo.com,United States,2024-02-20,Standard,977.4
2447,Karen Morales DDS,karen.morales.dds2447@icloud.com,United States,2024-06-18,Basic,460.76
2448,Melissa Stephens,melissa.stephens2448@yahoo.com,United States,2020-06-30,Standard,868.41
2449,Max Jones,max.jones2449@proton.me,United Kingdom,2022-01-06,Standard,620.19
2450,Dr Carole Begum,dr.carole.begum2450@hotmail.com,United Kingdom,2020-05-22,Standard,1725.78
2451,Heather Woodard,heather.woodard2451@hotmail.com,United States,2025-10-20,Basic,338.82
2452,Margaret Miller,margaret.miller2452@proton.me,United States,2021-02-19,Standard,817.38
2453,Luca Rousselet-Huisman,luca.rousselet.huisman2453@yahoo.com,Netherlands,2023-07-30,Premium,2675.79
2454,Marguerite Marques,marguerite.marques2454@gmail.com,France,2025-06-14,Standard,1255.82
2455,Dorina Lachmann,dorina.lachmann2455@gmail.com,Germany,2023-05-25,Standard,1374.41
2456,Mary Kelly,mary.kelly2456@hotmail.com,United States,2025-08-18,Standard,931.35
2457,Mr Damien Smith,mr.damien.smith2457@icloud.com,United Kingdom,2024-02-03,Premium,1461.71
2458,Ing. Mehdi Salz B.Eng.,ing.mehdi.salz.b.eng2458@hotmail.com,Germany,2020-11-23,Premium,2047.33
2459,Clementina Paca Novoa Frutos,clementina.paca.novoa.frutos2459@icloud.com,Spain,2022-11-22,Premium,3807.49
2460,Laurence Chrétien,laurence.chretien2460@hotmail.com,France,2024-11-16,Premium,1842.34
2461,Amanda Terrell,amanda.terrell2461@hotmail.com,United States,2025-02-28,Standard,1617.12
2462,Jeannine Faure,jeannine.faure2462@outlook.com,France,2024-10-09,Standard,638.64
2463,Sofie Doorhof,sofie.doorhof2463@icloud.com,Netherlands,2022-12-30,Premium,2120.48
2464,Jennifer Goodwin,jennifer.goodwin2464@outlook.com,United States,2023-05-04,Standard,1133.04
2465,Ms Chelsea Thomas,ms.chelsea.thomas2465@gmail.com,United Kingdom,2025-12-16,Basic,192.82
2466,Jessica Smith,jessica.smith2466@gmail.com,United States,2021-05-31,Basic,452.22
2467,Prof. Katerina Kaul MBA.,prof.katerina.kaul.mba2467@outlook.com,Germany,2023-11-15,Basic,490.07
2468,Jorge Stone,jorge.stone2468@proton.me,United States,2025-11-14,Standard,217.06
2469,Frank Cole-Barker,frank.cole.barker2469@gmail.com,United Kingdom,2021-08-24,Standard,1344.29
2470,Joey Scuylenborchs-Klein,joey.scuylenborchs.klein2470@gmail.com,Netherlands,2024-04-13,Standard,1346.91
2471,Ms Mandy Arnold,ms.mandy.arnold2471@proton.me,United Kingdom,2023-05-21,Standard,186.93
2472,Baldassare Gibilisco,baldassare.gibilisco2472@outlook.com,Italy,2020-11-20,Basic,317.57
2473,Laura Griffin,laura.griffin2473@yahoo.com,United States,2026-05-27,Standard,650.28
2474,David Martinez,david.martinez2474@yahoo.com,Canada,2020-07-19,Standard,930.32
2475,Stephanie Salazar,stephanie.salazar2475@hotmail.com,Australia,2023-01-30,Basic,550.36
2476,Raymond Chapman,raymond.chapman2476@proton.me,United States,2020-07-06,Standard,1651.08
2477,Agnès Bouvet,agnes.bouvet2477@outlook.com,France,2020-01-21,Standard,180.89
2478,Giovanna Tintzmann,giovanna.tintzmann2478@yahoo.com,Germany,2023-01-30,Standard,1138.48
2479,Angélica Noelia Granados Leiva,angelica.noelia.granados.leiva2479@outlook.com,Mexico,2021-02-01,Standard,179.82
2480,Lynda Arnold,lynda.arnold2480@gmail.com,United Kingdom,2023-03-24,Basic,436.29
2481,Emilie Jäkel B.Eng.,emilie.jakel.b.eng2481@hotmail.com,Germany,2023-09-08,Standard,934.74
2482,Bryan Herrera,bryan.herrera2482@outlook.com,Canada,2023-10-27,Standard,1507.34
2483,Haley Johnson,haley.johnson2483@proton.me,United States,2025-08-05,Standard,1301.25
2484,Anastasie Marty-Hubert,anastasie.marty.hubert2484@outlook.com,France,2024-07-08,Premium,3953.48
2485,Carolina Gozzi,carolina.gozzi2485@proton.me,Italy,2025-06-15,Standard,719.74
2486,Jason Nixon,jason.nixon2486@icloud.com,United States,2024-02-21,Standard,1388.91
2487,Herr Oswald Gröttner B.Eng.,herr.oswald.grottner.b.eng2487@hotmail.com,Germany,2020-05-01,Premium,2964.27
2488,Girik Menon,girik.menon2488@icloud.com,India,2024-11-02,Standard,1412.15
2489,Kathy Rivas,kathy.rivas2489@outlook.com,Australia,2026-03-29,Basic,693.03
2490,Mrs Beverley Spencer,mrs.beverley.spencer2490@icloud.com,United Kingdom,2021-06-23,Standard,1715.55
2491,Todd Thomas,todd.thomas2491@hotmail.com,United States,2022-06-13,Standard,332.54
2492,Thomas Wood,thomas.wood2492@yahoo.com,United Kingdom,2024-06-30,Standard,730.84
2493,Jesse Clark,jesse.clark2493@icloud.com,United States,2023-02-16,Standard,749.24
2494,Mr. Jeffrey Horton,mr.jeffrey.horton2494@proton.me,United States,2023-07-25,Standard,1028.64
2495,Eric Patrick,eric.patrick2495@hotmail.com,United States,2025-07-19,Basic,218.24
2496,José Antonio Torres-Iglesias,jose.antonio.torres.iglesias2496@yahoo.com,Spain,2021-12-28,Standard,155.51
2497,Rosalie van der Sande-Stichter,rosalie.van.der.sande.stichter2497@hotmail.com,Netherlands,2021-12-06,Standard,312.23
2498,Nidhi Kohli,nidhi.kohli2498@hotmail.com,India,2024-09-09,Standard,1200.09
2499,Jyoti Solanki,jyoti.solanki2499@yahoo.com,India,2025-08-23,Basic,429.71
2500,Stephanie Manning,stephanie.manning2500@gmail.com,Australia,2023-08-24,Standard,424.66
2501,Pavani Narayanan,pavani.narayanan2501@proton.me,India,2021-01-07,Basic,40.34
2502,Sudiksha Madan,sudiksha.madan2502@proton.me,India,2024-05-13,Standard,1574.67
2503,Dra. Raquel Cassiano,dra.raquel.cassiano2503@yahoo.com,Brazil,2025-02-18,Standard,1593.17
2504,Samuel Wong,samuel.wong2504@proton.me,United States,2022-03-29,Standard,633.42
2505,Carly Riggs,carly.riggs2505@yahoo.com,Japan,2026-06-23,Standard,554.33
2506,Zayan Kashyap,zayan.kashyap2506@yahoo.com,India,2021-12-25,Basic,362.65
2507,Christopher Moore,christopher.moore2507@icloud.com,United States,2023-09-18,Basic,638.49
2508,Tina Hall,tina.hall2508@proton.me,United States,2020-10-13,Premium,919.59
2509,Victor Fournier,victor.fournier2509@icloud.com,France,2025-04-09,Basic,72.5
2510,Pedro Reising,pedro.reising2510@outlook.com,Germany,2026-01-09,Premium,3673.41
2511,Reyansh Mutti,reyansh.mutti2511@icloud.com,India,2020-04-07,Standard,1515.79
2512,Cody Davidson,cody.davidson2512@hotmail.com,United States,2020-06-12,Standard,1332.43
2513,Cathy Robinson,cathy.robinson2513@proton.me,Canada,2024-12-07,Standard,354.69
2514,Allen Mendez,allen.mendez2514@outlook.com,United States,2026-07-02,Basic,100.45
2515,Kevin Price,kevin.price2515@hotmail.com,United States,2023-10-23,Premium,1699.35
2516,Dr. Ekrem Warmer,dr.ekrem.warmer2516@outlook.com,Germany,2021-02-01,Standard,1294.63
2517,Ing. Mirjam Schacht B.Eng.,ing.mirjam.schacht.b.eng2517@proton.me,Germany,2025-07-06,Basic,535.96
2518,Ms Lisa Jones,ms.lisa.jones2518@proton.me,United Kingdom,2024-12-26,Standard,893.12
2519,Christine Goodwin,christine.goodwin2519@outlook.com,United States,2020-05-26,Basic,124.92
2520,Judith Johnson-Simmons,judith.johnson.simmons2520@yahoo.com,United Kingdom,2024-02-28,Standard,1327.78
2521,Maria Davis,maria.davis2521@proton.me,United Kingdom,2021-10-10,Standard,652.82
2522,Gérard Bourgeois,gerard.bourgeois2522@proton.me,France,2023-04-22,Premium,3779.24
2523,Amy Garcia,amy.garcia2523@icloud.com,United States,2023-04-12,Basic,198.68
2524,Chelsea Nguyen,chelsea.nguyen2524@yahoo.com,United States,2026-07-16,Standard,1113.99
2525,Dennis Huffman,dennis.huffman2525@proton.me,United States,2025-09-14,Basic,697.38
2526,Sepp Gude,sepp.gude2526@icloud.com,Germany,2021-11-28,Basic,459.6
2527,Qasim Handa,qasim.handa2527@icloud.com,India,2023-07-11,Standard,773.66
2528,Arturo Roda Lloret,arturo.roda.lloret2528@proton.me,Spain,2021-11-23,Basic,350.39
2529,Dorothea Klingelhöfer,dorothea.klingelhofer2529@hotmail.com,Germany,2020-02-28,Standard,256.84
2530,Margaret Harper,margaret.harper2530@yahoo.com,United States,2022-07-07,Premium,3051.97
2531,Thierry Brunet,thierry.brunet2531@gmail.com,France,2022-03-17,Standard,907.88
2532,Abel Múgica Castrillo,abel.mugica.castrillo2532@gmail.com,Spain,2025-11-16,Basic,525.43
2533,Dr Sam Johnson,dr.sam.johnson2533@gmail.com,United Kingdom,2024-06-20,Standard,1720.85
2534,Dr. William Warren,dr.william.warren2534@outlook.com,Canada,2026-03-16,Basic,596.46
2535,Brian Lee,brian.lee2535@gmail.com,Canada,2020-08-17,Standard,1012.87
2536,Laurie Bailey,laurie.bailey2536@proton.me,United States,2022-01-18,Standard,1223.83
2537,Lisa Cervantes,lisa.cervantes2537@proton.me,United States,2025-02-11,Premium,4423.7
2538,Elizabeth Mendez,elizabeth.mendez2538@outlook.com,United States,2021-01-09,Basic,520.0
2539,Cecilio Sala-Roma,cecilio.sala.roma2539@yahoo.com,Spain,2025-11-10,Standard,492.76
2540,Cesar Wilson,cesar.wilson2540@icloud.com,United States,2025-05-08,Standard,1035.94
2541,David Wright,david.wright2541@outlook.com,Australia,2020-10-26,Premium,1230.7
2542,Clayton Steele,clayton.steele2542@yahoo.com,United States,2021-02-13,Standard,504.74
2543,Ing. Ahmed Trommler,ing.ahmed.trommler2543@icloud.com,Germany,2020-02-09,Standard,1570.88
2544,Jennifer Taylor,jennifer.taylor2544@hotmail.com,United States,2022-03-08,Standard,1197.64
2545,Pamela Boyd,pamela.boyd2545@gmail.com,Australia,2022-10-28,Basic,430.91
2546,Fred Bien-Bloch,fred.bien.bloch2546@yahoo.com,Germany,2023-09-08,Standard,998.43
2547,Roberta Barsanti,roberta.barsanti2547@outlook.com,Italy,2022-12-18,Basic,193.09
2548,Cody Reid,cody.reid2548@icloud.com,United States,2025-08-22,Standard,876.07
2549,Ernesto Tirado,ernesto.tirado2549@yahoo.com,Mexico,2025-06-20,Premium,4105.46
2550,Christopher Smith,christopher.smith2550@hotmail.com,Canada,2021-10-30,Premium,3613.62
2551,Christophe Reynaud-Laroche,christophe.reynaud.laroche2551@gmail.com,France,2024-12-20,Standard,1283.48
2552,Noah Stange,noah.stange2552@yahoo.com,Netherlands,2021-03-21,Basic,168.92
2553,Denise Mccann,denise.mccann2553@outlook.com,Canada,2025-12-12,Standard,1279.83
2554,Adelia de Benet,adelia.de.benet2554@yahoo.com,Spain,2026-05-27,Standard,684.21
2555,Maria Cooke,maria.cooke2555@hotmail.com,United States,2021-12-04,Basic,436.83
2556,Katherine Taylor,katherine.taylor2556@icloud.com,United States,2025-04-24,Standard,1451.44
2557,Denise Jones,denise.jones2557@outlook.com,Australia,2022-07-25,Basic,343.59
2558,Juan Cunha,juan.cunha2558@outlook.com,Brazil,2024-02-27,Premium,2034.77
2559,Dr Mathew Fowler,dr.mathew.fowler2559@proton.me,United Kingdom,2023-07-15,Standard,851.74
2560,Elaine Yates,elaine.yates2560@hotmail.com,United Kingdom,2020-01-24,Basic,297.75
2561,Aria Pucci,aria.pucci2561@outlook.com,Italy,2021-07-27,Basic,542.76
2562,Jerry Brown,jerry.brown2562@proton.me,United States,2022-04-08,Standard,1332.51
2563,Pauline Morris-Williams,pauline.morris.williams2563@outlook.com,United Kingdom,2020-04-06,Standard,1455.02
2564,Ellie Campbell,ellie.campbell2564@icloud.com,United Kingdom,2022-03-27,Basic,441.85
2565,Mathilde Eberth,mathilde.eberth2565@outlook.com,Germany,2021-03-13,Premium,1393.55
2566,Roland Carpentier,roland.carpentier2566@proton.me,France,2026-08-25,Standard,1752.37
2567,Adam Taylor,adam.taylor2567@proton.me,United States,2024-05-16,Standard,1649.66
2568,Frau Steffi Aumann B.Eng.,frau.steffi.aumann.b.eng2568@outlook.com,Germany,2026-07-28,Standard,317.38
2569,Veda Malhotra,veda.malhotra2569@outlook.com,India,2026-01-12,Standard,1673.95
2570,Tracey Wagner,tracey.wagner2570@yahoo.com,United States,2020-10-30,Standard,1429.15
2571,Dipl.-Ing. Ines Karge B.A.,dipl.ing.ines.karge.b.a2571@yahoo.com,Germany,2021-09-08,Standard,1097.25
2572,Melissa Martinez,melissa.martinez2572@hotmail.com,Canada,2022-10-01,Standard,1051.87
2573,Joséphine Gosselin,josephine.gosselin2573@icloud.com,France,2025-12-15,Basic,490.46
2574,Michael Perry PhD,michael.perry.phd2574@gmail.com,United States,2023-07-09,Basic,268.83
2575,Devon Flores,devon.flores2575@proton.me,Australia,2022-05-29,Premium,2532.81
2576,Felix Müller,felix.muller2576@outlook.com,Germany,2022-03-26,Standard,1311.7
2577,Bradley Johnson DDS,bradley.johnson.dds2577@proton.me,United States,2020-04-04,Premium,3176.29
2578,Salvatore Bolzmann,salvatore.bolzmann2578@hotmail.com,Germany,2020-07-15,Basic,65.69
2579,Reina Reynaldo Rojas,reina.reynaldo.rojas2579@outlook.com,Mexico,2020-03-07,Standard,1792.83
2580,Ramona Zetticci-Tresoldi,ramona.zetticci.tresoldi2580@outlook.com,Italy,2026-01-15,Standard,1098.45
2581,Harish Hari,harish.hari2581@proton.me,India,2020-11-05,Standard,1757.48
2582,Brenda Hall,brenda.hall2582@icloud.com,Australia,2021-10-10,Basic,596.25
2583,Donald Medina,donald.medina2583@hotmail.com,United States,2022-02-20,Basic,542.8
2584,Jasmina Briemer-Rust,jasmina.briemer.rust2584@outlook.com,Germany,2025-03-22,Standard,1602.89
2585,Michelle Brown,michelle.brown2585@proton.me,Australia,2023-09-15,Premium,3197.01
2586,Melissa Thompson,melissa.thompson2586@icloud.com,United Kingdom,2024-11-06,Basic,295.99
2587,Lauren Thomas-Coles,lauren.thomas.coles2587@icloud.com,United Kingdom,2024-05-16,Premium,1633.35
2588,Cord Fischer,cord.fischer2588@outlook.com,Germany,2022-07-01,Standard,1416.84
2589,Katherine Salas,katherine.salas2589@proton.me,Canada,2022-03-31,Basic,412.75
2590,Eleanor Patel-Lane,eleanor.patel.lane2590@proton.me,United Kingdom,2026-06-20,Premium,3660.07
2591,Jim Newton,jim.newton2591@yahoo.com,United States,2021-02-17,Premium,3027.11
2592,Vitor Hugo Araújo,vitor.hugo.araujo2592@yahoo.com,Brazil,2026-01-21,Standard,264.29
2593,Krista Wilson,krista.wilson2593@yahoo.com,Japan,2022-05-05,Standard,419.43
2594,Mario Lorenzo Espinal,mario.lorenzo.espinal2594@yahoo.com,Mexico,2022-06-08,Basic,43.43
2595,Reginald Morrow,reginald.morrow2595@hotmail.com,Japan,2021-05-19,Basic,278.2
2596,Anni Hering,anni.hering2596@proton.me,Germany,2022-05-04,Standard,887.24
2597,Russell Armstrong,russell.armstrong2597@yahoo.com,United Kingdom,2024-04-07,Standard,355.67
2598,Sig. Gastone Mazzocchi,sig.gastone.mazzocchi2598@icloud.com,Italy,2026-06-26,Basic,107.15
2599,Joshua Perry,joshua.perry2599@gmail.com,Australia,2025-06-26,Basic,266.91
2600,Beatriz Prado Moreno,beatriz.prado.moreno2600@hotmail.com,Mexico,2022-02-21,Standard,299.81
2601,Julie Alexander,julie.alexander2601@hotmail.com,Canada,2022-11-11,Standard,1709.08
2602,Rodney Williams,rodney.williams2602@hotmail.com,United States,2024-09-16,Standard,1564.86
2603,Mr Graham Jarvis,mr.graham.jarvis2603@outlook.com,United Kingdom,2020-09-24,Standard,1548.88
2604,Karl Bibi,karl.bibi2604@proton.me,United Kingdom,2020-12-11,Standard,1486.78
2605,Kimberly Fritz,kimberly.fritz2605@gmail.com,Japan,2023-01-30,Basic,630.7
2606,Ronald Potter,,United States,2021-12-27,Standard,361.11
2607,Zachary Cole,zachary.cole2607@proton.me,United States,2025-04-08,Basic,66.3
2608,Vincent Hulskes,,Netherlands,2023-04-15,Standard,834.55
2609,Robert Gonzales,robert.gonzales2609@yahoo.com,United States,2021-12-16,Basic,676.58
2610,Jason Stein,jason.stein2610@proton.me,Australia,2022-01-13,Standard,1676.17
2611,Melissa Gates,melissa.gates2611@gmail.com,Australia,2025-07-30,Standard,816.03
2612,Rachael Walker,rachael.walker2612@outlook.com,United Kingdom,2023-08-08,Premium,895.57
2613,Patricia Young PhD,patricia.young.phd2613@hotmail.com,United States,2020-05-20,Basic,122.43
2614,Karl-Heinz Wieloch,karl.heinz.wieloch2614@icloud.com,Germany,2024-03-24,Basic,512.7
2615,Heather Page,heather.page2615@gmail.com,United States,2020-03-02,Standard,517.45
2616,Prof. Lilli Zobel,prof.lilli.zobel2616@gmail.com,Germany,2021-04-05,Basic,338.49
2617,Prof. Hans-Hermann Mende MBA.,prof.hans.hermann.mende.mba2617@icloud.com,Germany,2024-12-08,Premium,3032.1
2618,Utkarsh Patel,utkarsh.patel2618@outlook.com,India,2025-05-04,Standard,1639.76
2619,Carol Taylor,carol.taylor2619@proton.me,United States,2026-01-20,Standard,1162.46
2620,Danielle Seguin,danielle.seguin2620@hotmail.com,France,2025-07-11,Basic,600.08
2621,Daniel Brown,daniel.brown2621@yahoo.com,United States,2025-10-09,Premium,4286.47
2622,Douglas Ryan,douglas.ryan2622@gmail.com,United States,2021-01-23,Basic,215.55
2623,Chasmum Atwal,chasmum.atwal2623@yahoo.com,India,2022-07-15,Standard,1354.55
2624,Megan Hall,megan.hall2624@proton.me,United Kingdom,2025-03-07,Standard,1007.86
2625,Anthony Everett,anthony.everett2625@outlook.com,Canada,2021-06-23,Standard,768.37
2626,Michael Roberts,michael.roberts2626@proton.me,United States,2020-05-20,Basic,564.85
2627,Anusha Bath,anusha.bath2627@yahoo.com,India,2022-01-16,Premium,3148.13
2628,Sra. Ana Laura Aragão,sra.ana.laura.aragao2628@yahoo.com,Brazil,2021-10-25,Standard,169.33
2629,Sinaida Schacht,sinaida.schacht2629@outlook.com,Germany,2022-02-08,Standard,1498.03
2630,Rodney Morales,rodney.morales2630@hotmail.com,Canada,2022-05-29,Standard,583.63
2631,Ing. Lara Scholl,ing.lara.scholl2631@proton.me,Germany,2023-02-18,Standard,998.91
2632,Fiona Smith-Potts,fiona.smith.potts2632@yahoo.com,United Kingdom,2022-11-11,Standard,1588.75
2633,Jamie Smith,jamie.smith2633@hotmail.com,Australia,2021-01-30,Standard,714.92
2634,Mark Brown,mark.brown2634@gmail.com,Canada,2024-02-05,Standard,191.93
2635,Justin Torres,justin.torres2635@gmail.com,Canada,2022-07-19,Basic,585.3
2636,Scott Duke,scott.duke2636@proton.me,United States,2023-04-26,Premium,2086.21
2637,Leo Warmer,leo.warmer2637@icloud.com,Germany,2020-12-05,Basic,680.88
2638,Anna Estes,anna.estes2638@icloud.com,United States,2022-03-09,Premium,3318.13
2639,Paul Castaneda,paul.castaneda2639@yahoo.com,Australia,2023-12-20,Standard,1436.9
2640,Bailey Duran DDS,bailey.duran.dds2640@icloud.com,Canada,2025-11-20,Premium,2772.68
2641,Courtney Mills,courtney.mills2641@proton.me,Canada,2025-12-14,Premium,1387.37
2642,Céline Merle de la Langlois,celine.merle.de.la.langlois2642@proton.me,France,2022-07-15,Basic,532.0
2643,Tamara Riddle,tamara.riddle2643@icloud.com,United States,2024-10-02,Basic,212.93
2644,Giustino Petrassi,giustino.petrassi2644@hotmail.com,Italy,2023-04-29,Standard,1010.89
2645,Willfried Wiek,willfried.wiek2645@hotmail.com,Germany,2025-03-31,Standard,1340.55
2646,Dr Gareth Davies,dr.gareth.davies2646@gmail.com,United Kingdom,2022-10-26,Basic,475.98
2647,Beth Cline,beth.cline2647@proton.me,United States,2026-08-29,Basic,64.98
2648,Luigi Hahn B.Eng.,luigi.hahn.b.eng2648@yahoo.com,Germany,2025-05-23,Basic,541.1
2649,Ceylin Haengreve,ceylin.haengreve2649@yahoo.com,Netherlands,2024-05-21,Basic,461.11
2650,Deborah Williams,deborah.williams2650@yahoo.com,United Kingdom,2022-10-15,Basic,72.61
2651,Leonardo Saragat,leonardo.saragat2651@outlook.com,Italy,2021-07-29,Basic,108.34
2652,Jennifer Adkins,jennifer.adkins2652@proton.me,Australia,2021-09-13,Standard,384.97
2653,Michael Poole,michael.poole2653@outlook.com,United States,2020-02-14,Standard,1009.02
2654,Jeremy Dalton,jeremy.dalton2654@proton.me,Canada,2025-04-13,Standard,873.15
2655,Ian Schrik,ian.schrik2655@icloud.com,Netherlands,2025-02-04,Premium,4056.84
2656,Lindsey Walker,lindsey.walker2656@proton.me,Australia,2023-10-30,Basic,665.9
2657,Megan Burns,megan.burns2657@outlook.com,United States,2021-04-07,Standard,852.75
2658,Debra Perry,debra.perry2658@proton.me,United States,2025-06-18,Basic,176.63
2659,Mark Beard,mark.beard2659@proton.me,United States,2024-01-25,Standard,1552.44
2660,Dagobert Henck,dagobert.henck2660@proton.me,Germany,2024-11-06,Standard,1202.8
2661,Pietra Montenegro,pietra.montenegro2661@outlook.com,Brazil,2023-02-03,Basic,457.18
2662,Miss Frances Hunt,miss.frances.hunt2662@proton.me,United Kingdom,2022-10-26,Basic,81.09
2663,Jose Ramirez,jose.ramirez2663@hotmail.com,United States,2022-09-21,Standard,515.29
2664,Prof. Arne Franke,prof.arne.franke2664@outlook.com,Germany,2021-03-01,Basic,582.73
2665,Harald Mende,harald.mende2665@icloud.com,Germany,2026-05-05,Standard,1006.3
2666,Leandro Araujo Peiró,leandro.araujo.peiro2666@hotmail.com,Spain,2020-06-21,Standard,1124.07
2667,Raf Walsteijn-Massa,raf.walsteijn.massa2667@gmail.com,Netherlands,2026-06-15,Premium,4376.9
2668,Jackie Clements,jackie.clements2668@icloud.com,United States,2024-09-23,Basic,509.85
2669,Aaron Schroeder,aaron.schroeder2669@proton.me,United States,2024-12-08,Basic,412.01
2670,Elizabeth Oliver DDS,elizabeth.oliver.dds2670@hotmail.com,Canada,2024-11-03,Standard,192.31
2671,Theresa Clark,theresa.clark2671@gmail.com,Canada,2023-09-09,Premium,4206.48
2672,Laura van Spreuwel,laura.van.spreuwel2672@proton.me,Netherlands,2025-02-13,Basic,196.12
2673,Suze Cant,suze.cant2673@outlook.com,Netherlands,2023-12-14,Basic,192.87
2674,Ing. Alwina Heinrich B.Eng.,ing.alwina.heinrich.b.eng2674@gmail.com,Germany,2023-08-22,Standard,1785.11
2675,Monica Ellis,monica.ellis2675@yahoo.com,United States,2022-05-07,Standard,1574.75
2676,Brinda Date,brinda.date2676@proton.me,India,2024-07-01,Basic,552.15
2677,Heather Brown,heather.brown2677@hotmail.com,United States,2020-12-30,Standard,1167.06
2678,Jeffrey Johnson,jeffrey.johnson2678@yahoo.com,Australia,2023-07-20,Basic,93.38
2679,Stéphane Michel,stephane.michel2679@proton.me,France,2024-07-21,Standard,970.37
2680,Claudia Jordan,claudia.jordan2680@hotmail.com,United States,2022-04-08,Standard,1317.2
2681,Malcolm Murphy-Atkins,malcolm.murphy.atkins2681@hotmail.com,United Kingdom,2024-01-20,Basic,672.53
2682,Dr Michelle Smith,dr.michelle.smith2682@gmail.com,United Kingdom,2022-02-16,Standard,1649.57
2683,Sébastien Labbé du Chauvin,sebastien.labbe.du.chauvin2683@icloud.com,France,2023-04-28,Basic,388.32
2684,Antony Allen,antony.allen2684@proton.me,United Kingdom,2020-11-07,Premium,1135.01
2685,Harshil Arora,harshil.arora2685@proton.me,India,2024-07-15,Basic,123.39
2686,Sean Brown-Burke,sean.brown.burke2686@outlook.com,United Kingdom,2024-06-13,Premium,2225.39
2687,Eduarda Araújo,eduarda.araujo2687@proton.me,Brazil,2023-04-18,Standard,1751.73
2688,Miss Rebecca Armstrong,miss.rebecca.armstrong2688@yahoo.com,United Kingdom,2024-12-17,Basic,190.98
2689,Derrick Clayton,derrick.clayton2689@outlook.com,United States,2020-04-17,Standard,1524.86
2690,Lilia Robles,lilia.robles2690@yahoo.com,Mexico,2022-07-14,Standard,1489.02
2691,Kenneth Knight,kenneth.knight2691@outlook.com,United States,2022-09-25,Basic,603.83
2692,Meike Metz,meike.metz2692@hotmail.com,Germany,2024-08-24,Standard,1797.31
2693,Mr. Michael Williams,mr.michael.williams2693@yahoo.com,United States,2025-10-25,Standard,1184.97
2694,Richard Stevens,richard.stevens2694@hotmail.com,Japan,2022-12-07,Basic,687.79
2695,Morris van Breukelveen,morris.van.breukelveen2695@outlook.com,Netherlands,2024-11-01,Standard,1635.09
2696,Mamen Colomer-Ropero,mamen.colomer.ropero2696@outlook.com,Spain,2026-01-22,Standard,1730.85
2697,Scott Alexander,scott.alexander2697@proton.me,United States,2022-10-08,Basic,415.8
2698,Tyler Harris,tyler.harris2698@icloud.com,United States,2025-05-02,Standard,322.93
2699,Angelina Adriaense,angelina.adriaense2699@yahoo.com,Netherlands,2023-11-27,Basic,460.35
2700,Matthew Moore,matthew.moore2700@yahoo.com,Canada,2025-03-20,Standard,1530.41
2701,Mohammad Heintze,mohammad.heintze2701@hotmail.com,Germany,2025-07-29,Standard,256.69
2702,Zacarías Calvillo Ballesteros,zacarias.calvillo.ballesteros2702@gmail.com,Mexico,2026-04-12,Standard,1222.96
2703,Bonnie Santos,bonnie.santos2703@hotmail.com,Japan,2021-08-28,Premium,2111.33
2704,Dott. Agnolo Satta,dott.agnolo.satta2704@outlook.com,Italy,2026-05-22,Standard,1629.27
2705,Timothy Hill,timothy.hill2705@icloud.com,United States,2025-07-03,Standard,1411.2
2706,Danielle Watson,danielle.watson2706@hotmail.com,United States,2022-05-31,Standard,661.21
2707,Auguste de la Henry,auguste.de.la.henry2707@outlook.com,France,2023-09-15,Standard,1467.39
2708,Benjamin Smith,benjamin.smith2708@hotmail.com,Canada,2021-08-13,Basic,686.62
2709,Upasna Srinivas,upasna.srinivas2709@gmail.com,India,2020-08-04,Basic,266.89
2710,Carol Sanders,carol.sanders2710@gmail.com,United States,2020-09-17,Standard,1355.13
2711,Michael Powell,michael.powell2711@yahoo.com,Australia,2022-01-04,Basic,44.9
2712,Alfonso Mendez Pastor,alfonso.mendez.pastor2712@proton.me,Spain,2021-05-04,Standard,305.37
2713,Raphaela Zorbach,raphaela.zorbach2713@proton.me,Germany,2024-05-05,Basic,282.37
2714,Heini Drewes B.A.,heini.drewes.b.a2714@outlook.com,Germany,2022-01-19,Premium,2114.08
2715,Zacharie Brunel de Moreno,zacharie.brunel.de.moreno2715@outlook.com,France,2025-08-08,Premium,1763.87
2716,Michael Young,michael.young2716@outlook.com,United States,2020-11-30,Standard,1390.5
2717,Kirk Carter,kirk.carter2717@gmail.com,Canada,2020-09-06,Basic,64.92
2718,Peter Walker,peter.walker2718@yahoo.com,United Kingdom,2020-01-08,Basic,382.16
2719,Michele Smith,michele.smith2719@hotmail.com,United States,2023-06-08,Premium,4149.04
2720,Michael Warner,michael.warner2720@gmail.com,Canada,2021-12-07,Premium,3097.23
2721,Casey Perez,casey.perez2721@yahoo.com,United States,2023-11-15,Premium,3327.77
2722,Alexandra Dominguez,alexandra.dominguez2722@outlook.com,United States,2026-06-09,Premium,2430.58
2723,Anna Liz Cirino,anna.liz.cirino2723@yahoo.com,Brazil,2025-09-09,Premium,3830.28
2724,Virginia Henderson,virginia.henderson2724@gmail.com,United States,2026-01-10,Basic,560.71
2725,Benjamin Reyes,benjamin.reyes2725@outlook.com,United States,2023-04-08,Premium,3327.22
2726,Harini Gour,harini.gour2726@yahoo.com,India,2021-02-12,Standard,1145.78
2727,Ivonne Cardona,ivonne.cardona2727@outlook.com,Mexico,2025-02-05,Basic,394.89
2728,Frederick Lee-Cooke,frederick.lee.cooke2728@hotmail.com,United Kingdom,2021-04-21,Standard,258.01
2729,Ashley Edwards,ashley.edwards2729@yahoo.com,United States,2022-09-07,Basic,356.27
2730,Nova Huijben,nova.huijben2730@gmail.com,Netherlands,2024-01-07,Premium,4434.68
2731,Ulf Hethur-Faust,ulf.hethur.faust2731@proton.me,Germany,2026-08-18,Premium,2723.42
2732,Jérôme Rossi,jerome.rossi2732@outlook.com,France,2025-11-29,Standard,1308.64
2733,Michael Bradshaw,michael.bradshaw2733@icloud.com,Canada,2022-04-03,Standard,373.53
2734,John Anderson,john.anderson2734@outlook.com,Australia,2024-10-12,Standard,772.16
2735,Ansgar Gehringer,ansgar.gehringer2735@hotmail.com,Germany,2021-03-03,Standard,948.77
2736,Mr Leon Roberts,mr.leon.roberts2736@hotmail.com,United Kingdom,2023-03-22,Basic,496.76
2737,Lori Guerrero,lori.guerrero2737@gmail.com,Canada,2022-02-09,Basic,232.31
2738,Zayyan Sridhar,zayyan.sridhar2738@icloud.com,India,2026-02-01,Premium,1960.52
2739,Breanna Ayala,breanna.ayala2739@gmail.com,United States,2020-07-12,Basic,284.81
2740,Ellie Bates,ellie.bates2740@icloud.com,United Kingdom,2020-08-02,Basic,486.81
2741,Lilija Weiß,lilija.wei2741@icloud.com,Germany,2025-11-16,Basic,368.4
2742,Michèle Muller,michele.muller2742@gmail.com,France,2022-05-28,Premium,4314.87
2743,Brandi Haney,brandi.haney2743@proton.me,Japan,2023-08-04,Premium,1553.35
2744,Joseph Smith,joseph.smith2744@proton.me,United States,2020-03-04,Premium,2211.51
2745,Jessica Bowen,jessica.bowen2745@gmail.com,Japan,2023-04-04,Premium,1689.43
2746,Elena van Geenen,elena.van.geenen2746@outlook.com,Netherlands,2021-12-26,Basic,582.94
2747,Annette Davey-Read,annette.davey.read2747@hotmail.com,United Kingdom,2020-07-02,Premium,3015.38
2748,Dhruv Rattan,dhruv.rattan2748@outlook.com,India,2024-09-27,Standard,1321.78
2749,Brittany Jenkins,brittany.jenkins2749@outlook.com,Japan,2022-04-19,Basic,466.0
2750,Vinicio Pallarès Gallo,vinicio.pallares.gallo2750@hotmail.com,Spain,2020-02-11,Standard,832.51
2751,Shannon Miller,shannon.miller2751@yahoo.com,United States,2025-06-22,Standard,167.21
2752,Marianne de De Oliveira,marianne.de.de.oliveira2752@gmail.com,France,2025-01-13,Premium,3351.15
2753,Paul Lawrence,paul.lawrence2753@gmail.com,United States,2021-04-17,Premium,3727.4
2754,Victor Edwards,victor.edwards2754@icloud.com,United States,2023-09-02,Premium,3538.34
2755,Paulina Calgari,paulina.calgari2755@proton.me,Italy,2024-06-19,Standard,622.62
2756,Bernardo Rocha,bernardo.rocha2756@outlook.com,Brazil,2021-03-20,Basic,291.56
2757,Donald Miller,donald.miller2757@yahoo.com,Japan,2020-12-20,Standard,971.65
2758,Lindsay Lawson,lindsay.lawson2758@gmail.com,United States,2025-04-04,Standard,333.82
2759,Melissa Abbott,melissa.abbott2759@hotmail.com,United States,2022-01-25,Premium,3366.38
2760,Elizabeth Holmes,elizabeth.holmes2760@hotmail.com,United States,2024-02-28,Standard,385.55
2761,Ethan Bera,ethan.bera2761@gmail.com,India,2025-08-24,Basic,152.55
2762,Nicole Phillips,nicole.phillips2762@outlook.com,United States,2020-06-28,Standard,1715.17
2763,Brian Johnson,brian.johnson2763@outlook.com,United Kingdom,2021-12-19,Standard,481.07
2764,Manthan Modi,manthan.modi2764@hotmail.com,India,2024-04-05,Premium,1879.68
2765,Steven Blevins,steven.blevins2765@yahoo.com,United States,2022-03-07,Standard,1339.95
2766,Brian Porter MD,brian.porter.md2766@hotmail.com,United States,2020-10-11,Basic,431.12
2767,Brandon Thomas,brandon.thomas2767@yahoo.com,United Kingdom,2021-08-10,Standard,673.96
2768,Vanessa Hatfield,vanessa.hatfield2768@gmail.com,United States,2024-08-06,Standard,178.81
2769,Catherine Lesage,catherine.lesage2769@proton.me,France,2023-08-10,Standard,386.75
2770,Bonnie Valencia,bonnie.valencia2770@yahoo.com,United States,2020-01-25,Standard,1078.47
2771,Liv Ariens Ansems,liv.ariens.ansems2771@icloud.com,Netherlands,2021-05-05,Basic,539.47
2772,Holly Vega,holly.vega2772@icloud.com,United States,2020-10-29,Premium,3848.79
2773,Imke Ebert,imke.ebert2773@icloud.com,Germany,2024-04-30,Standard,1166.48
2774,Marlies Jähn MBA.,marlies.jahn.mba2774@proton.me,Germany,2022-08-31,Standard,1160.8
2775,Dr Andrew Jackson,dr.andrew.jackson2775@proton.me,United Kingdom,2025-02-06,Standard,1632.65
2776,Jo Reuter,jo.reuter2776@outlook.com,Germany,2022-07-05,Premium,3157.24
2777,Tiffany Townsend,tiffany.townsend2777@hotmail.com,United States,2022-11-19,Basic,273.45
2778,Austin Baker,austin.baker2778@outlook.com,United States,2021-08-12,Premium,2318.37
2779,Antonio Mccormick,antonio.mccormick2779@yahoo.com,Japan,2024-07-05,Premium,3118.05
2780,Lori Mason,lori.mason2780@hotmail.com,United States,2024-09-20,Basic,335.89
2781,Dipl.-Ing. Annemarie Scheuermann B.Sc.,dipl.ing.annemarie.scheuermann.b.sc2781@hotmail.com,Germany,2025-03-13,Standard,687.92
2782,Gary Green-Harris,gary.green.harris2782@proton.me,United Kingdom,2025-12-10,Standard,507.98
2783,Michael Miller,michael.miller2783@yahoo.com,United States,2024-01-28,Basic,395.04
2784,Alyssa Long,alyssa.long2784@hotmail.com,Australia,2024-03-15,Standard,502.3
2785,Lisa Ramirez,lisa.ramirez2785@gmail.com,United States,2026-02-01,Standard,645.53
2786,Nathan Campos,nathan.campos2786@icloud.com,Brazil,2024-08-15,Premium,1603.56
2787,Jessica Stephens,jessica.stephens2787@yahoo.com,Canada,2024-04-23,Basic,316.45
2788,Giampaolo Tognazzi,giampaolo.tognazzi2788@gmail.com,Italy,2022-04-25,Standard,1250.54
2789,Jorge Harris,jorge.harris2789@proton.me,United States,2026-04-26,Basic,457.84
2790,Susan Serrano,susan.serrano2790@yahoo.com,Canada,2021-09-09,Standard,923.16
2791,Isadora Pacheco,,Brazil,2025-06-16,Standard,1689.48
2792,Yuvraj Dani,yuvraj.dani2792@proton.me,India,2020-05-24,Standard,1448.49
2793,Kimberly Myers,kimberly.myers2793@gmail.com,United States,2020-08-04,Standard,298.41
2794,Nazario de Otero,nazario.de.otero2794@outlook.com,Spain,2022-04-11,Basic,671.62
2795,Gavin Jarvis-Daniels,gavin.jarvis.daniels2795@gmail.com,United Kingdom,2024-01-26,Standard,670.58
2796,Sandra Becker,sandra.becker2796@hotmail.com,Japan,2025-04-29,Standard,439.11
2797,Justin Hill,justin.hill2797@icloud.com,United Kingdom,2021-10-16,Basic,127.61
2798,Univ.Prof. Friedlinde Schleich,univ.prof.friedlinde.schleich2798@icloud.com,Germany,2024-08-05,Premium,2843.59
2799,Alina Conradi,alina.conradi2799@outlook.com,Germany,2022-10-18,Basic,473.11
2800,Michael Blair,michael.blair2800@hotmail.com,United States,2021-02-01,Basic,116.53
2801,Jennifer Smith-West,jennifer.smith.west2801@hotmail.com,United Kingdom,2025-05-07,Premium,873.83
2802,Suzanne Neveu,suzanne.neveu2802@outlook.com,France,2024-12-11,Standard,450.03
2803,Amy Miller,amy.miller2803@hotmail.com,Japan,2026-05-10,Standard,710.63
2804,Jesse Lynch,jesse.lynch2804@outlook.com,United States,2020-10-09,Premium,3108.92
2805,Martin Schmitt,martin.schmitt2805@yahoo.com,France,2021-03-30,Basic,558.9
2806,Laetitia du Turpin,laetitia.du.turpin2806@proton.me,France,2023-08-06,Standard,1458.09
2807,Alyssa Day,alyssa.day2807@outlook.com,Australia,2025-07-19,Premium,4096.88
2808,Univ.Prof. Sergio Ruppert B.Sc.,univ.prof.sergio.ruppert.b.sc2808@yahoo.com,Germany,2024-02-04,Basic,154.62
2809,Sean Morris,sean.morris2809@icloud.com,United Kingdom,2020-04-06,Standard,1644.6
2810,Patrick Yang,patrick.yang2810@yahoo.com,United States,2023-06-09,Standard,1793.65
9392,Mrs Joan Robson,mrs.joan.robson2811@outlook.com,United Kingdom,2025-02-19,Standard,699.32
2812,Michael Miles,michael.miles2812@icloud.com,United States,2020-02-13,Basic,37.97
2813,Jade Taylor,jade.taylor2813@hotmail.com,United Kingdom,2024-04-05,Standard,1297.23
2814,Troy Mills,troy.mills2814@hotmail.com,United States,2023-10-06,Standard,995.76
2815,Elisa Elias Terán,elisa.elias.teran2815@hotmail.com,Mexico,2024-07-25,Basic,114.33
2816,Tom Robinson-Morgan,tom.robinson.morgan2816@outlook.com,United Kingdom,2026-03-12,Premium,1842.07
2817,Michelle Jackson,michelle.jackson2817@hotmail.com,United States,2020-12-13,Basic,641.51
2818,Ana Cecília Pinto,ana.cecilia.pinto2818@gmail.com,Brazil,2020-04-04,Basic,569.2
2819,Richard Adams,richard.adams2819@gmail.com,United States,2021-12-26,Standard,404.11
2820,Benjamin Jurrijens,benjamin.jurrijens2820@gmail.com,Netherlands,2020-11-04,Premium,849.75
2821,Stefan Zuijdveld,stefan.zuijdveld2821@icloud.com,Netherlands,2020-10-15,Premium,3116.67
2822,Patricia Johnson,patricia.johnson2822@hotmail.com,Japan,2023-09-17,Basic,96.44
2823,Denise Brown,denise.brown2823@proton.me,United States,2021-07-22,Premium,3560.44
2824,Laura Jones,laura.jones2824@gmail.com,United States,2021-01-10,Premium,3728.89
2825,Ian Porter,ian.porter2825@gmail.com,United States,2020-11-21,Standard,1182.0
2826,Holly Scott,holly.scott2826@yahoo.com,United States,2025-07-21,Standard,457.01
2827,Dr Jordan Pearson,dr.jordan.pearson2827@proton.me,United Kingdom,2026-08-21,Basic,66.35
2828,Kenneth Sharp,kenneth.sharp2828@gmail.com,United States,2020-11-21,Premium,1531.57
2829,Jordan Williams,jordan.williams2829@icloud.com,United States,2026-06-14,Basic,497.48
2830,Juliette Breton,juliette.breton2830@gmail.com,France,2022-02-09,Premium,1989.2
2831,Clara Pichardo,clara.pichardo2831@yahoo.com,Mexico,2024-06-04,Standard,1127.31
2832,Upkaar Virk,upkaar.virk2832@icloud.com,India,2023-03-15,Standard,564.07
2833,Holly Wilkinson,holly.wilkinson2833@yahoo.com,United Kingdom,2025-12-13,Premium,4095.06
2834,Benjamin Lopes-Lebreton,benjamin.lopes.lebreton2834@outlook.com,France,2021-10-22,Premium,1032.3
2835,Jeffrey Davies,jeffrey.davies2835@proton.me,United Kingdom,2020-09-04,Standard,1499.21
2836,Dana Ruiz,dana.ruiz2836@proton.me,United States,2024-12-31,Premium,3553.79
2837,Chris Velazquez,chris.velazquez2837@icloud.com,United States,2024-01-20,Standard,1149.09
2838,Donatello Navone-Bombieri,donatello.navone.bombieri2838@icloud.com,Italy,2022-12-10,Basic,240.37
2839,Wayne Jackson,wayne.jackson2839@hotmail.com,United Kingdom,2024-02-26,Standard,1409.63
2840,Dr Alexander Davies,dr.alexander.davies2840@proton.me,United Kingdom,2022-02-18,Standard,431.41
2841,Nicolas Colas-Bourdon,nicolas.colas.bourdon2841@hotmail.com,France,2025-03-19,Basic,243.95
2842,Kai Hoogers,kai.hoogers2842@hotmail.com,Netherlands,2025-03-14,Basic,338.46
2843,Kristen Sloan,kristen.sloan2843@proton.me,United States,2024-04-28,Standard,190.39
2844,Jennifer Morris,jennifer.morris2844@outlook.com,United States,2024-04-11,Basic,451.73
2845,James Bibi,james.bibi2845@gmail.com,United Kingdom,2024-11-14,Basic,471.7
2846,Nathan Nelson,nathan.nelson2846@icloud.com,United States,2022-01-23,Standard,177.04
2847,Leokadia Benthin,leokadia.benthin2847@outlook.com,Germany,2023-10-13,Premium,2640.09
2848,Jake Shaw,jake.shaw2848@icloud.com,United States,2023-02-11,Standard,952.78
2849,Maggie Leroy,maggie.leroy2849@hotmail.com,France,2024-11-17,Basic,132.88
2850,Napoleone Lucarelli,napoleone.lucarelli2850@gmail.com,Italy,2023-12-18,Basic,70.16
2851,Ben Austin,ben.austin2851@hotmail.com,United Kingdom,2023-03-31,Premium,2719.42
2852,Dipl.-Ing. Joerg Siering,dipl.ing.joerg.siering2852@yahoo.com,Germany,2024-09-01,Standard,1728.81
2853,Shravya Savant,shravya.savant2853@outlook.com,India,2023-06-26,Standard,857.85
2854,Cassie Brock,cassie.brock2854@yahoo.com,United States,2025-12-09,Standard,1345.85
2855,Jan Wright,jan.wright2855@yahoo.com,Netherlands,2024-02-22,Standard,931.31
2856,Dr. Andrea Marshall,dr.andrea.marshall2856@outlook.com,United States,2024-09-04,Standard,1708.55
2857,Marguerite Vidal,marguerite.vidal2857@outlook.com,France,2025-05-04,Basic,399.62
2858,Christopher Parker,christopher.parker2858@outlook.com,Canada,2022-03-07,Basic,676.69
2859,Joel Williams,joel.williams2859@icloud.com,Australia,2022-07-26,Basic,436.34
2860,Tom Winnrich,tom.winnrich2860@yahoo.com,Netherlands,2025-06-24,Standard,1619.42
2861,Josephine Collins,josephine.collins2861@gmail.com,United Kingdom,2024-04-22,Basic,445.93
2862,Ryan Murphy,ryan.murphy2862@hotmail.com,United States,2025-03-10,Standard,1620.0
2863,Raimondo Vento,raimondo.vento2863@outlook.com,Italy,2020-10-01,Standard,1432.76
2864,Olivier Pratt-Greij,olivier.pratt.greij2864@outlook.com,Netherlands,2021-08-09,Standard,1433.3
2865,Traute Holsten B.A.,traute.holsten.b.a2865@yahoo.com,Germany,2020-01-13,Standard,1510.98
2866,Univ.Prof. Rosemarie Noack,univ.prof.rosemarie.noack2866@yahoo.com,Germany,2023-01-22,Basic,352.17
2867,Dr Bruce Atkins,dr.bruce.atkins2867@icloud.com,United Kingdom,2022-03-30,Basic,460.94
2868,Sig.ra Rosalia Trupiano,sig.ra.rosalia.trupiano2868@icloud.com,Italy,2021-05-08,Standard,249.93
2869,Aimee Gonzalez,aimee.gonzalez2869@icloud.com,Japan,2025-08-26,Standard,1454.67
2870,Horst-Peter Keudel,horst.peter.keudel2870@gmail.com,Germany,2023-05-06,Standard,387.7
2871,Elizabeth Dean,elizabeth.dean2871@proton.me,United States,2024-09-22,Premium,2520.28
2872,Kevin Snyder,kevin.snyder2872@yahoo.com,Japan,2025-01-03,Standard,1066.19
2873,Pushti Mody,pushti.mody2873@outlook.com,India,2021-03-17,Basic,332.76
2874,Christie Mccullough,christie.mccullough2874@icloud.com,United States,2025-01-30,Standard,1117.69
2875,Mrs Diane Thomas,mrs.diane.thomas2875@gmail.com,United Kingdom,2021-05-22,Premium,2008.19
2876,Ing. Friedhilde Steckel,ing.friedhilde.steckel2876@yahoo.com,Germany,2023-07-15,Basic,278.14
2877,Danielle Smith,danielle.smith2877@hotmail.com,United States,2023-08-19,Standard,688.91
2878,Otto Ribeiro,otto.ribeiro2878@gmail.com,Brazil,2023-03-04,Standard,1398.21
2879,David Reed,david.reed2879@icloud.com,United States,2020-08-16,Basic,506.72
2880,Stavros Fritsch,stavros.fritsch2880@gmail.com,Germany,2021-07-27,Premium,2734.29
2881,Leonardo Cammarata,leonardo.cammarata2881@yahoo.com,Italy,2021-01-11,Basic,681.32
2882,Kathleen Turner,kathleen.turner2882@hotmail.com,United Kingdom,2023-11-08,Basic,357.41
2883,Laura Roberts,laura.roberts2883@icloud.com,Canada,2024-09-01,Standard,803.38
2884,Sherry Tapia,sherry.tapia2884@gmail.com,United States,2022-04-28,Standard,340.16
2885,Verónica del Cortes,veronica.del.cortes2885@outlook.com,Spain,2022-07-20,Standard,1213.85
2886,Michael Lyons,michael.lyons2886@gmail.com,Canada,2022-07-12,Standard,219.59
2887,Daniel Murphy,daniel.murphy2887@yahoo.com,Australia,2021-07-17,Standard,682.87
2888,Jamie Walton,jamie.walton2888@proton.me,Australia,2024-06-09,Premium,3632.49
2889,Henri Täsche,henri.tasche2889@proton.me,Germany,2024-08-26,Standard,216.21
2890,Hardik Johal,hardik.johal2890@yahoo.com,India,2022-07-29,Standard,161.8
2891,Frédérique Monnier,frederique.monnier2891@icloud.com,France,2024-02-16,Standard,1517.91
2892,Sophie Henry,sophie.henry2892@yahoo.com,United Kingdom,2026-01-05,Premium,3122.42
2893,Aishani Bumb,aishani.bumb2893@outlook.com,India,2026-03-28,Standard,790.89
2894,Stephany Dias,stephany.dias2894@icloud.com,Brazil,2022-11-15,Standard,689.65
2895,Matthew Sweeney,matthew.sweeney2895@gmail.com,United States,2023-03-14,Standard,885.15
2896,Giustino Carpaccio,giustino.carpaccio2896@proton.me,Italy,2025-09-27,Basic,163.1
2897,Ashley Moreno,ashley.moreno2897@hotmail.com,United States,2021-03-13,Basic,615.11
2898,Johnathan Brown,johnathan.brown2898@icloud.com,United States,2023-05-08,Basic,480.09
2899,Michelle Davis DVM,michelle.davis.dvm2899@outlook.com,Japan,2024-01-18,Standard,1218.92
2900,Kelly Haynes,kelly.haynes2900@outlook.com,United States,2022-06-07,Standard,661.34
2901,William Miller,william.miller2901@yahoo.com,United States,2023-09-29,Standard,1712.21
2902,Joseph McCarthy,joseph.mccarthy2902@outlook.com,United Kingdom,2025-02-18,Basic,431.22
2903,Casey Wilkins,casey.wilkins2903@hotmail.com,United States,2025-05-20,Standard,620.82
2904,Germán María Teresa Haro,german.maria.teresa.haro2904@yahoo.com,Mexico,2020-11-14,Standard,1609.28
2905,Gustavo Rios,gustavo.rios2905@icloud.com,Brazil,2020-07-23,Basic,664.08
2906,Toni de Elorza,toni.de.elorza2906@outlook.com,Spain,2024-12-27,Standard,1087.38
2907,Keith Graham,keith.graham2907@gmail.com,United States,2024-02-16,Standard,464.8
2908,Ing. Maria-Theresia Kühnert B.Sc.,ing.maria.theresia.kuhnert.b.sc2908@outlook.com,Germany,2020-11-07,Standard,1228.48
2909,Dr Francesca Cox,dr.francesca.cox2909@gmail.com,United Kingdom,2021-05-06,Standard,583.5
2910,Aitana Escobar Márquez,aitana.escobar.marquez2910@yahoo.com,Spain,2021-05-07,Basic,527.38
2911,Jean-Guillaume Godard,jean.guillaume.godard2911@gmail.com,France,2025-05-05,Premium,1216.57
2912,Roger-Aimé Blondel,roger.aime.blondel2912@hotmail.com,France,2026-07-02,Standard,600.67
2913,Cynthia Green,cynthia.green2913@icloud.com,United States,2025-05-18,Premium,3359.67
2914,Robert Haynes,robert.haynes2914@hotmail.com,United States,2024-03-25,Premium,2640.47
2915,Sra. Isabella da Luz,sra.isabella.da.luz2915@hotmail.com,Brazil,2021-12-17,Basic,414.31
2916,Emily Nelson,emily.nelson2916@gmail.com,United States,2023-02-24,Basic,510.24
2917,Dale Chan,dale.chan2917@outlook.com,United States,2020-04-09,Standard,1739.26
2918,Brittney Martin,brittney.martin2918@proton.me,United States,2025-01-08,Basic,697.19
2919,Jason Herrera,jason.herrera2919@icloud.com,United States,2024-11-18,Standard,1309.86
2920,Nynke le Gallen,nynke.le.gallen2920@proton.me,Netherlands,2020-07-12,Standard,295.89
2921,Lynne Waters,lynne.waters2921@hotmail.com,United Kingdom,2026-02-08,Premium,3236.82
2922,Dr Mohammad Miles,dr.mohammad.miles2922@icloud.com,United Kingdom,2026-01-23,Premium,3520.22
2923,Christine Marshall-Brennan,christine.marshall.brennan2923@yahoo.com,United Kingdom,2026-07-04,Standard,921.35
2924,Terence Davis,terence.davis2924@outlook.com,United Kingdom,2021-08-27,Basic,532.37
2925,Annita Jopich B.Eng.,annita.jopich.b.eng2925@icloud.com,Germany,2024-07-28,Standard,862.32
2926,Wriddhish Ghose,wriddhish.ghose2926@yahoo.com,India,2023-09-25,Basic,460.69
2927,Benita Wirth,benita.wirth2927@icloud.com,Germany,2021-11-03,Basic,256.83
2928,Rosario Hurtado Lasa,rosario.hurtado.lasa2928@proton.me,Spain,2021-08-17,Standard,1041.35
2929,Caroline Rios,caroline.rios2929@yahoo.com,Brazil,2026-06-07,Premium,3820.16
2930,Christine Parker,christine.parker2930@proton.me,United States,2024-06-11,Premium,2350.21
2931,Bryan Moore,bryan.moore2931@icloud.com,United States,2026-02-06,Premium,1184.12
2932,Samantha Terry,samantha.terry2932@icloud.com,United States,2021-11-05,Basic,486.71
2933,Darlene Miller,darlene.miller2933@hotmail.com,Australia,2021-04-23,Standard,1530.17
2934,Amelia Owen,amelia.owen2934@hotmail.com,United Kingdom,2025-11-12,Standard,798.12
2935,Kathryn Snyder,kathryn.snyder2935@proton.me,Canada,2024-07-29,Standard,1780.12
2936,Russell Murphy,russell.murphy2936@proton.me,United States,2025-02-01,Premium,3367.59
2937,Joshua Cooke,joshua.cooke2937@proton.me,Australia,2020-01-03,Basic,679.26
2938,Valentijn Oversteeg,valentijn.oversteeg2938@hotmail.com,Netherlands,2021-08-14,Basic,494.08
2939,Antony Long,antony.long2939@hotmail.com,United Kingdom,2023-05-25,Basic,390.83
2940,David Kelly,david.kelly2940@yahoo.com,United States,2020-04-06,Premium,1894.4
2941,Megan Green,megan.green2941@proton.me,United States,2020-10-19,Premium,2474.62
2942,Amanda Sullivan MD,amanda.sullivan.md2942@outlook.com,United States,2024-07-08,Premium,3010.98
2943,Barbara Morgan-Wells,barbara.morgan.wells2943@outlook.com,United Kingdom,2022-05-03,Standard,1171.78
2944,Rufino Campoy Piñeiro,,Spain,2026-08-27,Premium,2617.93
2945,Danielle Murray,danielle.murray2945@outlook.com,United States,2023-12-10,Premium,3392.34
2946,Letícia Marques,leticia.marques2946@hotmail.com,Brazil,2026-01-16,Basic,310.32
2947,Naksh Agate,naksh.agate2947@outlook.com,India,2025-07-01,Basic,281.48
2948,Ermanno Lanfranchi,ermanno.lanfranchi2948@gmail.com,Italy,2025-04-29,Standard,301.88
2949,Brenda Smith,brenda.smith2949@proton.me,United States,2021-01-20,Standard,1385.94
2950,Vickie Anderson,vickie.anderson2950@hotmail.com,United States,2020-05-20,Standard,1061.83
2951,Augustin de la Fouquet,augustin.de.la.fouquet2951@hotmail.com,France,2022-06-06,Standard,306.67
2952,Victoire Berthelot,victoire.berthelot2952@icloud.com,France,2020-04-25,Basic,324.99
2953,Andrew Reynolds,andrew.reynolds2953@hotmail.com,Canada,2023-01-30,Standard,790.49
2954,Timoteo Sosa Girón,timoteo.sosa.giron2954@proton.me,Spain,2020-07-18,Standard,344.15
2955,David Davis,david.davis2955@yahoo.com,Canada,2025-01-24,Standard,418.53
2956,Dr Jordan Adams,dr.jordan.adams2956@outlook.com,United Kingdom,2024-10-13,Premium,1372.75
2957,Sr. Anthony Marques,sr.anthony.marques2957@yahoo.com,Brazil,2025-05-28,Standard,159.39
2958,Matthew Harrington,matthew.harrington2958@proton.me,Australia,2021-12-24,Basic,54.62
2959,Jacqueline Mccoy,jacqueline.mccoy2959@outlook.com,United States,2026-07-18,Basic,179.39
2960,Songül Pieper-Ackermann,songul.pieper.ackermann2960@proton.me,Germany,2021-04-20,Premium,1315.06
2961,Nicole Herring,nicole.herring2961@icloud.com,Australia,2026-04-24,Premium,2635.74
2962,Yusuf Laffray,yusuf.laffray2962@hotmail.com,Netherlands,2020-03-25,Basic,630.94
2963,Stanley Anderson,stanley.anderson2963@icloud.com,United Kingdom,2021-03-11,Standard,205.34
2964,Henrike Bloch B.A.,henrike.bloch.b.a2964@proton.me,Germany,2024-09-25,Premium,1122.8
2965,Lauren Green,lauren.green2965@proton.me,Japan,2024-01-04,Standard,986.74
2966,Alison Brown,alison.brown2966@yahoo.com,United States,2021-05-10,Premium,1119.6
2967,Jill Anderson,jill.anderson2967@yahoo.com,United States,2025-01-01,Standard,1050.77
2968,Sara Johnston,sara.johnston2968@hotmail.com,Canada,2020-09-30,Basic,467.98
2969,Shravya Singhal,shravya.singhal2969@gmail.com,India,2026-04-11,Premium,1549.05
2970,Jessica Fitzgerald,jessica.fitzgerald2970@proton.me,United Kingdom,2024-05-19,Premium,1021.98
2971,Alex Hernandez,alex.hernandez2971@gmail.com,Australia,2025-11-18,Standard,1116.2
2972,Sandra Rivera,sandra.rivera2972@yahoo.com,United States,2023-08-01,Basic,605.9
2973,Amelia Lambregt,amelia.lambregt2973@yahoo.com,Netherlands,2025-04-28,Standard,503.3
2974,Joel Jackson,joel.jackson2974@icloud.com,United States,2026-01-26,Basic,72.87
2975,Noël Imbert-Mendès,noel.imbert.mendes2975@icloud.com,France,2021-08-18,Basic,70.9
2976,Yvonne Chambers,yvonne.chambers2976@gmail.com,Canada,2026-05-07,Premium,3119.68
2977,Luise Wernecke,luise.wernecke2977@proton.me,Germany,2024-01-21,Basic,583.88
2978,Univ.Prof. Inga Wesack B.Sc.,univ.prof.inga.wesack.b.sc2978@hotmail.com,Germany,2020-06-24,Basic,551.93
2979,Samantha Foster,samantha.foster2979@proton.me,United States,2024-03-10,Standard,1150.62
2980,Beatriz Barbosa,beatriz.barbosa2980@proton.me,Brazil,2021-06-05,Standard,1716.49
2981,Andrew Avila,andrew.avila2981@hotmail.com,Canada,2021-10-06,Standard,1010.08
2982,Frank-Michael Rogner B.A.,frank.michael.rogner.b.a2982@gmail.com,Germany,2024-11-07,Standard,838.57
2983,Matthew Moon,matthew.moon2983@proton.me,Canada,2021-08-19,Basic,51.97
2984,Michael Thompson,michael.thompson2984@outlook.com,United States,2025-03-17,Standard,1778.02
2985,Samantha Greenwood,samantha.greenwood2985@icloud.com,United Kingdom,2023-09-01,Basic,602.38
2986,Imelda Thanel,imelda.thanel2986@hotmail.com,Germany,2024-04-30,Basic,591.67
2987,Bachittar Kata,bachittar.kata2987@icloud.com,India,2026-06-09,Premium,2047.18
2988,Sophie Durand,sophie.durand2988@outlook.com,France,2025-12-22,Standard,1191.75
2989,Cody Ramirez,cody.ramirez2989@outlook.com,United States,2023-01-16,Basic,426.24
2990,Amanda Harvey,amanda.harvey2990@outlook.com,United States,2022-09-07,Standard,725.05
2991,Janet Burke,janet.burke2991@outlook.com,United Kingdom,2025-10-21,Standard,609.56
2992,Barkha Setty,barkha.setty2992@proton.me,India,2022-02-10,Basic,626.12
2993,Edward Jenkins,edward.jenkins2993@proton.me,United States,2023-04-23,Premium,3338.12
2994,William Louis,william.louis2994@icloud.com,France,2023-08-08,Standard,913.44
2995,Kevin Walters,kevin.walters2995@gmail.com,Canada,2023-04-08,Standard,489.46
2996,Michael Elliott,michael.elliott2996@outlook.com,Australia,2022-01-19,Basic,571.46
2997,Stuart Grant,stuart.grant2997@hotmail.com,United Kingdom,2025-06-06,Basic,654.43
2998,Frau Alma Schuchhardt B.A.,frau.alma.schuchhardt.b.a2998@outlook.com,Germany,2021-08-22,Standard,268.88
2999,Amy Ramirez,amy.ramirez2999@hotmail.com,United States,2026-03-05,Basic,27.21
3000,Curtis Wilkerson,curtis.wilkerson3000@outlook.com,United States,2025-07-20,Standard,1784.91
3001,Vivaan Lalla,,India,2025-09-24,Standard,478.66
3002,Lydia Pham,lydia.pham3002@hotmail.com,United States,2025-06-28,Standard,936.01
3003,Mr Roger Russell,mr.roger.russell3003@gmail.com,United Kingdom,2021-07-26,Premium,2136.94
3004,Olivia van Allemanië,olivia.van.allemanie3004@gmail.com,Netherlands,2020-06-17,Basic,212.22
3005,Brandon Bailey MD,brandon.bailey.md3005@outlook.com,Canada,2021-06-05,Basic,649.88
3006,Jacqueline Schneider,jacqueline.schneider3006@yahoo.com,France,2020-06-12,Basic,407.43
3007,Virginia Casey,virginia.casey3007@outlook.com,United States,2023-02-09,Standard,547.12
3008,Joshua Washington,joshua.washington3008@icloud.com,United States,2026-05-26,Basic,651.3
3009,Mr Ashley Taylor,mr.ashley.taylor3009@yahoo.com,United Kingdom,2021-09-13,Premium,2961.24
3010,Michael Wang,michael.wang3010@yahoo.com,Australia,2024-04-18,Standard,1166.89
3011,Giacobbe Mozart-Fiorucci,giacobbe.mozart.fiorucci3011@gmail.com,Italy,2026-05-28,Basic,685.6
3012,Kathryn Price,kathryn.price3012@hotmail.com,United States,2021-05-25,Premium,3927.91
3013,Francis Robinson,francis.robinson3013@hotmail.com,United States,2021-11-09,Basic,644.4
3014,Paula Brown,paula.brown3014@gmail.com,United States,2022-09-05,Standard,868.07
3015,Hadassa Montenegro,hadassa.montenegro3015@hotmail.com,Brazil,2025-01-01,Standard,315.6
3016,Kendra Wang DVM,kendra.wang.dvm3016@proton.me,United States,2024-12-24,Standard,1369.62
3017,Emily Henderson,emily.henderson3017@icloud.com,United Kingdom,2024-04-06,Premium,3630.71
3018,Ariel Sandoval,ariel.sandoval3018@proton.me,United States,2025-07-06,Standard,1593.99
3019,Mr William Benson,mr.william.benson3019@gmail.com,United Kingdom,2025-08-06,Standard,790.04
3020,Ing. Karl-August Austermühle,ing.karl.august.austermuhle3020@yahoo.com,Germany,2024-03-07,Premium,1086.22
3021,Davi Lucca Ferreira,davi.lucca.ferreira3021@proton.me,Brazil,2024-03-26,Premium,2294.82
3022,Robert Stark,robert.stark3022@outlook.com,United States,2024-07-17,Standard,1329.64
3023,Zachary Robinson,zachary.robinson3023@hotmail.com,Japan,2025-04-07,Basic,488.38
3024,Shannon Rivera,,Canada,2020-09-21,Standard,1470.17
3025,Emily Brown,emily.brown3025@outlook.com,United Kingdom,2024-01-12,Standard,960.08
3026,Michèle-Thérèse Lenoir,michele.therese.lenoir3026@hotmail.com,France,2021-01-01,Standard,724.58
3027,Rebecca Kelly,rebecca.kelly3027@outlook.com,United States,2025-05-14,Premium,1610.81
3028,Pavani Contractor,pavani.contractor3028@icloud.com,India,2025-12-14,Basic,595.98
3029,Margarita Urbina Calvillo,margarita.urbina.calvillo3029@outlook.com,Mexico,2020-07-15,Basic,85.73
3030,Sebastian Seguí,sebastian.segui3030@gmail.com,Spain,2026-03-14,Premium,1093.24
3031,Encarnación Goñi Gisbert,encarnacion.goni.gisbert3031@hotmail.com,Spain,2021-09-02,Standard,1566.53
3032,Sarah Thompson,sarah.thompson3032@yahoo.com,United States,2022-07-27,Standard,424.94
3033,Renee Wolfe,renee.wolfe3033@gmail.com,United States,2020-08-01,Standard,1442.12
3034,Alyssa Haynes,alyssa.haynes3034@proton.me,Japan,2021-12-21,Standard,925.91
3035,Frau Dorota Drewes,frau.dorota.drewes3035@yahoo.com,Germany,2022-08-25,Premium,4356.97
3036,Manthan Lata,manthan.lata3036@gmail.com,India,2020-10-02,Basic,206.6
3037,Lawrence Adkins,lawrence.adkins3037@icloud.com,Australia,2021-05-23,Basic,398.57
3038,Mr Billy Turnbull,mr.billy.turnbull3038@yahoo.com,United Kingdom,2021-09-17,Standard,458.23
3039,Robert Oconnell,robert.oconnell3039@outlook.com,Australia,2021-12-04,Basic,371.44
3040,Kristy Hart,kristy.hart3040@icloud.com,United States,2020-08-20,Standard,425.55
3041,Viola Drubin B.A.,viola.drubin.b.a3041@yahoo.com,Germany,2022-09-17,Basic,588.14
3042,Donna Landry,donna.landry3042@outlook.com,Canada,2025-03-09,Standard,438.99
3043,William Keith,william.keith3043@yahoo.com,United States,2021-10-25,Standard,1394.95
3044,Eric Henry Jr.,eric.henry.jr3044@hotmail.com,United States,2021-07-10,Premium,2504.86
3045,Hugo Klomp Jan-Hak,hugo.klomp.jan.hak3045@proton.me,Netherlands,2024-06-05,Standard,1348.29
3046,Daniel Fox,daniel.fox3046@hotmail.com,Japan,2025-10-29,Standard,1149.1
3047,Marie du Vallet,marie.du.vallet3047@proton.me,France,2024-07-17,Basic,378.34
3048,Univ.Prof. Eveline Pechel B.Eng.,univ.prof.eveline.pechel.b.eng3048@icloud.com,Germany,2025-08-08,Premium,934.74
3049,Thomas Harris,thomas.harris3049@outlook.com,United States,2023-05-07,Premium,4145.41
3050,Holly Barnett,holly.barnett3050@outlook.com,United Kingdom,2024-03-10,Premium,2602.72
3051,Alexander Collins,alexander.collins3051@yahoo.com,Australia,2024-11-18,Basic,531.48
3052,Dipl.-Ing. Isabella Henk,dipl.ing.isabella.henk3052@icloud.com,Germany,2021-07-26,Standard,648.25
3053,Mitchell Sellers,mitchell.sellers3053@gmail.com,United States,2022-07-19,Basic,195.72
3054,Rhys Carey-Morris,rhys.carey.morris3054@proton.me,United Kingdom,2025-03-20,Standard,487.74
3055,Erica Johnson,erica.johnson3055@gmail.com,United States,2022-10-02,Basic,630.5
3056,Narciso Ferrando Pujadas,narciso.ferrando.pujadas3056@outlook.com,Spain,2024-03-12,Premium,2520.83
3057,Francis Hobbs,francis.hobbs3057@proton.me,United Kingdom,2024-11-10,Premium,1887.62
3058,Silke Bresé,silke.brese3058@icloud.com,Netherlands,2025-05-08,Premium,4431.02
3059,Joaquim Freitas,joaquim.freitas3059@gmail.com,Brazil,2023-12-14,Standard,662.06
3060,Krista Gibson,krista.gibson3060@gmail.com,Canada,2021-02-18,Premium,3431.09
3061,Sylvia Schroeder,sylvia.schroeder3061@gmail.com,United States,2025-09-17,Standard,1009.8
3062,Shannon Yu,shannon.yu3062@hotmail.com,United States,2023-09-30,Basic,335.7
3063,Ekbal Bhasin,ekbal.bhasin3063@outlook.com,India,2024-02-16,Premium,2712.89
3064,Tom Foster,tom.foster3064@hotmail.com,United States,2025-06-19,Standard,998.05
3065,Margot Benard-Boutin,margot.benard.boutin3065@icloud.com,France,2026-05-08,Standard,1797.76
3066,Eric Taylor,eric.taylor3066@hotmail.com,United States,2023-09-14,Standard,875.77
3067,Laetitia Schneider,laetitia.schneider3067@outlook.com,France,2021-08-12,Premium,4185.48
3068,Travis Conner,travis.conner3068@hotmail.com,United States,2023-02-03,Standard,219.12
3069,Bryan Griffiths,bryan.griffiths3069@yahoo.com,United Kingdom,2022-03-07,Standard,469.55
3070,Esmée Mansveld-van Landen,esmee.mansveld.van.landen3070@yahoo.com,Netherlands,2024-10-14,Standard,570.99
3071,Eligia Baños Lorenzo,eligia.banos.lorenzo3071@gmail.com,Spain,2020-09-28,Premium,938.61
3072,Gabriel-Charles Mace,gabriel.charles.mace3072@gmail.com,France,2022-06-16,Standard,1768.98
3073,Miguela Vergara Pulido,miguela.vergara.pulido3073@hotmail.com,Spain,2021-04-12,Premium,2500.54
3074,Marie Thompson,marie.thompson3074@icloud.com,Japan,2024-03-04,Basic,670.08
3075,Melissa Mcfarland,melissa.mcfarland3075@icloud.com,United States,2026-02-22,Basic,574.71
3076,Jamie Harding,jamie.harding3076@proton.me,United Kingdom,2023-08-30,Standard,1251.79
3077,Emanuel Macedo,emanuel.macedo3077@icloud.com,Brazil,2025-10-31,Standard,1480.21
3078,Tina Sanders,tina.sanders3078@yahoo.com,Australia,2022-07-15,Basic,317.86
3079,Courtney Chapman,courtney.chapman3079@icloud.com,United States,2023-05-16,Standard,1345.06
3080,Kordula Fiebig MBA.,kordula.fiebig.mba3080@icloud.com,Germany,2023-05-15,Basic,198.91
3081,Féline Oda,feline.oda3081@icloud.com,Netherlands,2022-07-04,Basic,172.79
3082,Serena Iannotti-Togliatti,serena.iannotti.togliatti3082@hotmail.com,Italy,2021-09-19,Basic,495.73
3083,Frank Cordova,frank.cordova3083@hotmail.com,Canada,2024-06-25,Standard,696.5
3084,Eric Barker,eric.barker3084@yahoo.com,United States,2025-05-24,Basic,472.45
3085,Angela Vaughn,angela.vaughn3085@gmail.com,Australia,2024-11-19,Standard,863.08
3086,Veli Scheuermann B.A.,veli.scheuermann.b.a3086@gmail.com,Germany,2023-09-29,Basic,104.8
3087,Nicholas Rush,nicholas.rush3087@hotmail.com,United States,2024-06-11,Standard,818.77
3088,Liz Pimenta,liz.pimenta3088@outlook.com,Brazil,2022-09-23,Standard,422.08
3089,Jenna Gamble,jenna.gamble3089@outlook.com,United States,2026-08-27,Standard,286.75
3090,Amanda Guzman,amanda.guzman3090@proton.me,United States,2020-02-04,Premium,2385.61
3091,Tracy Walker,tracy.walker3091@proton.me,Japan,2021-09-14,Basic,26.41
3092,Taylor Taylor,taylor.taylor3092@yahoo.com,United States,2023-04-08,Basic,272.57
3093,Hugues de Bernier,hugues.de.bernier3093@proton.me,France,2024-01-03,Standard,294.41
3094,Cynthia Haas,cynthia.haas3094@outlook.com,United States,2023-09-14,Premium,4486.37
3095,Stephen Davis,stephen.davis3095@gmail.com,United States,2020-01-01,Basic,154.77
3096,Margaret Tanner,margaret.tanner3096@hotmail.com,United States,2025-07-01,Premium,2995.47
3097,Damyanti Mani,damyanti.mani3097@icloud.com,India,2020-10-20,Basic,217.0
3098,Derek Wright,derek.wright3098@icloud.com,United States,2022-11-30,Premium,3671.48
3099,Jose Travis,jose.travis3099@hotmail.com,Canada,2022-07-05,Standard,202.86
3100,Vitória Albuquerque,vitoria.albuquerque3100@proton.me,Brazil,2021-10-28,Standard,1486.95
3101,Lydia Bishop,lydia.bishop3101@icloud.com,United Kingdom,2023-06-09,Standard,1314.33
3102,Frederic Wirth,frederic.wirth3102@yahoo.com,Germany,2023-06-20,Standard,497.4
3103,Ing. Valeri Zirme,ing.valeri.zirme3103@proton.me,Germany,2021-09-27,Premium,1017.37
3104,David Rodriguez,david.rodriguez3104@yahoo.com,Japan,2021-03-17,Basic,110.12
3105,Éléonore Olivier-Fabre,eleonore.olivier.fabre3105@outlook.com,France,2023-09-24,Standard,1105.8
3106,Laure Ramos,laure.ramos3106@hotmail.com,France,2024-08-05,Premium,3183.95
3107,Fortunata Berengario,fortunata.berengario3107@icloud.com,Italy,2026-08-04,Standard,1320.03
3108,James Oconnor,james.oconnor3108@proton.me,Japan,2020-05-18,Standard,794.81
3109,Danny Robson,danny.robson3109@gmail.com,United Kingdom,2020-05-08,Basic,567.45
3110,Marilyn Baker,marilyn.baker3110@hotmail.com,United Kingdom,2025-03-13,Standard,805.86
3111,Lorraine-Capucine Leclercq,lorraine.capucine.leclercq3111@outlook.com,France,2025-01-15,Premium,2009.56
3112,Piersanti Lercari,piersanti.lercari3112@hotmail.com,Italy,2023-07-13,Basic,532.27
3113,Letícia Ribeiro,leticia.ribeiro3113@yahoo.com,Brazil,2020-01-31,Basic,135.82
3114,Stacey Snyder,stacey.snyder3114@gmail.com,United States,2025-06-17,Basic,250.83
3115,Joshua Garcia,joshua.garcia3115@yahoo.com,United States,2022-09-10,Standard,967.34
3116,Sean Curtis,sean.curtis3116@yahoo.com,United States,2022-01-09,Standard,1421.92
3117,Jeet Sidhu,jeet.sidhu3117@proton.me,India,2023-11-05,Basic,276.79
3118,Carla Jones,carla.jones3118@hotmail.com,United States,2025-08-14,Standard,393.88
3119,Gabriel Alves de la Hernandez,gabriel.alves.de.la.hernandez3119@proton.me,France,2025-08-30,Standard,794.64
3120,Kimberly Gutierrez,kimberly.gutierrez3120@icloud.com,Canada,2022-03-16,Standard,1717.2
3121,Ali Louws-de Vries,ali.louws.de.vries3121@hotmail.com,Netherlands,2026-08-17,Standard,1039.01
3122,Ashley Barton,ashley.barton3122@gmail.com,Australia,2023-03-11,Standard,822.1
3123,Neha Magar,neha.magar3123@gmail.com,India,2025-04-27,Basic,306.64
3124,Roswitha Adler,roswitha.adler3124@icloud.com,Germany,2026-05-31,Standard,670.05
3125,Raksha Buch,raksha.buch3125@hotmail.com,India,2022-12-20,Standard,1225.89
3126,Elizabeth Flores,elizabeth.flores3126@yahoo.com,United States,2026-07-01,Standard,587.85
3127,Isaiah Avila,isaiah.avila3127@gmail.com,Canada,2022-06-27,Basic,328.24
3128,Mrs Grace Edwards,mrs.grace.edwards3128@hotmail.com,United Kingdom,2020-07-14,Basic,566.61
3129,Angela Jackson,angela.jackson3129@icloud.com,United States,2024-09-03,Premium,4013.62
3130,Lindsay Martinez,lindsay.martinez3130@proton.me,Australia,2023-06-08,Basic,472.74
3131,Miroslawa Huhn,miroslawa.huhn3131@icloud.com,Germany,2022-05-24,Standard,1061.39
3132,Dr. Hannah Patterson,dr.hannah.patterson3132@yahoo.com,Australia,2024-05-12,Standard,692.17
3133,Olivia Harris,olivia.harris3133@yahoo.com,Canada,2020-02-28,Standard,281.47
3134,Rachana Naidu,rachana.naidu3134@hotmail.com,India,2020-03-25,Premium,4245.0
3135,Jonathan Peterson,jonathan.peterson3135@yahoo.com,Australia,2023-04-12,Standard,835.7
3136,Nicholas Payne,nicholas.payne3136@yahoo.com,Japan,2021-11-02,Standard,1412.4
3137,Alan Sutton,alan.sutton3137@icloud.com,United Kingdom,2026-02-25,Standard,275.77
3138,Anna Wheeler,anna.wheeler3138@gmail.com,United States,2020-01-14,Basic,69.54
3139,Samantha Garcia,samantha.garcia3139@outlook.com,Australia,2022-01-03,Premium,2469.78
3140,Karen Johnson,karen.johnson3140@icloud.com,United States,2025-03-20,Standard,944.05
3141,Atharv Chand,atharv.chand3141@gmail.com,India,2023-12-30,Basic,263.44
3142,Ms Charlotte Clarke,ms.charlotte.clarke3142@yahoo.com,United Kingdom,2026-02-11,Basic,514.59
3143,Eusebia de Carlos,eusebia.de.carlos3143@icloud.com,Spain,2020-12-19,Basic,134.55
3144,Elliott Grant,elliott.grant3144@icloud.com,United Kingdom,2025-12-30,Premium,4467.12
3145,Madison Poole,madison.poole3145@outlook.com,Australia,2020-05-02,Standard,792.31
3146,Jessica Gross,jessica.gross3146@gmail.com,Australia,2025-09-29,Basic,296.66
3147,Carmen Preston,carmen.preston3147@icloud.com,United States,2025-06-03,Basic,529.72
3148,Brian Harris,brian.harris3148@proton.me,United States,2022-07-17,Basic,655.31
3149,Debra Morton,debra.morton3149@icloud.com,Australia,2025-02-18,Standard,1210.17
3150,Michael Bowen,michael.bowen3150@gmail.com,United States,2020-05-29,Standard,156.14
3151,Ben Palmer-Anderson,ben.palmer.anderson3151@proton.me,United Kingdom,2024-03-05,Standard,835.63
3152,Davi Luiz da Luz,davi.luiz.da.luz3152@outlook.com,Brazil,2025-03-13,Premium,3919.18
3153,Ansh Luthra,ansh.luthra3153@icloud.com,India,2021-04-22,Standard,931.16
3154,Tanya Kim,tanya.kim3154@icloud.com,Canada,2023-10-27,Premium,3800.07
3155,Karen Graham,karen.graham3155@proton.me,Australia,2023-07-22,Standard,1036.18
3156,Dr. Ingetraud Renner MBA.,dr.ingetraud.renner.mba3156@gmail.com,Germany,2021-03-12,Premium,1910.76
3157,Adamo Montesano,adamo.montesano3157@yahoo.com,Italy,2022-11-23,Basic,699.51
3158,Carole Lowe-Sykes,carole.lowe.sykes3158@hotmail.com,United Kingdom,2020-10-31,Basic,270.56
3159,Geraldine Rohleder,geraldine.rohleder3159@proton.me,Germany,2023-05-13,Standard,193.14
3160,Mr Toby Horton,mr.toby.horton3160@yahoo.com,United Kingdom,2021-01-16,Basic,653.7
3161,Parth Singhal,parth.singhal3161@gmail.com,India,2024-01-24,Premium,4406.16
3162,Debra Christian,debra.christian3162@outlook.com,Australia,2021-05-21,Premium,1585.55
3163,Fenne Dorsman,fenne.dorsman3163@yahoo.com,Netherlands,2020-07-20,Standard,1538.42
3164,Barbara Dudley,barbara.dudley3164@icloud.com,Canada,2020-11-22,Basic,395.53
3165,Cynthia Moore,cynthia.moore3165@proton.me,Canada,2026-02-14,Standard,1061.41
3166,Mr Robin Price,mr.robin.price3166@hotmail.com,United Kingdom,2020-06-15,Standard,1598.64
3167,Deborah Campbell,deborah.campbell3167@outlook.com,United States,2023-01-07,Basic,117.4
3168,Anthony Armstrong,anthony.armstrong3168@icloud.com,United States,2020-01-17,Premium,2564.82
3169,Irena Jungfer-Graf,irena.jungfer.graf3169@outlook.com,Germany,2024-07-20,Standard,586.07
3170,Arunima Golla,arunima.golla3170@icloud.com,India,2022-10-11,Premium,1423.01
3171,Vyanjana Chand,vyanjana.chand3171@icloud.com,India,2021-03-01,Standard,177.8
3172,Brittany Ward,brittany.ward3172@proton.me,United States,2021-06-02,Premium,4341.98
3173,Cauê Souza,caue.souza3173@icloud.com,Brazil,2022-09-04,Basic,28.57
3174,Kristen Davis,kristen.davis3174@outlook.com,Canada,2026-06-20,Basic,548.98
3175,Edward Stanley,edward.stanley3175@icloud.com,United States,2022-09-01,Premium,1580.73
3176,René Marchand,rene.marchand3176@yahoo.com,France,2025-12-01,Standard,374.75
3177,Uriel Toledo Alejandro,uriel.toledo.alejandro3177@hotmail.com,Mexico,2026-06-26,Standard,560.9
3178,Daniela da Mata,daniela.da.mata3178@gmail.com,Brazil,2024-09-17,Standard,1148.67
3179,Christina Johnson,christina.johnson3179@gmail.com,United States,2024-07-19,Standard,1382.2
3180,Alphonse-André Lenoir,alphonse.andre.lenoir3180@icloud.com,France,2022-01-25,Basic,416.64
3181,Giuseppe Cusano,giuseppe.cusano3181@yahoo.com,Italy,2021-06-26,Basic,180.83
3182,Edgar Miller,edgar.miller3182@gmail.com,United States,2020-10-22,Standard,369.39
3183,Elizabeth Sanders,elizabeth.sanders3183@gmail.com,United States,2026-06-11,Premium,1577.76
3184,Matthew Davis MD,matthew.davis.md3184@proton.me,United States,2020-02-26,Standard,713.24
3185,Prof. Hans-Joachim Heintze MBA.,prof.hans.joachim.heintze.mba3185@yahoo.com,Germany,2021-05-19,Basic,244.45
3186,Giovanni Weinhage,giovanni.weinhage3186@proton.me,Germany,2025-10-26,Standard,881.63
3187,Stephen Wood,stephen.wood3187@proton.me,United States,2021-08-20,Standard,732.74
3188,Gustavo Henrique Silva,gustavo.henrique.silva3188@proton.me,Brazil,2022-09-21,Standard,1716.09
3189,Univ.Prof. Traude Kranz MBA.,univ.prof.traude.kranz.mba3189@outlook.com,Germany,2020-01-13,Standard,411.7
3190,Angelica Keith,angelica.keith3190@gmail.com,Australia,2025-02-22,Standard,486.34
3191,Dennis Marshall,dennis.marshall3191@outlook.com,United States,2021-07-30,Standard,442.15
3192,John Bishop,john.bishop3192@hotmail.com,Australia,2025-12-09,Premium,2481.39
3193,Chelsea Cook,chelsea.cook3193@yahoo.com,United Kingdom,2025-01-14,Standard,1575.35
3194,Sr. João Montenegro,sr.joao.montenegro3194@hotmail.com,Brazil,2023-01-09,Premium,1616.09
3195,Derrick Brown,derrick.brown3195@gmail.com,Japan,2022-08-18,Standard,784.56
3196,Eva de la Crúz Palomo,eva.de.la.cruz.palomo3196@icloud.com,Mexico,2025-09-18,Standard,388.74
3197,Mary Miller,mary.miller3197@outlook.com,United States,2025-11-08,Standard,313.08
3198,Isis Aragão,isis.aragao3198@icloud.com,Brazil,2023-06-24,Basic,38.7
3199,Susan Murray MD,susan.murray.md3199@gmail.com,Canada,2022-09-15,Basic,195.17
3200,Joshua Arellano,joshua.arellano3200@proton.me,United States,2026-03-27,Basic,412.73
3201,Chuy Lara-Arenas,chuy.lara.arenas3201@yahoo.com,Spain,2025-07-28,Basic,27.28
3202,Sig.ra Paola Renier,sig.ra.paola.renier3202@outlook.com,Italy,2026-03-18,Standard,713.14
3203,Ivo Beier-Eberth,ivo.beier.eberth3203@yahoo.com,Germany,2021-03-20,Basic,511.59
3204,Stefani Ditschlerin,stefani.ditschlerin3204@proton.me,Germany,2023-01-18,Standard,1187.6
3205,Christophe Diaz du Henry,christophe.diaz.du.henry3205@icloud.com,France,2026-05-04,Standard,308.55
3206,Astrid Putz MBA.,astrid.putz.mba3206@yahoo.com,Germany,2022-09-30,Standard,1565.36
3207,Marc Sanderson,marc.sanderson3207@yahoo.com,United Kingdom,2025-12-21,Standard,525.5
3208,Adriana Cardano,adriana.cardano3208@gmail.com,Italy,2020-11-08,Premium,4114.92
3209,Kristen Randall,kristen.randall3209@gmail.com,United States,2022-04-19,Standard,1032.72
3210,Allen Rosales,allen.rosales3210@gmail.com,Australia,2026-02-24,Standard,373.94
3211,Daniel Salinas,daniel.salinas3211@yahoo.com,Australia,2024-02-28,Premium,1748.89
3212,Marc Rovira Ojeda,marc.rovira.ojeda3212@hotmail.com,Spain,2021-05-07,Basic,459.04
3213,Jennifer Nichols,jennifer.nichols3213@yahoo.com,Japan,2021-01-17,Standard,540.57
3214,Karen Keith,karen.keith3214@outlook.com,United States,2026-01-08,Basic,658.33
3215,Blake Orr,blake.orr3215@hotmail.com,United States,2023-02-08,Standard,1234.54
3216,Sébastien Jacquet,sebastien.jacquet3216@gmail.com,France,2025-06-28,Basic,171.04
3217,Oswin Fechner,oswin.fechner3217@outlook.com,Germany,2021-02-13,Premium,2956.65
3218,Isa Vidal Carlos,isa.vidal.carlos3218@outlook.com,Spain,2020-01-01,Standard,725.78
3219,Sally Pugh,sally.pugh3219@hotmail.com,United Kingdom,2026-03-28,Standard,194.38
3220,Kathryn Lester,kathryn.lester3220@proton.me,United States,2026-05-30,Premium,1818.45
3221,Megan Oliver,megan.oliver3221@yahoo.com,United States,2022-08-17,Basic,519.4
3222,Peter Thompson,peter.thompson3222@yahoo.com,United States,2022-03-20,Premium,2505.16
3223,Valentine Besnard,valentine.besnard3223@yahoo.com,France,2021-07-04,Premium,3485.25
3224,Éléonore Roux,eleonore.roux3224@outlook.com,France,2023-05-12,Basic,316.48
3225,Olivier-Bertrand François,olivier.bertrand.francois3225@yahoo.com,France,2025-04-24,Standard,432.77
3226,Dr. Rhonda Martinez,dr.rhonda.martinez3226@yahoo.com,United States,2024-09-17,Premium,3628.34
3227,William Graham,william.graham3227@yahoo.com,United States,2024-08-27,Premium,1648.25
3228,Isa van de Veen,isa.van.de.veen3228@outlook.com,Netherlands,2025-10-31,Basic,621.58
3229,Kathleen Moran,kathleen.moran3229@icloud.com,Canada,2026-07-26,Basic,623.31
3230,Lori Flowers MD,lori.flowers.md3230@icloud.com,United States,2025-12-22,Standard,505.72
3231,Univ.Prof. Yasemin Förster,univ.prof.yasemin.forster3231@yahoo.com,Germany,2024-12-28,Standard,579.38
3232,Suzanne Jones,suzanne.jones3232@proton.me,United States,2020-03-23,Premium,1893.48
3233,Spencer Haynes,spencer.haynes3233@hotmail.com,Australia,2021-01-07,Basic,102.86
3234,Victoire Legrand,victoire.legrand3234@gmail.com,France,2022-07-30,Basic,385.14
3235,Otávio da Mota,otavio.da.mota3235@icloud.com,Brazil,2025-05-17,Standard,1221.93
3236,Anastasie-Clémence Gérard,anastasie.clemence.gerard3236@yahoo.com,France,2020-08-04,Standard,1039.39
3237,James Nguyen,james.nguyen3237@yahoo.com,United States,2022-09-12,Basic,368.18
3238,Ijaya Rege,ijaya.rege3238@gmail.com,India,2022-09-16,Standard,287.89
3239,Denise Davenport,denise.davenport3239@gmail.com,Canada,2022-11-29,Standard,1055.7
3240,Melissa van der Linden,melissa.van.der.linden3240@gmail.com,Netherlands,2024-10-17,Standard,1532.54
3241,Jimmy Marks,jimmy.marks3241@yahoo.com,United States,2021-01-01,Standard,1180.99
3242,Lisa Mills,lisa.mills3242@proton.me,United States,2026-02-17,Premium,3612.52
3243,Horst-Günter Zänker,horst.gunter.zanker3243@proton.me,Germany,2023-02-05,Basic,252.94
3244,Jason Hernandez,jason.hernandez3244@gmail.com,United States,2020-04-21,Basic,491.35
3245,Alexandre Farias,alexandre.farias3245@proton.me,Brazil,2020-05-04,Premium,1410.22
3246,Adam Vaughan,adam.vaughan3246@proton.me,Australia,2026-07-27,Premium,3345.44
3247,Gerta Scholz,gerta.scholz3247@gmail.com,Germany,2024-12-03,Basic,388.85
3248,Scott Patel,scott.patel3248@proton.me,United Kingdom,2020-04-15,Basic,692.17
3249,Amelia Preston,amelia.preston3249@proton.me,United Kingdom,2021-04-16,Basic,365.21
3250,Joanne Lee,joanne.lee3250@outlook.com,United Kingdom,2022-12-04,Premium,2819.37
3251,Olivia Ayers,olivia.ayers3251@proton.me,United States,2026-06-18,Standard,623.85
3252,Mrs. Kristen Reyes,mrs.kristen.reyes3252@gmail.com,Canada,2021-09-08,Premium,3623.95
3253,Katie Suarez,katie.suarez3253@gmail.com,Canada,2023-07-10,Standard,216.63
3254,Margareta Butte-Jüttner,margareta.butte.juttner3254@gmail.com,Germany,2020-06-29,Standard,154.61
3255,Kristine Garcia,kristine.garcia3255@yahoo.com,United States,2024-03-27,Standard,713.46
3256,Alexandra Glover,alexandra.glover3256@icloud.com,United Kingdom,2023-01-31,Standard,818.55
3257,Desiree Tyler,desiree.tyler3257@yahoo.com,Canada,2024-08-18,Premium,1796.81
3258,Joseph Cooper,joseph.cooper3258@outlook.com,United States,2024-02-22,Standard,754.25
3259,Vera Boer,vera.boer3259@icloud.com,Netherlands,2024-03-17,Basic,397.97
3260,James Washington,james.washington3260@hotmail.com,United States,2020-08-05,Standard,546.64
3261,Ekani Cheema,ekani.cheema3261@icloud.com,India,2026-04-05,Standard,735.88
3262,Mauricio Gallardo,mauricio.gallardo3262@icloud.com,Mexico,2025-11-23,Premium,1038.7
3263,Amanda Hill,amanda.hill3263@gmail.com,United States,2021-05-16,Basic,195.65
3264,Timothy Romero,timothy.romero3264@icloud.com,Canada,2025-12-07,Basic,201.59
3265,Nathan Freeman,nathan.freeman3265@proton.me,Australia,2021-12-27,Standard,931.51
3266,Lee Steele,lee.steele3266@yahoo.com,Japan,2025-10-13,Premium,3457.27
3267,Steve Rivera,steve.rivera3267@proton.me,United States,2020-09-19,Standard,549.67
3268,Madeleine-Aurélie Menard,madeleine.aurelie.menard3268@yahoo.com,France,2024-06-26,Standard,637.0
3269,Patrick Mccall,patrick.mccall3269@icloud.com,United States,2023-06-13,Standard,411.68
3270,Alicia Roth,alicia.roth3270@hotmail.com,United States,2021-06-18,Standard,1346.63
3271,Diane Evans,diane.evans3271@yahoo.com,Canada,2021-03-02,Standard,1434.19
3272,Douglas Vasquez,douglas.vasquez3272@gmail.com,United States,2024-05-17,Standard,1770.64
3273,Christian Barker-Humphreys,christian.barker.humphreys3273@outlook.com,United Kingdom,2024-03-10,Basic,609.73
3274,Annette Melton,annette.melton3274@hotmail.com,United States,2022-07-27,Basic,274.11
3275,Yvonne Burns,yvonne.burns3275@yahoo.com,Canada,2023-04-18,Premium,4002.23
3276,Roger Salmon,roger.salmon3276@proton.me,France,2020-12-12,Standard,657.75
3277,Tijmen Robbrechts Bruijne,tijmen.robbrechts.bruijne3277@outlook.com,Netherlands,2025-10-02,Standard,1494.29
3278,Joshua Reed,joshua.reed3278@gmail.com,Canada,2022-07-14,Basic,273.65
3279,Kimberly Gibson,kimberly.gibson3279@icloud.com,Canada,2025-10-25,Premium,4434.51
3280,Leonard Moore,leonard.moore3280@yahoo.com,United Kingdom,2025-03-22,Standard,1300.36
3281,Hélène Diallo,helene.diallo3281@outlook.com,France,2020-06-02,Standard,1204.48
3282,Ana María de Anda,ana.maria.de.anda3282@outlook.com,Mexico,2022-09-05,Standard,506.62
3283,Enzio Verga,enzio.verga3283@outlook.com,Italy,2022-03-06,Basic,198.96
3284,Benjamin Ali,benjamin.ali3284@proton.me,United Kingdom,2021-05-15,Standard,516.1
3285,William Ramos,william.ramos3285@gmail.com,United States,2021-01-03,Premium,3019.46
3286,Colin Terry,colin.terry3286@proton.me,Canada,2021-05-21,Standard,1150.65
3287,Debra Butler,debra.butler3287@icloud.com,United States,2021-01-09,Standard,476.68
3288,Chelsea Lewis,chelsea.lewis3288@hotmail.com,United States,2023-08-16,Basic,51.47
3289,Wally Junck-Schomber,wally.junck.schomber3289@gmail.com,Germany,2020-11-10,Basic,644.74
3290,Forum Sabharwal,forum.sabharwal3290@icloud.com,India,2025-07-27,Basic,246.02
3291,Dr Richard Morgan,dr.richard.morgan3291@hotmail.com,United Kingdom,2025-08-12,Basic,550.77
3292,Monique du Pichon,monique.du.pichon3292@icloud.com,France,2020-02-04,Premium,1483.87
3293,Maxim Rousselet,maxim.rousselet3293@gmail.com,Netherlands,2026-07-28,Premium,3680.94
3294,Natalie Malone,natalie.malone3294@yahoo.com,United States,2025-11-15,Basic,189.96
3295,Dean Parsons,dean.parsons3295@hotmail.com,United Kingdom,2025-07-30,Standard,618.02
3296,Abelardo Orellana,abelardo.orellana3296@gmail.com,Mexico,2024-08-28,Basic,620.54
3297,Théodore Gilbert Le Colas,theodore.gilbert.le.colas3297@hotmail.com,France,2024-02-15,Standard,720.56
3298,Samantha Robertson,samantha.robertson3298@gmail.com,Japan,2023-06-28,Standard,1484.05
3299,Eric Hunter,eric.hunter3299@proton.me,Japan,2026-06-13,Standard,1039.73
3300,Samuel Suarez,samuel.suarez3300@hotmail.com,United States,2025-12-10,Standard,1532.81
3301,Bhavya Rattan,bhavya.rattan3301@hotmail.com,India,2022-03-08,Premium,3474.93
3302,Napoleone Viola,napoleone.viola3302@icloud.com,Italy,2025-09-02,Premium,1688.53
3303,Corey Whitaker,corey.whitaker3303@outlook.com,United States,2024-09-09,Premium,1744.05
3304,Danielle Bryant,danielle.bryant3304@proton.me,United States,2023-04-19,Premium,2783.59
3305,Puccio Ceravolo,puccio.ceravolo3305@gmail.com,Italy,2024-02-11,Standard,1433.73
3306,Howard Kelly,howard.kelly3306@hotmail.com,United Kingdom,2024-06-07,Standard,1744.38
3307,Melissa Brewer,melissa.brewer3307@icloud.com,Australia,2021-01-28,Premium,1276.51
1438,Ricky Davis II,ricky.davis.ii3308@gmail.com,Australia,2020-06-21,Basic,615.51
3309,Michele Hill,michele.hill3309@yahoo.com,United States,2024-01-19,Standard,1609.49
3310,Kathy Reid,kathy.reid3310@gmail.com,United States,2024-05-01,Premium,2485.83
3311,Cameron Wilson,cameron.wilson3311@proton.me,United Kingdom,2022-05-21,Premium,1449.38
3312,Andre Watson,andre.watson3312@outlook.com,United States,2023-12-28,Premium,2390.24
3313,Cynthia Rowe,cynthia.rowe3313@hotmail.com,Canada,2026-06-01,Premium,3117.6
3314,Prof. Amalie Schönland B.Sc.,prof.amalie.schonland.b.sc3314@icloud.com,Germany,2021-08-07,Standard,1773.47
3315,João Castro,joao.castro3315@outlook.com,Brazil,2020-06-14,Premium,1924.82
3316,Patrick Thornton,patrick.thornton3316@icloud.com,Canada,2025-01-06,Basic,256.26
3317,Cassandra Harrell,cassandra.harrell3317@proton.me,United States,2026-03-03,Basic,381.81
3318,Univ.Prof. Miroslav Hövel B.A.,univ.prof.miroslav.hovel.b.a3318@yahoo.com,Germany,2022-08-15,Standard,1163.94
3319,Hannah Martin,hannah.martin3319@gmail.com,United States,2024-02-26,Standard,1295.05
3320,Suhani Chakrabarti,suhani.chakrabarti3320@gmail.com,India,2025-09-09,Standard,1081.36
3321,Anne Bourdon de Ledoux,anne.bourdon.de.ledoux3321@outlook.com,France,2023-03-16,Standard,1692.69
3322,Thomas de la Aubry,thomas.de.la.aubry3322@hotmail.com,France,2022-11-11,Standard,423.24
3323,Elizabeth Perkins,elizabeth.perkins3323@proton.me,Australia,2026-06-04,Standard,1182.84
3324,Joseph Coleman,joseph.coleman3324@icloud.com,Australia,2024-03-19,Basic,468.32
3325,Sra. Mariane Novais,sra.mariane.novais3325@proton.me,Brazil,2025-02-11,Premium,2732.19
3326,Nicole Barker,nicole.barker3326@outlook.com,United States,2026-06-30,Standard,1720.69
3327,James Martin,james.martin3327@outlook.com,United States,2026-05-04,Premium,878.71
3328,Jasmin Alvarado,jasmin.alvarado3328@outlook.com,Canada,2026-05-21,Standard,1758.51
3329,Traci Vincent,traci.vincent3329@yahoo.com,United States,2022-02-18,Premium,3904.99
3330,Bram van Duivenvoorde,bram.van.duivenvoorde3330@yahoo.com,Netherlands,2023-04-20,Basic,548.98
3331,Heinz-Günther Dippel,heinz.gunther.dippel3331@icloud.com,Germany,2026-04-12,Basic,61.97
3332,Zayyan Naik,zayyan.naik3332@gmail.com,India,2026-04-04,Standard,806.69
3333,Megan Adams,megan.adams3333@hotmail.com,United States,2020-05-05,Standard,436.96
3334,Alejandro Deleon,alejandro.deleon3334@icloud.com,United States,2022-07-23,Standard,513.66
3335,Édouard Dupuis,edouard.dupuis3335@icloud.com,France,2024-01-21,Standard,1632.56
3336,Veronica Simpson,veronica.simpson3336@proton.me,Canada,2026-04-17,Basic,589.28
3337,María Elena Gonzalo Piña Valadez,maria.elena.gonzalo.pina.valadez3337@gmail.com,Mexico,2023-11-12,Basic,623.92
3338,Alexa Buck,alexa.buck3338@yahoo.com,United States,2026-05-08,Standard,713.21
3339,Jonathan Lawrence,jonathan.lawrence3339@yahoo.com,Canada,2024-07-21,Standard,741.89
3340,Robert Sanchez,robert.sanchez3340@hotmail.com,France,2022-12-25,Premium,2837.27
3341,Shelly Alexander,shelly.alexander3341@outlook.com,Canada,2024-07-24,Standard,1673.71
3342,Lindsay Smith,lindsay.smith3342@icloud.com,United States,2025-05-27,Basic,91.32
3343,Daniel Barbosa,daniel.barbosa3343@yahoo.com,Brazil,2022-02-18,Basic,236.74
3344,Melanie Brady,melanie.brady3344@gmail.com,United Kingdom,2022-10-28,Basic,549.62
3345,Mrs Olivia Allen,mrs.olivia.allen3345@yahoo.com,United Kingdom,2022-09-12,Standard,1425.69
3346,Srta. Ísis Andrade,srta.isis.andrade3346@outlook.com,Brazil,2020-06-15,Basic,586.96
3347,Robert Torres,robert.torres3347@yahoo.com,United States,2020-01-05,Premium,3953.17
3348,Helfried Geisel,helfried.geisel3348@hotmail.com,Germany,2024-05-13,Premium,1004.06
9881,Sr. Pedro Cardoso,sr.pedro.cardoso3349@hotmail.com,Brazil,2025-08-25,Standard,284.0
3350,Maria Coleman,maria.coleman3350@icloud.com,United States,2023-10-03,Basic,580.74
3351,Gregory King,gregory.king3351@gmail.com,United States,2024-03-16,Standard,1159.91
3352,Michael Holloway,michael.holloway3352@outlook.com,United States,2020-10-26,Basic,241.94
3353,Thea Baum,thea.baum3353@yahoo.com,Germany,2025-11-07,Premium,2955.11
3354,Gotthilf Blümel,gotthilf.blumel3354@hotmail.com,Germany,2021-08-11,Premium,2162.94
3355,Netra Varkey,netra.varkey3355@outlook.com,India,2020-03-09,Basic,322.44
3356,Turvi Sachdev,turvi.sachdev3356@hotmail.com,India,2021-10-26,Premium,4288.84
3357,Brian Hunt,brian.hunt3357@proton.me,Japan,2024-07-09,Basic,302.86
3358,Sarah Brooks,sarah.brooks3358@yahoo.com,United States,2023-11-12,Premium,3755.07
3359,Erin Warner,erin.warner3359@hotmail.com,Australia,2025-04-26,Basic,648.09
3360,Cristal Espinal,cristal.espinal3360@icloud.com,Mexico,2020-09-30,Basic,202.89
3361,Dr Leonard Simpson,dr.leonard.simpson3361@icloud.com,United Kingdom,2025-12-25,Standard,1750.99
3362,Lisa Evans,lisa.evans3362@hotmail.com,United States,2022-08-08,Premium,1290.86
3363,Ximena Falcón Iñiguez,ximena.falcon.iniguez3363@outlook.com,Spain,2021-12-02,Standard,1661.1
3364,Gloria Köster,gloria.koster3364@hotmail.com,Germany,2026-02-09,Basic,338.37
3365,Arthur Mcneil,arthur.mcneil3365@yahoo.com,United States,2021-02-20,Premium,1404.52
3366,Mr Leon Murray,mr.leon.murray3366@yahoo.com,United Kingdom,2024-09-24,Standard,996.94
3367,Adrien Lejeune,adrien.lejeune3367@yahoo.com,France,2025-03-30,Standard,1096.17
3368,Dr Stephen Gardner,dr.stephen.gardner3368@gmail.com,United Kingdom,2022-02-18,Standard,272.65
3369,Sylvie Klein,sylvie.klein3369@outlook.com,France,2023-06-11,Standard,231.15
3370,Livio Oscuro,livio.oscuro3370@icloud.com,Italy,2023-08-16,Premium,3997.25
3371,Dean Woodward-Dodd,dean.woodward.dodd3371@gmail.com,United Kingdom,2021-01-22,Standard,619.86
3372,Shannon Green,shannon.green3372@hotmail.com,United States,2022-04-19,Standard,1522.8
3373,Rachel Sullivan,rachel.sullivan3373@icloud.com,United Kingdom,2021-03-19,Basic,635.9
3374,David Martinez,david.martinez3374@hotmail.com,Australia,2025-10-03,Premium,1490.6
3375,Stephanie Evans,stephanie.evans3375@yahoo.com,United States,2021-01-12,Basic,628.63
3376,Raghav Vasa,raghav.vasa3376@yahoo.com,India,2021-02-23,Standard,580.81
3377,Paulino Rubio Abellán,paulino.rubio.abellan3377@hotmail.com,Spain,2021-12-03,Standard,711.23
3378,Naomi Timmermans,naomi.timmermans3378@proton.me,Netherlands,2024-11-28,Standard,852.93
3379,Louise van de Ven,louise.van.de.ven3379@icloud.com,Netherlands,2022-09-22,Basic,597.45
3380,Ralph Yoder,ralph.yoder3380@proton.me,United States,2023-07-28,Standard,708.48
3381,Joyce Bowen,joyce.bowen3381@hotmail.com,Canada,2020-04-03,Standard,1309.65
3382,Matthew Moore,matthew.moore3382@proton.me,Canada,2024-10-21,Standard,1679.72
3383,Rebekah Greene,rebekah.greene3383@hotmail.com,United States,2020-09-07,Standard,1698.02
3384,Melanie Griffith,melanie.griffith3384@hotmail.com,United States,2025-10-23,Basic,123.92
3385,Joost Lips,joost.lips3385@outlook.com,Netherlands,2020-01-10,Standard,386.99
3386,Wishi Sathe,wishi.sathe3386@yahoo.com,India,2022-01-09,Standard,726.35
3387,Gabriel Hervé,gabriel.herve3387@gmail.com,France,2024-05-30,Standard,1238.27
3388,Yolanda Green,yolanda.green3388@outlook.com,United States,2026-01-17,Basic,657.51
3389,Michel Guérin de la Aubry,michel.guerin.de.la.aubry3389@hotmail.com,France,2026-05-21,Premium,1069.59
3390,Samar Loke,samar.loke3390@yahoo.com,India,2020-10-24,Basic,118.65
3391,Wayne Morgan,wayne.morgan3391@hotmail.com,Canada,2026-08-30,Basic,401.33
3392,Marie Christian,marie.christian3392@proton.me,Canada,2023-01-04,Standard,1178.67
3393,Shannon James,shannon.james3393@icloud.com,Canada,2020-03-07,Basic,110.64
3394,Ángela Figueras,angela.figueras3394@outlook.com,Spain,2020-05-18,Basic,491.96
3395,James Johnson,james.johnson3395@icloud.com,United States,2024-11-09,Basic,428.8
3396,Élodie-Pauline Noël,elodie.pauline.noel3396@icloud.com,France,2023-04-10,Standard,641.93
3397,Bhavna Sarma,bhavna.sarma3397@proton.me,India,2025-09-28,Standard,258.93
3398,Laura Lee,laura.lee3398@outlook.com,United States,2025-01-24,Standard,987.43
3399,Micheletto Foà,micheletto.foa3399@gmail.com,Italy,2024-12-12,Premium,4217.5
3400,Courtney Nichols,courtney.nichols3400@icloud.com,United States,2024-07-03,Standard,938.04
3401,Nathan Malone,nathan.malone3401@proton.me,Canada,2022-02-03,Premium,3077.66
3402,Susan Powers,susan.powers3402@gmail.com,United States,2020-09-17,Basic,472.99
3403,Dr. Eleni Radisch,dr.eleni.radisch3403@icloud.com,Germany,2025-12-19,Standard,1044.26
3404,Leandro Fonseca,leandro.fonseca3404@icloud.com,Brazil,2024-11-22,Standard,1335.59
3405,Sarah Pittman,sarah.pittman3405@yahoo.com,United States,2023-08-04,Standard,473.65
3406,Esteban Ana Luisa Venegas Torres,esteban.ana.luisa.venegas.torres3406@gmail.com,Mexico,2025-12-19,Standard,1015.24
3407,Mrs Rachel Cox,mrs.rachel.cox3407@yahoo.com,United Kingdom,2022-08-30,Standard,1297.58
3408,Catherine Davis,catherine.davis3408@proton.me,Japan,2024-01-16,Basic,288.35
3409,Hélène Jourdan-Gérard,helene.jourdan.gerard3409@outlook.com,France,2025-02-13,Standard,200.55
3410,David Stokes,david.stokes3410@outlook.com,United States,2026-01-28,Premium,3561.95
3411,Luiz Henrique Costela,luiz.henrique.costela3411@outlook.com,Brazil,2022-10-25,Premium,2737.26
3412,Prof. Marit Zorbach,prof.marit.zorbach3412@hotmail.com,Germany,2022-03-14,Premium,3857.93
3413,Jairaj Balakrishnan,jairaj.balakrishnan3413@yahoo.com,India,2022-10-07,Standard,369.61
3414,Amanda Jones,amanda.jones3414@icloud.com,Canada,2023-01-07,Basic,585.46
3415,Catherine Frazier,catherine.frazier3415@yahoo.com,United States,2026-02-15,Basic,648.55
3416,Irene Becerra Murillo,irene.becerra.murillo3416@outlook.com,Spain,2024-07-16,Premium,1094.55
3417,David-Auguste Lopez,david.auguste.lopez3417@outlook.com,France,2022-02-03,Standard,707.52
3418,Humberto Báez Arteaga,humberto.baez.arteaga3418@hotmail.com,Mexico,2021-12-29,Basic,256.76
3419,Brandon Kelly,brandon.kelly3419@icloud.com,United States,2021-12-04,Standard,1122.05
3420,Isadora Rios,isadora.rios3420@yahoo.com,Brazil,2023-11-07,Standard,1439.78
3421,Joanne Morris,joanne.morris3421@yahoo.com,United Kingdom,2025-08-28,Premium,3429.28
3422,Paige Burton,paige.burton3422@gmail.com,United Kingdom,2025-06-28,Standard,1727.83
3423,Flora Camilleri-Nitto,flora.camilleri.nitto3423@icloud.com,Italy,2023-08-21,Premium,1985.63
3424,Dr. Diethard Budig,dr.diethard.budig3424@proton.me,Germany,2023-03-22,Basic,176.34
3425,Elizabeth French,elizabeth.french3425@proton.me,United States,2021-05-06,Basic,628.36
3426,Angelina van Egisheim,angelina.van.egisheim3426@gmail.com,Netherlands,2021-04-08,Basic,429.33
3427,David Carter,david.carter3427@yahoo.com,United States,2025-11-06,Basic,250.19
3428,Julie Delacruz,julie.delacruz3428@gmail.com,United States,2020-12-18,Basic,166.88
3429,Ms Sheila Webster,ms.sheila.webster3429@outlook.com,United Kingdom,2023-04-17,Standard,689.17
3430,Mrs Margaret Bryan,mrs.margaret.bryan3430@gmail.com,United Kingdom,2022-06-06,Basic,272.12
3431,Terry Jones,terry.jones3431@hotmail.com,Japan,2025-05-03,Basic,666.67
3432,Kathryn Dillon,kathryn.dillon3432@hotmail.com,United States,2025-01-06,Basic,55.91
3433,Loretta Costalonga,loretta.costalonga3433@outlook.com,Italy,2021-09-05,Standard,1211.46
3434,Edwin Brown,edwin.brown3434@gmail.com,United States,2020-05-24,Basic,144.69
3435,Mr Tom Reeves,mr.tom.reeves3435@icloud.com,United Kingdom,2021-05-14,Standard,1014.14
3436,Tammie Bright,tammie.bright3436@icloud.com,Canada,2021-06-23,Basic,29.54
3437,Mohamed Douglas,mohamed.douglas3437@yahoo.com,United Kingdom,2025-10-07,Standard,1563.15
3438,Ross Carroll,ross.carroll3438@yahoo.com,United Kingdom,2021-07-14,Basic,401.25
3439,Estefanía Narcisa Casanovas Mas,estefania.narcisa.casanovas.mas3439@hotmail.com,Spain,2024-08-31,Premium,2000.48
3440,Bryan Herrera,bryan.herrera3440@icloud.com,Australia,2024-08-28,Basic,328.6
3441,Ludmilla Stoll-Hendriks,ludmilla.stoll.hendriks3441@outlook.com,Germany,2021-11-17,Premium,3412.58
3442,Jessica Garcia,jessica.garcia3442@proton.me,Canada,2023-02-19,Standard,710.23
3443,Nathan Mukhopadhyay,nathan.mukhopadhyay3443@outlook.com,India,2023-07-23,Basic,593.06
3444,Molly Clark,molly.clark3444@icloud.com,United Kingdom,2021-06-11,Standard,1163.73
3445,Brenda Gonzalez,brenda.gonzalez3445@gmail.com,United States,2024-10-19,Basic,42.14
3446,Esmeralda Real,esmeralda.real3446@gmail.com,Spain,2020-06-10,Premium,3766.0
3447,Mrs Jean Davies,mrs.jean.davies3447@yahoo.com,United Kingdom,2026-07-29,Standard,532.95
3448,Ettore Eco,ettore.eco3448@yahoo.com,Italy,2021-04-19,Basic,611.23
3449,Keith Knox,keith.knox3449@gmail.com,United States,2023-08-20,Standard,205.75
3450,Eugene Baldwin,eugene.baldwin3450@proton.me,United States,2024-10-09,Standard,450.55
3451,Katherine Welch,katherine.welch3451@outlook.com,United States,2023-03-10,Basic,379.23
3452,Norman Hill,norman.hill3452@icloud.com,United Kingdom,2025-07-02,Premium,4363.45
3453,Honoré Valentin,honore.valentin3453@yahoo.com,France,2024-09-28,Standard,1201.58
3454,Prof. Brunhilde Heinrich MBA.,prof.brunhilde.heinrich.mba3454@outlook.com,Germany,2024-08-19,Premium,823.55
3455,Gemma Quinn-Robinson,gemma.quinn.robinson3455@icloud.com,United Kingdom,2021-11-17,Basic,219.34
3456,Allegra Errani,allegra.errani3456@gmail.com,Italy,2025-11-23,Standard,1492.39
3457,Louise-Sabine Denis,louise.sabine.denis3457@gmail.com,France,2021-07-01,Premium,1032.79
3458,Mark Smith,mark.smith3458@yahoo.com,United States,2020-01-30,Standard,1179.71
3459,Philip Jackson,philip.jackson3459@proton.me,United States,2020-02-03,Basic,375.72
3460,Irma Hermighausen,irma.hermighausen3460@hotmail.com,Germany,2021-10-17,Standard,1062.03
3461,Sarah Martin,sarah.martin3461@icloud.com,United Kingdom,2021-11-07,Basic,297.72
3462,Madeleine Bonnin,madeleine.bonnin3462@proton.me,France,2025-02-10,Premium,1468.46
3463,Diane Miller,diane.miller3463@hotmail.com,United Kingdom,2023-08-07,Standard,1755.94
3464,Shelia Wallace,shelia.wallace3464@outlook.com,Canada,2025-06-04,Premium,1372.59
3465,Stephanie Williams,stephanie.williams3465@gmail.com,Canada,2023-08-25,Premium,1133.87
3466,Luke van der Maes,luke.van.der.maes3466@proton.me,Netherlands,2025-01-31,Standard,1235.17
3467,Katherine Gallagher,katherine.gallagher3467@gmail.com,United States,2024-05-26,Premium,4015.41
3468,Laetitia Charrier,laetitia.charrier3468@gmail.com,France,2025-04-04,Premium,2491.52
3469,Lucas Schultz,lucas.schultz3469@hotmail.com,United States,2022-06-08,Basic,467.39
3470,Sig.ra Lucia Grassi,sig.ra.lucia.grassi3470@gmail.com,Italy,2023-08-27,Premium,1374.21
3471,Ermes Cannizzaro-Pasolini,ermes.cannizzaro.pasolini3471@icloud.com,Italy,2022-05-26,Basic,620.05
3472,Ruggiero Garibaldi,ruggiero.garibaldi3472@proton.me,Italy,2024-10-15,Basic,468.64
3473,Nikita Chander,nikita.chander3473@proton.me,India,2023-05-26,Standard,1058.59
3474,Vincent Reyes,vincent.reyes3474@yahoo.com,United States,2023-08-24,Standard,1309.08
3475,Curtis Watson,curtis.watson3475@icloud.com,United States,2026-01-21,Standard,1067.31
3476,Maureen O'Neill-Stephenson,maureen.o.neill.stephenson3476@hotmail.com,United Kingdom,2021-05-15,Standard,1213.6
3477,Cathy Robinson,cathy.robinson3477@hotmail.com,Australia,2022-06-15,Premium,2254.4
3478,Frank Whitaker,frank.whitaker3478@gmail.com,United States,2026-05-27,Standard,1577.96
3479,Elaine Brooks,elaine.brooks3479@hotmail.com,Canada,2021-04-22,Premium,2453.26
3480,Joep van Dommelen-Doyle,joep.van.dommelen.doyle3480@icloud.com,Netherlands,2024-12-02,Premium,2912.86
3481,Tomas Mohaupt,tomas.mohaupt3481@yahoo.com,Germany,2020-08-15,Standard,1250.09
3482,Ishaan Shenoy,ishaan.shenoy3482@icloud.com,India,2025-07-31,Basic,169.61
3483,Virginie Navarro-Faure,virginie.navarro.faure3483@outlook.com,France,2021-07-20,Standard,1071.22
3484,Graciana Marqués Castejón,graciana.marques.castejon3484@yahoo.com,Spain,2021-06-19,Premium,3805.59
3485,Dr. William Warren,dr.william.warren3485@gmail.com,Australia,2021-07-05,Basic,293.06
3486,Lynn Timmermans,lynn.timmermans3486@gmail.com,Netherlands,2026-02-22,Premium,939.33
3487,Michael Sims,michael.sims3487@icloud.com,United States,2025-06-25,Standard,1700.55
3488,Michael Cooper,michael.cooper3488@icloud.com,Japan,2025-08-24,Standard,1088.72
3489,Ms Emily Palmer,ms.emily.palmer3489@yahoo.com,United Kingdom,2024-03-04,Standard,739.65
3490,James Chapman,james.chapman3490@icloud.com,United States,2024-06-03,Basic,564.12
3491,Humberto Pinilla,humberto.pinilla3491@gmail.com,Spain,2022-04-07,Premium,4418.56
3492,Rodney Evans,rodney.evans3492@hotmail.com,United States,2020-12-01,Basic,602.25
3493,Joseph Knight,joseph.knight3493@gmail.com,Canada,2025-02-28,Premium,3890.18
3494,Nicholas Carlson,nicholas.carlson3494@yahoo.com,United States,2026-05-25,Basic,610.62
3495,Stephen Cowan,stephen.cowan3495@yahoo.com,United States,2026-06-22,Premium,4229.39
3496,Romeo Nibali,romeo.nibali3496@proton.me,Italy,2023-11-27,Standard,302.58
3497,Steven Howard,steven.howard3497@outlook.com,United States,2025-09-25,Premium,3064.7
3498,Travis Hull,travis.hull3498@gmail.com,United States,2026-06-19,Standard,925.66
3499,Darryl Acosta,darryl.acosta3499@icloud.com,United States,2025-08-09,Premium,4379.43
3500,Nicholas Lawrence,nicholas.lawrence3500@gmail.com,United States,2021-09-10,Basic,103.0
3501,Jacob Santos,jacob.santos3501@proton.me,United States,2025-02-28,Standard,1391.89
3502,Shawn Scott,shawn.scott3502@gmail.com,United States,2020-12-31,Premium,2215.55
3503,Amber Vang,amber.vang3503@yahoo.com,United States,2020-06-20,Premium,3470.18
3504,Marika Ritter,marika.ritter3504@proton.me,Germany,2023-11-05,Standard,1677.13
3505,Brian Lee,brian.lee3505@yahoo.com,Australia,2022-03-21,Basic,529.07
3506,Martha Smith,martha.smith3506@outlook.com,United States,2026-05-31,Premium,2207.05
3507,Jennifer James,jennifer.james3507@gmail.com,United States,2022-01-02,Standard,1596.84
3508,Rafael Steenbeek,rafael.steenbeek3508@icloud.com,Netherlands,2021-02-28,Premium,3704.5
3509,Kara Hernandez,kara.hernandez3509@gmail.com,United States,2023-03-11,Premium,2866.03
3510,Geoffrey Knight-Lee,geoffrey.knight.lee3510@icloud.com,United Kingdom,2021-07-29,Basic,605.39
3511,Carolyn Miller,carolyn.miller3511@outlook.com,Canada,2021-07-05,Premium,1860.84
3512,Lorraine Turner,lorraine.turner3512@icloud.com,United States,2022-03-04,Basic,272.54
3513,Gianluigi Garobbio-Ariosto,gianluigi.garobbio.ariosto3513@proton.me,Italy,2024-04-07,Basic,69.56
3514,Christopher Smith,christopher.smith3514@proton.me,Australia,2020-01-06,Basic,169.87
3515,Alice Lesage Le Texier,alice.lesage.le.texier3515@icloud.com,France,2023-11-15,Premium,3369.87
3516,Herr Heinz-Wilhelm Kaul,herr.heinz.wilhelm.kaul3516@gmail.com,Germany,2021-02-02,Standard,898.66
3517,Mary Nelson,mary.nelson3517@yahoo.com,United States,2024-10-02,Basic,396.04
3518,Lisa Allen,lisa.allen3518@hotmail.com,Canada,2023-06-11,Basic,112.98
3519,Luiz Gustavo Vasconcelos,luiz.gustavo.vasconcelos3519@outlook.com,Brazil,2020-11-02,Basic,550.5
3520,Breanna Rivas,breanna.rivas3520@hotmail.com,United States,2020-08-08,Standard,747.01
3521,Nathan Wilson,nathan.wilson3521@yahoo.com,United States,2026-04-02,Standard,249.51
3522,Mitesh Tara,mitesh.tara3522@gmail.com,India,2024-12-19,Basic,675.7
3523,Mandy Löffler,mandy.loffler3523@icloud.com,Germany,2020-04-01,Standard,364.48
3524,Maria Luísa Pinto,maria.luisa.pinto3524@icloud.com,Brazil,2021-03-14,Standard,580.75
3525,Srta. Isabela Castro,srta.isabela.castro3525@proton.me,Brazil,2020-02-01,Standard,1322.05
3526,Dr Alan Frost,dr.alan.frost3526@yahoo.com,United Kingdom,2020-08-28,Premium,3079.71
3527,Brian Gonzalez,brian.gonzalez3527@hotmail.com,Japan,2025-07-26,Standard,1417.88
3528,Irene Jacobi Jäckel,irene.jacobi.jackel3528@hotmail.com,Germany,2023-06-16,Standard,761.97
3529,Yashodhara Mahajan,yashodhara.mahajan3529@outlook.com,India,2024-03-03,Standard,1541.78
3530,Elvira Piacentini-Mondaini,elvira.piacentini.mondaini3530@outlook.com,Italy,2025-05-18,Basic,117.38
3531,Maya le Matelot,maya.le.matelot3531@hotmail.com,Netherlands,2024-11-13,Premium,963.26
3532,Dennis Mills,dennis.mills3532@gmail.com,United States,2025-10-07,Premium,1566.71
3533,Jenna Spier,jenna.spier3533@proton.me,Netherlands,2024-08-16,Standard,315.62
3534,Michael Williams-Nicholls,michael.williams.nicholls3534@gmail.com,United Kingdom,2025-06-25,Premium,2710.24
3535,Briana Murray,briana.murray3535@icloud.com,Canada,2021-02-03,Basic,477.38
3536,Hans-Jochen Nette B.Sc.,hans.jochen.nette.b.sc3536@yahoo.com,Germany,2026-08-24,Premium,3463.23
3537,Lic. Nadia Tamez,lic.nadia.tamez3537@proton.me,Mexico,2020-09-06,Standard,472.55
3538,Michael Phillips,michael.phillips3538@hotmail.com,United States,2021-02-20,Standard,912.21
3539,Jon Clark,jon.clark3539@gmail.com,United States,2020-07-14,Basic,219.21
3540,Bartolomeo Liguori-Nicolucci,bartolomeo.liguori.nicolucci3540@outlook.com,Italy,2025-07-08,Standard,1471.69
3541,Erin Smith,erin.smith3541@proton.me,United States,2022-03-16,Premium,2890.99
3542,Susan Conley,susan.conley3542@icloud.com,United States,2025-12-03,Standard,887.25
3543,Alexandre-Benjamin Rolland,alexandre.benjamin.rolland3543@icloud.com,France,2022-11-05,Standard,487.53
3544,David Smith,david.smith3544@outlook.com,Canada,2022-03-25,Basic,567.47
3545,Denise Mccann,denise.mccann3545@icloud.com,Australia,2024-07-06,Premium,3796.5
3546,Mario Mascaró Ramis,mario.mascaro.ramis3546@outlook.com,Spain,2024-11-26,Basic,319.85
3547,Brittany Davis,brittany.davis3547@outlook.com,United States,2026-07-24,Premium,1690.03
3548,Misty Garcia,misty.garcia3548@hotmail.com,United States,2020-03-18,Premium,4425.34
3549,Dipl.-Ing. Kay-Uwe Klemt B.Eng.,dipl.ing.kay.uwe.klemt.b.eng3549@hotmail.com,Germany,2021-02-14,Standard,695.05
3550,Vasudha Sodhi,vasudha.sodhi3550@gmail.com,India,2021-04-22,Premium,2977.5
3551,Aimée-Juliette Verdier,aimee.juliette.verdier3551@gmail.com,France,2022-10-30,Premium,3571.38
3552,David Hinton,david.hinton3552@yahoo.com,United States,2026-02-05,Basic,397.62
3553,Dylan van Boven,dylan.van.boven3553@icloud.com,Netherlands,2023-01-09,Standard,669.83
3554,Emmanuel Lelièvre,emmanuel.lelievre3554@proton.me,France,2020-09-26,Standard,434.0
3555,John Garcia,john.garcia3555@icloud.com,United States,2025-08-17,Premium,2981.69
3556,Tanmayi Dhillon,tanmayi.dhillon3556@icloud.com,India,2025-07-28,Basic,291.63
3557,Rayaan Trivedi,rayaan.trivedi3557@hotmail.com,India,2022-07-05,Standard,477.8
3558,Ekaraj Majumdar,ekaraj.majumdar3558@proton.me,India,2021-05-07,Basic,283.0
3559,Stephanie Byrd,stephanie.byrd3559@outlook.com,Canada,2021-02-22,Standard,780.31
3560,Andrew Roberts,andrew.roberts3560@yahoo.com,United States,2025-06-09,Standard,231.02
3561,Alice Sorgatz,alice.sorgatz3561@outlook.com,Germany,2022-10-13,Standard,437.42
3562,Sally Allen,sally.allen3562@yahoo.com,United Kingdom,2022-05-13,Basic,677.75
3563,Simone Le Arnaud,simone.le.arnaud3563@icloud.com,France,2023-03-30,Standard,1654.75
3564,Ana Luisa Nancy Blanco,ana.luisa.nancy.blanco3564@hotmail.com,Mexico,2020-03-01,Premium,3843.42
3565,Emily Rodgers,emily.rodgers3565@hotmail.com,United States,2021-07-25,Premium,2528.89
3566,Jeremy Reed,jeremy.reed3566@icloud.com,Canada,2021-12-03,Premium,2319.75
3567,Noah Alves,noah.alves3567@proton.me,Brazil,2020-04-22,Standard,1239.73
3568,Peter Williams,peter.williams3568@icloud.com,United States,2020-12-08,Standard,1279.17
3569,Melissa Martinez,melissa.martinez3569@icloud.com,Australia,2025-10-02,Standard,1610.17
3570,Katherine Salas,katherine.salas3570@hotmail.com,Australia,2021-08-23,Basic,81.36
3571,Emmy Anders-Rosemann,emmy.anders.rosemann3571@gmail.com,Germany,2026-01-10,Standard,1119.62
3572,Reece Ellis,reece.ellis3572@proton.me,United Kingdom,2025-09-12,Premium,3835.29
3573,Mary Jackson,mary.jackson3573@icloud.com,United States,2024-06-22,Basic,230.28
3574,Jeffrey Howell,jeffrey.howell3574@gmail.com,United States,2025-01-22,Basic,621.32
3575,Margaret Coleman,margaret.coleman3575@proton.me,Canada,2022-08-12,Standard,876.58
3576,Ryan Gonzalez,ryan.gonzalez3576@hotmail.com,Canada,2020-02-17,Standard,251.83
3577,Anna Briggs,anna.briggs3577@icloud.com,United States,2020-07-10,Standard,678.33
3578,Renée-Victoire Robin,renee.victoire.robin3578@yahoo.com,France,2022-02-12,Standard,290.46
3579,Harini Tripathi,harini.tripathi3579@gmail.com,India,2020-12-10,Basic,369.86
3580,Ullrich auch Schlauchin,ullrich.auch.schlauchin3580@icloud.com,Germany,2023-01-12,Basic,429.93
3581,Ing. Peggy Hein B.Eng.,ing.peggy.hein.b.eng3581@icloud.com,Germany,2021-09-08,Standard,1391.06
3582,John Young,john.young3582@proton.me,Canada,2025-05-08,Standard,232.54
3583,James Rivers,james.rivers3583@outlook.com,United States,2022-07-28,Basic,199.59
3584,Melissa Kuipers,melissa.kuipers3584@icloud.com,Netherlands,2024-09-30,Premium,2380.45
3585,Univ.Prof. Donald Scholl B.Eng.,univ.prof.donald.scholl.b.eng3585@icloud.com,Germany,2022-10-13,Premium,1851.23
3586,James Jefferson,james.jefferson3586@proton.me,Japan,2026-03-15,Standard,699.96
3587,Miss Amy Gibbons,miss.amy.gibbons3587@gmail.com,United Kingdom,2025-02-28,Standard,1567.34
3588,Aarnav Mandal,aarnav.mandal3588@proton.me,India,2024-06-18,Premium,3167.99
3589,Mariah Robles,mariah.robles3589@hotmail.com,Japan,2023-03-05,Basic,279.01
3590,Laura Haney,laura.haney3590@proton.me,Canada,2022-12-20,Basic,314.78
3591,Michael Brown,michael.brown3591@icloud.com,United States,2023-07-03,Premium,2442.6
3592,Caitlin Perry,caitlin.perry3592@outlook.com,United States,2021-02-22,Standard,413.68
3593,Serafina de Mateu,serafina.de.mateu3593@icloud.com,Spain,2022-09-22,Basic,299.48
3594,William Barrett,william.barrett3594@yahoo.com,Canada,2020-01-02,Standard,1096.89
3595,Julie Alexander,julie.alexander3595@yahoo.com,Australia,2022-12-25,Standard,1028.96
3596,Keith Jennings,keith.jennings3596@icloud.com,Canada,2020-06-17,Basic,117.79
3597,Rebekah Gregory,rebekah.gregory3597@hotmail.com,United States,2021-09-11,Basic,533.2
3598,Lutz Dietz-Schottin,lutz.dietz.schottin3598@icloud.com,Germany,2020-10-06,Standard,1178.34
3599,James Howard,james.howard3599@outlook.com,United States,2020-10-29,Standard,1519.0
3600,Vrishti Dixit,vrishti.dixit3600@proton.me,India,2022-10-13,Standard,1396.56
3601,Veda Pai,veda.pai3601@yahoo.com,India,2022-04-17,Basic,97.87
3602,Michael Roberson,michael.roberson3602@proton.me,United States,2024-07-27,Basic,255.67
3603,Ángela Rosario Barreto,angela.rosario.barreto3603@gmail.com,Mexico,2022-11-08,Standard,993.22
3604,Gernot Zirme,gernot.zirme3604@proton.me,Germany,2020-03-30,Basic,268.21
3605,Monica Piazzi-Valguarnera,monica.piazzi.valguarnera3605@outlook.com,Italy,2025-07-22,Premium,1260.91
3606,Bianca Knapp,bianca.knapp3606@outlook.com,United States,2020-05-09,Basic,495.48
3607,Jason Williams,jason.williams3607@icloud.com,United States,2024-09-01,Standard,254.25
3608,Anthony Everett,anthony.everett3608@hotmail.com,Australia,2020-09-24,Basic,110.57
3609,Ernest Bush,ernest.bush3609@icloud.com,United States,2026-06-05,Basic,450.58
3610,Amber Obrien,amber.obrien3610@proton.me,Canada,2020-01-12,Basic,336.66
3611,Tanner Mitchell DDS,tanner.mitchell.dds3611@gmail.com,Canada,2023-01-17,Premium,1802.22
3612,Heather Fields,heather.fields3612@gmail.com,Canada,2022-07-16,Basic,445.22
3613,Cruz Ildefonso Montserrat Sola,cruz.ildefonso.montserrat.sola3613@proton.me,Spain,2024-03-22,Basic,393.49
3614,Krishna Shah,krishna.shah3614@icloud.com,India,2022-10-16,Standard,1109.92
3615,Marine Lejeune,marine.lejeune3615@icloud.com,France,2024-12-08,Standard,986.09
3616,Megan Le,megan.le3616@proton.me,Canada,2021-01-04,Standard,1120.78
3617,Karina Carla Vargas,karina.carla.vargas3617@proton.me,Mexico,2020-07-20,Premium,3070.68
3618,Margot Leconte,margot.leconte3618@proton.me,France,2022-01-09,Premium,3343.57
3619,Alwine Sager B.Eng.,alwine.sager.b.eng3619@outlook.com,Germany,2022-10-06,Standard,779.46
3620,Édouard Boulanger,edouard.boulanger3620@outlook.com,France,2021-04-09,Premium,1090.84
3621,Virginie Hervé,virginie.herve3621@gmail.com,France,2022-07-19,Basic,388.03
3622,Rodney Morales,rodney.morales3622@hotmail.com,Australia,2022-04-28,Standard,560.11
3623,Ricardo Rosario Arenas,ricardo.rosario.arenas3623@proton.me,Mexico,2021-05-30,Premium,2943.29
3624,Ms Rosie Nicholls,ms.rosie.nicholls3624@icloud.com,United Kingdom,2020-08-16,Standard,162.67
3625,Patricia Ray,patricia.ray3625@proton.me,United States,2026-06-02,Standard,374.21
3626,Sara Fuller,sara.fuller3626@icloud.com,Canada,2022-10-21,Premium,1885.27
3627,Jeremy Nicholson-Watts,jeremy.nicholson.watts3627@hotmail.com,United Kingdom,2023-01-27,Basic,524.88
3628,Maria Parker,maria.parker3628@hotmail.com,Canada,2024-11-01,Standard,232.5
3629,Mark Brown,mark.brown3629@outlook.com,Australia,2021-10-24,Premium,3724.86
3630,Marion Fox,marion.fox3630@hotmail.com,United Kingdom,2024-01-31,Standard,881.11
3631,Kevin Oconnor,kevin.oconnor3631@gmail.com,Canada,2026-05-28,Standard,1722.44
3632,Justin Torres,justin.torres3632@yahoo.com,Australia,2022-02-26,Basic,568.55
3633,Vanessa Santiago,vanessa.santiago3633@yahoo.com,United States,2022-09-20,Basic,274.43
3634,Jenna van der Veen,jenna.van.der.veen3634@hotmail.com,Netherlands,2021-06-19,Basic,149.42
3635,Baptist Hübel-Junken,baptist.hubel.junken3635@proton.me,Germany,2023-03-30,Premium,2267.01
3636,Simon Byrne,simon.byrne3636@icloud.com,United Kingdom,2023-11-22,Standard,238.6
3637,Alex De Sousa,alex.de.sousa3637@proton.me,France,2024-10-08,Premium,1490.93
3638,Joseph Haynes,joseph.haynes3638@outlook.com,United States,2022-01-11,Basic,563.78
3639,Dr. Dajana Eigenwillig,dr.dajana.eigenwillig3639@hotmail.com,Germany,2025-04-25,Standard,371.66
3640,Judith Morton-Marsh,judith.morton.marsh3640@gmail.com,United Kingdom,2024-05-17,Premium,1092.54
3641,Kathryn Parkinson,kathryn.parkinson3641@gmail.com,United Kingdom,2021-01-13,Standard,1754.48
3642,Edward Burgess,edward.burgess3642@outlook.com,Canada,2025-12-24,Basic,456.61
3643,Sr(a). Lourdes Vergara,sr.a.lourdes.vergara3643@gmail.com,Mexico,2026-01-07,Premium,2555.97
3644,Carlos Ryan,carlos.ryan3644@hotmail.com,Canada,2025-05-24,Basic,694.35
3645,Matthew Wright,matthew.wright3645@gmail.com,United States,2021-12-09,Standard,1606.09
3646,Conor O'Connor,conor.o.connor3646@gmail.com,United Kingdom,2023-01-24,Standard,1790.46
3647,Katerina Otto,katerina.otto3647@outlook.com,Germany,2021-11-03,Standard,851.23
3648,Michael Cruz,michael.cruz3648@gmail.com,United States,2021-11-05,Premium,2756.42
3649,Kristin Huerta,kristin.huerta3649@hotmail.com,United States,2023-11-02,Standard,720.44
3650,Ranbir Khare,ranbir.khare3650@hotmail.com,India,2025-12-20,Premium,2850.2
3651,Ing. Ignacio Ibarra,ing.ignacio.ibarra3651@proton.me,Mexico,2021-11-22,Standard,586.8
3652,Kiara Mcintyre,kiara.mcintyre3652@outlook.com,Canada,2021-06-07,Premium,2862.72
3653,Bailey Duran DDS,bailey.duran.dds3653@icloud.com,Australia,2023-08-21,Basic,269.37
3654,Courtney Mills,courtney.mills3654@outlook.com,Australia,2020-07-12,Premium,4294.92
3655,Mason Moore,mason.moore3655@proton.me,United States,2024-02-13,Standard,920.92
3656,Jeremy Dalton,jeremy.dalton3656@yahoo.com,Australia,2020-11-10,Premium,4294.52
3657,Sarah Booth,sarah.booth3657@proton.me,United States,2025-01-06,Standard,1036.49
3658,Elizabeth Oliver DDS,elizabeth.oliver.dds3658@proton.me,Australia,2025-07-05,Standard,1174.3
3659,Jamie Shupe,jamie.shupe3659@gmail.com,Netherlands,2025-01-20,Standard,1426.36
3660,Theresa Clark,theresa.clark3660@yahoo.com,Australia,2023-04-17,Standard,1269.56
3661,John Allen,john.allen3661@yahoo.com,United States,2020-05-05,Premium,3880.63
3662,Dawn Summers,dawn.summers3662@proton.me,Canada,2021-11-26,Basic,630.97
3663,Dr Clive Wood,dr.clive.wood3663@gmail.com,United Kingdom,2026-02-01,Premium,3933.14
3664,Vivaan Roy,vivaan.roy3664@hotmail.com,India,2022-10-08,Basic,197.08
3665,Hugues Fleury,hugues.fleury3665@yahoo.com,France,2020-05-15,Standard,1790.64
3666,Yolanda Humberto Griego,yolanda.humberto.griego3666@outlook.com,Mexico,2026-02-11,Standard,388.96
3667,Eesha Solanki,eesha.solanki3667@yahoo.com,India,2023-09-17,Basic,619.74
3668,Amber Walker,amber.walker3668@proton.me,United States,2021-03-01,Standard,1330.01
3669,Mr Terence Webb,mr.terence.webb3669@hotmail.com,United Kingdom,2025-08-31,Standard,1643.25
3670,Lucas Gabriel Viana,lucas.gabriel.viana3670@outlook.com,Brazil,2021-12-06,Standard,569.75
3671,Céline Leleu,celine.leleu3671@outlook.com,France,2022-12-07,Standard,238.25
3672,Dr. Paul Morgan,dr.paul.morgan3672@icloud.com,Canada,2024-01-21,Standard,933.93
3673,Libni Doshi,libni.doshi3673@hotmail.com,India,2026-03-12,Premium,3174.61
3674,Balhaar Date,balhaar.date3674@proton.me,India,2023-08-05,Standard,1133.0
3675,Jennifer Young,jennifer.young3675@hotmail.com,United States,2025-08-19,Standard,571.5
3676,Victor Taylor,victor.taylor3676@hotmail.com,Canada,2026-05-15,Standard,1780.48
3677,Shannon Ramsey,shannon.ramsey3677@yahoo.com,Canada,2020-09-06,Standard,1775.72
3678,Sandy Gehringer,sandy.gehringer3678@proton.me,Germany,2021-06-28,Basic,95.64
3679,Isadora da Mata,isadora.da.mata3679@proton.me,Brazil,2021-07-17,Standard,533.71
3680,Kai Vandenbergh-van Luin,kai.vandenbergh.van.luin3680@proton.me,Netherlands,2026-01-22,Basic,282.4
3681,Robert West,robert.west3681@outlook.com,United States,2021-06-25,Basic,586.36
3682,Harish Sarraf,harish.sarraf3682@icloud.com,India,2025-01-15,Premium,1671.22
3683,Tracy Ballard,tracy.ballard3683@gmail.com,Canada,2021-09-10,Basic,690.1
3684,Tanmayi Aurora,tanmayi.aurora3684@hotmail.com,India,2020-05-03,Standard,1497.9
3685,Dott. Daniele Gulotta,dott.daniele.gulotta3685@icloud.com,Italy,2022-05-10,Basic,374.03
3686,Richard Smith,richard.smith3686@gmail.com,Canada,2026-06-25,Standard,499.95
3687,Jillian Wilson,jillian.wilson3687@gmail.com,United States,2021-04-24,Premium,1651.07
3688,Matthew Garcia MD,matthew.garcia.md3688@gmail.com,Japan,2020-09-15,Standard,786.8
3689,Traude Nerger,traude.nerger3689@gmail.com,Germany,2020-07-04,Basic,367.85
3690,Nimrat Dubey,nimrat.dubey3690@proton.me,India,2026-04-05,Basic,481.8
3691,Adélaïde Descamps,adelaide.descamps3691@gmail.com,France,2020-02-15,Standard,1499.42
3692,April Davis,april.davis3692@hotmail.com,United States,2021-01-15,Standard,1663.49
3693,Lisa Torres,lisa.torres3693@icloud.com,United States,2023-03-31,Basic,463.67
3694,Upasna Lanka,upasna.lanka3694@gmail.com,India,2026-08-12,Standard,228.15
3695,Nathalie Kambs,nathalie.kambs3695@hotmail.com,Germany,2026-03-04,Standard,471.73
3696,Sandra Coleman-Gould,sandra.coleman.gould3696@icloud.com,United Kingdom,2023-07-19,Basic,558.32
3697,Christine Powers,christine.powers3697@yahoo.com,United States,2020-03-10,Standard,1390.13
3698,Isaura García Vicente,isaura.garcia.vicente3698@gmail.com,Spain,2024-02-24,Basic,213.29
3699,Mr Craig Watson,mr.craig.watson3699@proton.me,United Kingdom,2026-08-06,Standard,1526.25
3700,Louis Hall,louis.hall3700@proton.me,United Kingdom,2020-07-07,Standard,1754.53
3701,Susan Pasquier-Vincent,susan.pasquier.vincent3701@hotmail.com,France,2023-01-05,Premium,848.26
3702,Mitali Buch,mitali.buch3702@outlook.com,India,2023-05-10,Basic,503.55
3703,Raymond Le Loiseau,raymond.le.loiseau3703@yahoo.com,France,2023-03-01,Premium,2453.98
3704,Gregory Patterson,gregory.patterson3704@hotmail.com,United Kingdom,2026-08-19,Standard,1170.71
3705,Heidi Brown,heidi.brown3705@icloud.com,United States,2020-03-02,Standard,1076.8
3706,Jesse Castro,jesse.castro3706@hotmail.com,United States,2026-02-23,Standard,1064.04
3707,Danny Woods,danny.woods3707@proton.me,United Kingdom,2026-05-13,Standard,818.67
3708,Shaun Taylor,shaun.taylor3708@hotmail.com,United Kingdom,2020-03-04,Standard,1040.89
3709,Jordan Chambers,jordan.chambers3709@icloud.com,Canada,2026-05-06,Premium,2757.81
3710,Simone Samson,simone.samson3710@proton.me,France,2025-06-10,Basic,74.04
3711,Kara Sandoval,kara.sandoval3711@icloud.com,United States,2024-10-22,Premium,2478.08
3712,Ashley Malone,ashley.malone3712@hotmail.com,United States,2024-03-24,Premium,3000.4
3713,Glenn Gallegos,glenn.gallegos3713@gmail.com,United States,2021-06-27,Standard,1307.54
3714,Leonardo César Macías Reyna,leonardo.cesar.macias.reyna3714@hotmail.com,Mexico,2025-11-08,Standard,1521.21
3715,Dorothy Boyd,dorothy.boyd3715@gmail.com,United States,2023-05-24,Basic,398.47
3716,Amber Martin,amber.martin3716@icloud.com,United States,2024-02-18,Basic,660.0
3717,Matthew Moore,matthew.moore3717@outlook.com,Australia,2023-10-06,Standard,1753.0
3718,Mitchell Griffith,mitchell.griffith3718@hotmail.com,United States,2025-02-14,Standard,298.85
3719,Benjamin Smith,benjamin.smith3719@hotmail.com,Australia,2023-04-30,Standard,455.05
3720,Levi Lopez,levi.lopez3720@icloud.com,United States,2026-03-08,Premium,1140.04
3721,François Da Costa,francois.da.costa3721@hotmail.com,France,2021-07-18,Standard,442.09
3722,Jenna Bryant,jenna.bryant3722@hotmail.com,United States,2023-10-01,Standard,272.84
3723,Michelle Rodriguez,michelle.rodriguez3723@proton.me,United States,2022-12-18,Basic,272.35
3724,Rosalina Doménech Blazquez,rosalina.domenech.blazquez3724@gmail.com,Spain,2026-03-17,Standard,634.52
3725,Horst-Dieter Bruder,horst.dieter.bruder3725@gmail.com,Germany,2023-07-30,Standard,984.57
3726,Timothy Monroe,timothy.monroe3726@icloud.com,United States,2021-08-02,Premium,4017.68
3727,Pietro Hecker-Stey,pietro.hecker.stey3727@gmail.com,Germany,2026-06-11,Premium,3516.97
3728,Patricia Hayes,patricia.hayes3728@hotmail.com,United States,2022-06-18,Basic,631.47
3729,Wilma Roht-Kobelt,wilma.roht.kobelt3729@gmail.com,Germany,2025-02-24,Premium,3860.94
3730,Tina Taylor,tina.taylor3730@hotmail.com,United States,2021-12-28,Standard,1667.24
3731,Lajita Nadig,lajita.nadig3731@proton.me,India,2023-02-20,Premium,1129.15
3732,Lauren Carson,lauren.carson3732@icloud.com,Canada,2022-01-18,Premium,1768.72
3733,Rigo Kroker,rigo.kroker3733@gmail.com,Germany,2021-07-12,Basic,73.93
3734,Giustino Baroffio,giustino.baroffio3734@icloud.com,Italy,2024-03-08,Premium,1043.87
3735,Kirk Carter,kirk.carter3735@icloud.com,Australia,2020-08-29,Premium,2925.14
3736,Antonia Abril Reynoso Valladares,antonia.abril.reynoso.valladares3736@icloud.com,Mexico,2021-12-30,Basic,622.99
3737,Mr. Anthony Mcconnell PhD,mr.anthony.mcconnell.phd3737@proton.me,United States,2020-12-18,Standard,855.22
3738,Michael Warner,michael.warner3738@gmail.com,Australia,2024-01-25,Standard,1497.95
3739,Joy Mijsberg-van de Ven,joy.mijsberg.van.de.ven3739@gmail.com,Netherlands,2026-05-21,Premium,962.25
3740,Franco Reising,franco.reising3740@hotmail.com,Germany,2026-08-28,Standard,174.26
3741,Raffaellino Musatti,raffaellino.musatti3741@outlook.com,Italy,2020-12-20,Basic,412.45
3742,Charles Hayes,charles.hayes3742@proton.me,United Kingdom,2023-09-02,Standard,524.56
3743,Balendra Biswas,balendra.biswas3743@icloud.com,India,2025-11-07,Standard,1128.61
3744,Ashley Hall,ashley.hall3744@hotmail.com,Canada,2023-11-12,Premium,1751.24
3745,Sig.ra Marcella Tornatore,sig.ra.marcella.tornatore3745@gmail.com,Italy,2024-08-20,Basic,84.46
3746,Bhavna Karan,bhavna.karan3746@proton.me,India,2025-10-09,Basic,684.75
3747,Mr. Thomas Thompson,mr.thomas.thompson3747@outlook.com,United States,2026-01-14,Premium,4136.28
3748,Christelle Hervé-Navarro,christelle.herve.navarro3748@gmail.com,France,2020-05-25,Standard,224.92
3749,Marie Williams,marie.williams3749@icloud.com,United Kingdom,2024-07-09,Standard,452.24
3750,Henry Koch,henry.koch3750@outlook.com,Germany,2022-05-23,Basic,553.98
3751,Chantal Leroy,chantal.leroy3751@hotmail.com,France,2022-11-14,Standard,1604.16
3752,Monica Anderson,monica.anderson3752@yahoo.com,United States,2024-09-19,Standard,819.29
3753,Kyle Andrade,kyle.andrade3753@icloud.com,United States,2024-11-18,Premium,2388.29
3754,Janice Petty,janice.petty3754@icloud.com,United States,2022-06-16,Basic,697.61
3755,Pamela Hill,pamela.hill3755@icloud.com,Japan,2025-08-23,Premium,1923.47
3756,Tracy Chavez,tracy.chavez3756@yahoo.com,United States,2024-04-16,Basic,563.51
3757,Radha Chaudhari,radha.chaudhari3757@outlook.com,India,2024-07-20,Basic,389.63
3758,Valerie Wright-Parsons,valerie.wright.parsons3758@gmail.com,United Kingdom,2024-12-29,Basic,650.73
3759,Isabelle Lacombe de la Langlois,isabelle.lacombe.de.la.langlois3759@hotmail.com,France,2024-01-14,Standard,703.68
3760,Jason Graves,jason.graves3760@hotmail.com,United States,2021-10-15,Standard,451.57
3761,Pippa Kramer-Flink,pippa.kramer.flink3761@icloud.com,Netherlands,2020-05-19,Standard,699.96
3762,Michael Bradshaw,michael.bradshaw3762@gmail.com,Australia,2020-06-23,Standard,1304.73
3763,Lori Guerrero,lori.guerrero3763@proton.me,Australia,2021-02-20,Basic,92.32
3764,Elizabeth Miles,elizabeth.miles3764@gmail.com,United States,2025-03-10,Basic,660.45
3765,Michelle Walls,michelle.walls3765@proton.me,United States,2020-03-19,Premium,3780.13
3766,Agathe Courtois-Cordier,agathe.courtois.cordier3766@hotmail.com,France,2024-05-12,Premium,3399.98
3767,Christina Weber,christina.weber3767@gmail.com,United States,2024-07-21,Basic,275.39
3768,Gregory Chambers,gregory.chambers3768@outlook.com,United States,2020-12-06,Standard,1797.05
3769,Miss Tina Gordon,miss.tina.gordon3769@proton.me,Japan,2021-07-07,Premium,4134.13
3770,Jessica Stephens,jessica.stephens3770@icloud.com,Australia,2024-01-03,Basic,65.18
3771,Erica Wilson,erica.wilson3771@hotmail.com,United States,2020-07-26,Premium,1210.68
3772,John Duncan,john.duncan3772@proton.me,United States,2022-01-19,Basic,259.24
3773,Leah Vertoor,leah.vertoor3773@proton.me,Netherlands,2026-08-06,Standard,1195.63
3774,Sachi Ganesan,sachi.ganesan3774@gmail.com,India,2024-11-29,Standard,1727.17
3775,Lidija Kranz,lidija.kranz3775@hotmail.com,Germany,2022-02-22,Basic,337.99
3776,Stephen Hoffman,stephen.hoffman3776@outlook.com,Canada,2026-08-13,Standard,1212.46
3777,José Ángel Natanael Naranjo Bueno,jose.angel.natanael.naranjo.bueno3777@proton.me,Spain,2020-09-26,Premium,4435.5
3778,Denise Hall,denise.hall3778@proton.me,United Kingdom,2022-06-04,Basic,546.68
3779,Jennifer Adkins,,United States,2026-06-29,Premium,1826.51
3780,Donna Boone,donna.boone3780@gmail.com,United States,2022-05-28,Standard,985.7
3781,Frédéric Noël,frederic.noel3781@outlook.com,France,2020-09-20,Premium,1909.6
3782,Ayush Batra,ayush.batra3782@gmail.com,India,2022-06-25,Basic,252.35
3783,Daksh Memon,daksh.memon3783@yahoo.com,India,2026-02-12,Standard,1403.94
3784,Kelly Johnson,kelly.johnson3784@outlook.com,United States,2026-05-11,Standard,225.41
3785,Jacqueline Connolly,jacqueline.connolly3785@gmail.com,United Kingdom,2020-08-30,Standard,953.37
3786,Orlando Favata,orlando.favata3786@gmail.com,Italy,2020-03-19,Standard,856.98
3787,Nicodemo del Gomila,nicodemo.del.gomila3787@icloud.com,Spain,2020-08-28,Premium,2231.37
3788,Babett Steuer,babett.steuer3788@outlook.com,Germany,2020-06-29,Basic,629.42
3789,Antonia Terrazas Gallardo,antonia.terrazas.gallardo3789@icloud.com,Mexico,2022-12-29,Standard,356.76
3790,Michael Gonzalez,michael.gonzalez3790@yahoo.com,Japan,2022-03-04,Standard,626.81
3791,Kavya Sankar,kavya.sankar3791@outlook.com,India,2022-07-10,Premium,2252.73
3792,Dipl.-Ing. Aleksandr Scholl B.Eng.,dipl.ing.aleksandr.scholl.b.eng3792@yahoo.com,Germany,2023-09-30,Standard,509.64
3793,Yash Wali,yash.wali3793@gmail.com,India,2020-10-25,Standard,1775.86
3794,Lisa Berry-Stewart,lisa.berry.stewart3794@yahoo.com,United Kingdom,2024-05-21,Premium,1191.34
3795,Connie Brown,connie.brown3795@yahoo.com,Canada,2026-07-12,Premium,1491.05
3796,Antonello Roero-Abbagnale,antonello.roero.abbagnale3796@proton.me,Italy,2021-09-04,Standard,515.18
3797,Cheryl Wright,cheryl.wright3797@gmail.com,United Kingdom,2020-10-12,Premium,3713.58
3798,Susan Turner,susan.turner3798@proton.me,Canada,2024-09-23,Basic,56.32
3799,Candace Mitchell,candace.mitchell3799@proton.me,United States,2026-01-24,Standard,833.11
3800,Ryan Vaughn,ryan.vaughn3800@gmail.com,United States,2021-09-12,Basic,103.74
3801,Dr Leah Naylor,dr.leah.naylor3801@hotmail.com,United Kingdom,2022-06-19,Basic,440.98
3802,Paul Johnson,paul.johnson3802@proton.me,United States,2023-10-02,Basic,648.38
3803,Univ.Prof. Anto Schuster MBA.,univ.prof.anto.schuster.mba3803@icloud.com,Germany,2026-03-29,Basic,391.55
3804,Mr Eric Walker,mr.eric.walker3804@icloud.com,United Kingdom,2022-02-01,Premium,2995.65
3805,Pranit Garde,pranit.garde3805@hotmail.com,India,2023-06-30,Premium,971.78
3806,Ninetta Ferrucci,ninetta.ferrucci3806@yahoo.com,Italy,2024-09-12,Standard,1605.8
3807,Simon Ouwerkerk,simon.ouwerkerk3807@proton.me,Netherlands,2021-08-02,Standard,733.64
3808,Ashley Parrish,ashley.parrish3808@outlook.com,United States,2025-03-07,Basic,625.7
3809,Célina Jourdan,celina.jourdan3809@yahoo.com,France,2020-01-05,Basic,102.31
3810,Esther Manne,esther.manne3810@yahoo.com,Netherlands,2022-07-13,Basic,396.74
3811,Sharon Newton,sharon.newton3811@hotmail.com,United States,2021-11-20,Premium,3742.47
3812,Paul Auger,paul.auger3812@yahoo.com,France,2020-10-03,Standard,1652.14
3813,Susan Serrano,susan.serrano3813@icloud.com,Australia,2026-06-04,Basic,512.88
3814,Pierre Munoz Le Legros,pierre.munoz.le.legros3814@icloud.com,France,2021-01-21,Standard,1425.12
3815,Charles Shah,charles.shah3815@yahoo.com,Canada,2026-01-02,Standard,1057.89
3816,Cynthia Mueller,cynthia.mueller3816@icloud.com,United States,2023-07-05,Standard,915.19
3817,Mtro. César Montes,mtro.cesar.montes3817@yahoo.com,Mexico,2021-01-20,Standard,1002.66
3818,Sylvie Berger,sylvie.berger3818@outlook.com,France,2022-08-26,Standard,1413.22
3819,Claudine Jacob,claudine.jacob3819@yahoo.com,France,2020-10-02,Standard,769.47
3820,Sig. Bartolomeo Montalcini,sig.bartolomeo.montalcini3820@icloud.com,Italy,2026-07-11,Standard,434.42
3821,Johnathan Davis,johnathan.davis3821@outlook.com,Canada,2023-06-27,Basic,468.72
3822,Felipe Negrón Linares,felipe.negron.linares3822@yahoo.com,Mexico,2021-11-19,Basic,346.82
3823,Donna Beck,donna.beck3823@yahoo.com,United States,2026-03-07,Standard,636.0
3824,Jasmine Frye,jasmine.frye3824@yahoo.com,United States,2021-07-08,Standard,406.55
3825,Emily Arnold,emily.arnold3825@outlook.com,United States,2023-02-15,Standard,609.96
3826,David Oliver,david.oliver3826@yahoo.com,United States,2025-11-19,Basic,69.58
3827,Marcela Pamela Madrid,marcela.pamela.madrid3827@outlook.com,Mexico,2026-06-22,Standard,473.87
3828,Sheila Greer,sheila.greer3828@yahoo.com,United States,2020-02-23,Premium,3145.96
3829,Ing. Abril Urrutia,ing.abril.urrutia3829@outlook.com,Mexico,2021-09-03,Standard,366.48
3830,Théophile de la Muller,theophile.de.la.muller3830@hotmail.com,France,2024-01-11,Basic,110.85
3831,Michele Holland,michele.holland3831@yahoo.com,Japan,2024-03-07,Basic,52.96
3832,Christopher Parker,christopher.parker3832@yahoo.com,Australia,2025-08-23,Premium,2041.22
3833,Kimberly Morrison,kimberly.morrison3833@outlook.com,United States,2024-06-09,Premium,3324.07
3834,Ali Brugman,ali.brugman3834@outlook.com,Netherlands,2022-08-03,Basic,321.98
3835,Margaret Lange,margaret.lange3835@hotmail.com,Germany,2026-07-22,Premium,2787.9
3836,Tracey Phillips,tracey.phillips3836@gmail.com,United States,2020-04-03,Standard,1784.6
3837,Michael Lopez,michael.lopez3837@proton.me,United States,2020-10-30,Standard,773.9
3838,Farhan Raja,farhan.raja3838@yahoo.com,India,2026-07-12,Basic,383.35
3839,Jose Bennett,jose.bennett3839@gmail.com,United States,2022-12-15,Standard,1742.85
3840,Brandy Chavez,brandy.chavez3840@outlook.com,Canada,2020-09-30,Standard,796.61
3841,Justin Anderson,justin.anderson3841@gmail.com,United States,2022-04-11,Basic,308.36
3842,Dawn Rivera,dawn.rivera3842@gmail.com,United States,2024-02-11,Standard,1609.92
3843,Greca Cattaneo,greca.cattaneo3843@hotmail.com,Italy,2024-05-29,Standard,1392.69
3844,Brittney Hernandez,brittney.hernandez3844@hotmail.com,Japan,2022-08-15,Basic,652.66
3845,Anthony Randolph,anthony.randolph3845@icloud.com,United States,2024-05-31,Standard,249.73
3846,Widisha Dhar,widisha.dhar3846@outlook.com,India,2023-05-15,Standard,877.61
3847,Christoph Bien,christoph.bien3847@yahoo.com,Germany,2023-06-08,Standard,461.13
3848,Mary Henry,mary.henry3848@hotmail.com,United States,2023-11-09,Premium,3194.73
3849,Victor Kay,victor.kay3849@hotmail.com,United Kingdom,2022-02-16,Premium,1425.09
3850,Heather Bowers,heather.bowers3850@gmail.com,United States,2020-12-28,Standard,392.32
3851,Daniel White,daniel.white3851@hotmail.com,United States,2021-07-16,Basic,523.72
3852,Sig.ra Milena Maspero,sig.ra.milena.maspero3852@icloud.com,Italy,2023-08-06,Standard,399.65
3853,Marc-Jean Guillou,marc.jean.guillou3853@icloud.com,France,2020-06-09,Standard,963.44
3854,Wilfrido Bernardo Cervantes Jaime,wilfrido.bernardo.cervantes.jaime3854@proton.me,Mexico,2021-02-05,Basic,652.96
3855,Jonathan Perry,jonathan.perry3855@yahoo.com,United States,2023-06-28,Basic,505.07
3856,Triya Kumar,triya.kumar3856@icloud.com,India,2024-04-06,Standard,481.67
3857,Frank Knight,frank.knight3857@yahoo.com,United Kingdom,2021-07-02,Basic,674.62
3858,Kimberley Webb,kimberley.webb3858@hotmail.com,United Kingdom,2022-02-03,Basic,475.03
3859,Dr Luke Pollard,dr.luke.pollard3859@yahoo.com,United Kingdom,2022-07-10,Standard,1716.24
3860,Loretta Mogherini-Pinamonte,loretta.mogherini.pinamonte3860@gmail.com,Italy,2022-09-13,Premium,3413.7
3861,Nicola Smith,nicola.smith3861@proton.me,United Kingdom,2025-12-06,Standard,196.18
3862,Bernabé Uribe Cortés,bernabe.uribe.cortes3862@outlook.com,Mexico,2024-02-23,Basic,550.39
3863,Gerald Barry,gerald.barry3863@proton.me,United Kingdom,2026-04-27,Standard,973.98
3864,Lenn Duivenvoorden-van Hulten,lenn.duivenvoorden.van.hulten3864@hotmail.com,Netherlands,2026-07-31,Basic,511.37
3865,Guillermina Salma Gaitán Montalvo,guillermina.salma.gaitan.montalvo3865@proton.me,Mexico,2023-10-06,Basic,268.33
3866,Anna Walker,anna.walker3866@outlook.com,United States,2026-04-30,Standard,1564.46
3867,Jason Evans,jason.evans3867@proton.me,United Kingdom,2025-08-21,Standard,1481.37
3868,Gerfried Nohlmans,gerfried.nohlmans3868@outlook.com,Germany,2021-06-02,Premium,2070.05
3869,Georgina Hanson-Haynes,georgina.hanson.haynes3869@icloud.com,United Kingdom,2020-02-02,Standard,1676.73
3870,Candelario Amat,candelario.amat3870@outlook.com,Spain,2025-09-11,Premium,2064.25
3871,Laura Roberts,laura.roberts3871@icloud.com,Australia,2021-08-07,Standard,1700.92
3872,Natalie Bautista,natalie.bautista3872@hotmail.com,Canada,2023-05-22,Basic,147.66
3873,Cauê Garcia,caue.garcia3873@yahoo.com,Brazil,2020-02-25,Standard,1768.38
3874,Gary Ward,gary.ward3874@outlook.com,United States,2026-08-07,Basic,204.34
3875,Richard Pearson,richard.pearson3875@outlook.com,United Kingdom,2020-08-03,Basic,668.72
3876,Aadhya Andra,aadhya.andra3876@icloud.com,India,2022-03-11,Standard,1630.48
3877,Sig.ra Paola Cendron,sig.ra.paola.cendron3877@gmail.com,Italy,2023-05-17,Basic,623.14
3878,Paul Moreno,paul.moreno3878@gmail.com,United States,2025-01-28,Standard,513.02
3879,Michael Lyons,michael.lyons3879@yahoo.com,Australia,2021-03-03,Basic,484.45
3880,Samantha Zavala MD,samantha.zavala.md3880@icloud.com,United States,2021-05-14,Standard,1025.87
3881,Mohammed Collins,mohammed.collins3881@yahoo.com,United Kingdom,2021-08-04,Basic,78.6
3882,Adrien-Guy Pages,adrien.guy.pages3882@hotmail.com,France,2021-01-13,Basic,400.96
3883,Ashleigh Davies,ashleigh.davies3883@yahoo.com,United Kingdom,2024-01-25,Basic,469.11
3884,Kathryn Snyder,kathryn.snyder3884@yahoo.com,Australia,2024-11-08,Basic,366.2
3885,Benedikt Heinz,benedikt.heinz3885@outlook.com,Germany,2025-08-02,Premium,2639.71
3886,Bhavna Dugar,bhavna.dugar3886@yahoo.com,India,2020-04-13,Standard,828.02
3887,Hayley Wood-Moss,hayley.wood.moss3887@proton.me,United Kingdom,2021-08-27,Standard,883.77
3888,Hans-Karl Metz-Koch II,,Germany,2024-10-27,Standard,684.46
3889,Jill Conway,jill.conway3889@hotmail.com,United States,2020-01-14,Premium,4170.8
3890,Riya Pai,riya.pai3890@gmail.com,India,2024-01-02,Basic,574.23
3891,Donato Talavera Beltran,donato.talavera.beltran3891@gmail.com,Spain,2020-04-10,Basic,273.05
3892,Panini Krishna,panini.krishna3892@proton.me,India,2020-07-05,Premium,4206.87
3893,Prof. Natalie Vogt,prof.natalie.vogt3893@proton.me,Germany,2021-12-30,Basic,69.36
3894,Lisa Haley,lisa.haley3894@hotmail.com,United States,2022-03-09,Premium,897.94
3895,Keith Shepherd,keith.shepherd3895@icloud.com,United Kingdom,2021-05-20,Basic,171.89
3896,Mohamed Dale,mohamed.dale3896@proton.me,United Kingdom,2020-12-21,Standard,421.39
3897,Erica Moon,erica.moon3897@gmail.com,United States,2022-03-22,Standard,720.67
3898,Théodore Delorme du Gérard,theodore.delorme.du.gerard3898@icloud.com,France,2024-05-19,Premium,3467.13
3899,Chasmum Issac,chasmum.issac3899@yahoo.com,India,2026-06-15,Basic,602.76
3900,Andrew Reynolds,andrew.reynolds3900@outlook.com,Australia,2021-06-07,Basic,677.29
3901,Miss Jill Harrison,miss.jill.harrison3901@proton.me,United Kingdom,2022-05-23,Basic,125.14
3902,Janice Fernandez,janice.fernandez3902@proton.me,United States,2024-12-18,Standard,1166.32
3903,Thomas Short,thomas.short3903@icloud.com,Japan,2021-12-14,Premium,2145.29
3904,Thorben Liebelt-Sölzer,thorben.liebelt.solzer3904@proton.me,Germany,2022-06-28,Basic,177.21
3905,Robert Griffin,robert.griffin3905@hotmail.com,United States,2020-12-22,Standard,1753.79
3906,Serge Niemeier,serge.niemeier3906@gmail.com,Germany,2020-07-19,Standard,907.54
3907,Patrick Moore,patrick.moore3907@hotmail.com,Canada,2025-08-01,Basic,106.54
3908,Brett Burns,brett.burns3908@yahoo.com,Canada,2022-03-29,Standard,312.81
3909,Ing. Alwina Stumpf,ing.alwina.stumpf3909@yahoo.com,Germany,2024-06-11,Premium,3185.78
3910,Pierpaolo Parini,pierpaolo.parini3910@icloud.com,Italy,2022-06-29,Basic,401.84
3911,Trevor Johnson,trevor.johnson3911@yahoo.com,Canada,2021-01-02,Basic,357.77
3912,Sophia Luitgardis van Neustrië,sophia.luitgardis.van.neustrie3912@proton.me,Netherlands,2024-11-15,Basic,539.38
3913,Jeremy Sampson,jeremy.sampson3913@outlook.com,Canada,2024-07-06,Standard,685.11
3914,David Davis,david.davis3914@yahoo.com,Australia,2021-08-17,Standard,1750.28
3915,Steven Lee,steven.lee3915@proton.me,United States,2021-09-17,Premium,1397.13
3916,Valérie Barre,valerie.barre3916@gmail.com,France,2021-03-10,Basic,222.12
3917,Tania Gabino Santiago,tania.gabino.santiago3917@outlook.com,Mexico,2026-04-13,Basic,604.19
3918,Ariana Jennings,ariana.jennings3918@proton.me,Canada,2022-01-24,Premium,4345.91
3919,Dolores Martin,dolores.martin3919@hotmail.com,Germany,2022-01-19,Basic,442.1
3920,Fidel Ávalos,fidel.avalos3920@yahoo.com,Mexico,2024-03-02,Standard,1635.36
3921,Tiffany Jackson,tiffany.jackson3921@proton.me,United States,2025-05-15,Basic,190.13
3922,Ravy Câmara,ravy.camara3922@gmail.com,Brazil,2025-12-17,Premium,2268.23
3923,Kyra de Vrome,kyra.de.vrome3923@outlook.com,Netherlands,2021-03-04,Basic,29.26
3924,Michelle Pineau,michelle.pineau3924@yahoo.com,France,2026-04-08,Basic,546.21
3925,Vasudha Chhabra,vasudha.chhabra3925@outlook.com,India,2021-08-31,Premium,3241.97
3926,Kimberly Smith,kimberly.smith3926@hotmail.com,United States,2021-12-15,Standard,244.6
3927,Sara Johnston,sara.johnston3927@proton.me,Australia,2024-06-23,Standard,1516.48
3928,Walburga Heinz B.Eng.,walburga.heinz.b.eng3928@outlook.com,Germany,2024-04-30,Premium,3502.84
3929,Daan Aertsz-Haack,daan.aertsz.haack3929@gmail.com,Netherlands,2024-01-20,Standard,1088.32
3930,Esmée Köster,esmee.koster3930@proton.me,Netherlands,2020-10-02,Standard,856.4
3931,Élisabeth Rocher,elisabeth.rocher3931@gmail.com,France,2020-11-13,Standard,1665.21
3932,Ms Hilary Walters,ms.hilary.walters3932@hotmail.com,United Kingdom,2023-01-17,Premium,4253.38
3933,Michael Ayala,michael.ayala3933@proton.me,United States,2024-03-19,Standard,499.01
3934,Denise Moore,denise.moore3934@icloud.com,United Kingdom,2025-07-27,Standard,455.02
3935,Mohamed Koch,mohamed.koch3935@gmail.com,Germany,2021-07-15,Premium,1424.29
3936,Tania Piña Lebrón,tania.pina.lebron3936@proton.me,Mexico,2020-03-02,Premium,4007.45
3937,Anna-Marie Kruschwitz,anna.marie.kruschwitz3937@yahoo.com,Germany,2021-01-02,Premium,1071.18
3938,Jessica Garcia,jessica.garcia3938@yahoo.com,United States,2024-10-27,Basic,443.71
3939,Cordula Eberhardt,cordula.eberhardt3939@icloud.com,Germany,2025-02-02,Standard,1084.55
3940,Vanessa Howard,vanessa.howard3940@yahoo.com,Canada,2020-10-30,Premium,2615.03
3941,Antoinette Spieß B.A.,antoinette.spie.b.a3941@gmail.com,Germany,2022-01-29,Premium,3212.53
3942,Sébastien Jacob-Rey,sebastien.jacob.rey3942@gmail.com,France,2025-02-28,Basic,494.43
3943,Donna Manunta-Pisani,donna.manunta.pisani3943@icloud.com,Italy,2025-04-30,Standard,843.59
3944,Michele Cherry,michele.cherry3944@proton.me,United States,2022-05-01,Basic,487.33
3945,Maria Case,maria.case3945@proton.me,Japan,2023-06-18,Standard,1144.32
3946,Lakshmi Parmer,lakshmi.parmer3946@hotmail.com,India,2023-09-08,Standard,200.95
3947,Colton Martinez,colton.martinez3947@proton.me,Canada,2026-06-26,Standard,449.79
3948,Brittany Stevens,brittany.stevens3948@gmail.com,United States,2021-10-11,Premium,1056.24
3949,Raul Ferreira,raul.ferreira3949@outlook.com,Brazil,2025-06-14,Basic,208.79
3950,Roger Bradley,roger.bradley3950@proton.me,United Kingdom,2025-02-11,Basic,216.76
3951,Brandon Brown,brandon.brown3951@gmail.com,United States,2020-01-05,Premium,4382.23
3952,Andrei Zimmer,andrei.zimmer3952@outlook.com,Germany,2023-06-20,Standard,1408.15
3953,Elena Eberth,elena.eberth3953@outlook.com,Germany,2026-06-02,Standard,892.73
3954,Bruce Norton,bruce.norton3954@gmail.com,United Kingdom,2024-09-15,Basic,285.32
3955,Glenn Walker-Green,glenn.walker.green3955@proton.me,United Kingdom,2020-05-18,Standard,695.53
3956,Kristin Andrews,kristin.andrews3956@yahoo.com,United States,2023-12-16,Standard,513.97
3957,David Hughes,david.hughes3957@icloud.com,United States,2024-04-30,Basic,406.41
3958,Chakrika Bains,chakrika.bains3958@hotmail.com,India,2024-12-12,Premium,4066.11
3959,Jordan Bates,jordan.bates3959@outlook.com,Canada,2021-07-16,Standard,777.26
3960,Phillip Buckley,phillip.buckley3960@gmail.com,United Kingdom,2024-02-28,Standard,1336.38
3961,Jessica Smith,jessica.smith3961@outlook.com,United States,2021-03-27,Premium,1396.08
3962,Apostolos Wieloch B.A.,apostolos.wieloch.b.a3962@yahoo.com,Germany,2024-10-13,Standard,1779.29
3963,Ian Câmara,ian.camara3963@icloud.com,Brazil,2023-04-02,Basic,444.02
3964,Linda Smith,linda.smith3964@icloud.com,Canada,2023-10-05,Standard,725.32
3965,Paula Herbert,paula.herbert3965@proton.me,United Kingdom,2024-11-15,Standard,1754.42
3966,Yvonne Chambers,yvonne.chambers3966@outlook.com,Australia,2022-06-25,Standard,574.71
3967,Kimberly May,kimberly.may3967@outlook.com,United States,2021-05-11,Standard,1681.21
3968,Anvi Anand,anvi.anand3968@icloud.com,India,2022-09-20,Basic,662.71
3969,Nicole Richards,nicole.richards3969@icloud.com,United States,2025-01-20,Standard,1098.62
3970,Angel Reilly,angel.reilly3970@hotmail.com,United States,2022-12-16,Premium,3608.56
3971,Gael Guerra,gael.guerra3971@proton.me,Brazil,2026-04-18,Premium,1630.76
3972,Watika Mangat,watika.mangat3972@icloud.com,India,2024-09-16,Premium,3474.92
3973,Amélie Prévost,amelie.prevost3973@yahoo.com,France,2026-06-15,Standard,1029.74
3974,Andrew Avila,andrew.avila3974@icloud.com,Australia,2026-07-14,Basic,206.99
3975,Richard Turner,richard.turner3975@gmail.com,United States,2020-02-02,Basic,538.17
3976,Rudolf Heintze B.Eng.,rudolf.heintze.b.eng3976@gmail.com,Germany,2021-12-10,Premium,2571.33
3977,Preston Kim,preston.kim3977@outlook.com,United States,2023-05-19,Basic,375.04
3978,Matthew Wells,matthew.wells3978@proton.me,United States,2024-08-17,Standard,929.82
3979,Indira Kanda,indira.kanda3979@yahoo.com,India,2020-06-01,Standard,220.8
3980,Brandy Myers,brandy.myers3980@hotmail.com,United States,2023-05-31,Standard,255.75
3981,Monique Collin,monique.collin3981@yahoo.com,France,2026-05-09,Premium,901.33
3982,Kimberly Choi,kimberly.choi3982@outlook.com,Japan,2021-03-12,Premium,1224.76
3983,Matthew Moon,matthew.moon3983@hotmail.com,Australia,2023-09-27,Basic,608.42
3984,Dana Martinez,dana.martinez3984@icloud.com,Canada,2024-05-23,Premium,2954.7
3985,Zashil Devan,zashil.devan3985@hotmail.com,India,2020-01-10,Standard,859.9
3986,Anna Potters-Hexspoor,anna.potters.hexspoor3986@icloud.com,Netherlands,2022-06-13,Basic,201.24
3987,Kerry May,kerry.may3987@outlook.com,United Kingdom,2022-02-13,Standard,689.97
3988,Lewis Wilson,lewis.wilson3988@gmail.com,United Kingdom,2020-10-23,Standard,1044.37
3989,Ann Hamilton,ann.hamilton3989@yahoo.com,United Kingdom,2023-04-29,Basic,153.58
3990,Richard Schenk-Adler,richard.schenk.adler3990@proton.me,Germany,2021-07-09,Premium,1720.05
3991,Mr Howard Welch,mr.howard.welch3991@outlook.com,United Kingdom,2022-01-20,Standard,493.06
3992,Michael Sloan,michael.sloan3992@outlook.com,United States,2022-08-08,Standard,1328.44
3993,Sina Fiebig,sina.fiebig3993@proton.me,Germany,2024-06-11,Basic,389.68
3994,Monica Brooks,monica.brooks3994@icloud.com,United States,2023-07-09,Basic,630.6
3995,Andrea Hubbard,andrea.hubbard3995@outlook.com,Canada,2024-04-11,Basic,672.5
3996,Kristen Peters,kristen.peters3996@proton.me,United States,2021-01-02,Standard,1754.26
3997,Jurij Hermann-Gertz,jurij.hermann.gertz3997@outlook.com,Germany,2020-09-20,Standard,460.73
3998,Aaron Carlson,aaron.carlson3998@yahoo.com,United States,2023-07-28,Premium,1645.01
3999,Dana van Lucel-van der Horst,dana.van.lucel.van.der.horst3999@outlook.com,Netherlands,2020-07-11,Premium,3815.75
4000,Balveer More,balveer.more4000@outlook.com,India,2024-09-25,Standard,448.94
4001,Kevin Walters,kevin.walters4001@proton.me,Australia,2021-10-15,Premium,1293.86
4002,Abelardo Merino Cedillo,abelardo.merino.cedillo4002@icloud.com,Mexico,2022-08-15,Premium,860.09
4003,Mr Mohamed Holt,mr.mohamed.holt4003@icloud.com,United Kingdom,2021-03-17,Standard,1598.39
4004,Theresa Torres,theresa.torres4004@yahoo.com,United States,2022-03-19,Standard,922.94
4005,Stephanie Cooper,stephanie.cooper4005@proton.me,United States,2021-05-18,Standard,855.83
4006,Max Bauer,max.bauer4006@gmail.com,Germany,2024-11-27,Basic,120.85
4007,Ahmet Klemt-Zobel,ahmet.klemt.zobel4007@icloud.com,Germany,2023-11-23,Basic,237.75
4008,Matthew Hunt,matthew.hunt4008@gmail.com,Japan,2021-12-11,Standard,760.82
4009,Daniel Davenport,daniel.davenport4009@yahoo.com,United States,2022-08-03,Basic,400.39
4010,Christopher Marsh,christopher.marsh4010@hotmail.com,United States,2021-11-29,Standard,507.69
4011,Paul Da Silva,paul.da.silva4011@yahoo.com,France,2020-07-10,Premium,1895.22
4012,Sarah Randolph,sarah.randolph4012@icloud.com,United States,2020-03-08,Premium,3455.49
4013,Adelasia Marenzio,adelasia.marenzio4013@proton.me,Italy,2021-06-26,Standard,1603.78
4014,Julia Dunn MD,julia.dunn.md4014@proton.me,United States,2024-08-21,Basic,199.79
4015,Brett Swanson,brett.swanson4015@hotmail.com,Japan,2021-02-20,Basic,346.49
4016,Bahadurjit Patla,bahadurjit.patla4016@hotmail.com,India,2023-08-08,Basic,304.4
4017,Gautam Merchant,gautam.merchant4017@icloud.com,India,2022-01-19,Basic,58.78
4018,Mr Joel Patel,mr.joel.patel4018@icloud.com,United Kingdom,2022-07-20,Standard,1668.82
4019,Mr. Carl Rios,mr.carl.rios4019@proton.me,United States,2025-04-05,Standard,710.14
4020,Manuel Mccullough,manuel.mccullough4020@gmail.com,Japan,2022-01-06,Premium,3015.55
4021,Yasmin van Geffen,yasmin.van.geffen4021@icloud.com,Netherlands,2023-11-06,Standard,1401.11
4022,Katie Holden,katie.holden4022@outlook.com,United Kingdom,2025-09-08,Basic,124.52
4023,Jerry Jensen,jerry.jensen4023@yahoo.com,United States,2022-02-07,Standard,1419.54
4024,Kevin Cunningham,kevin.cunningham4024@yahoo.com,United States,2021-02-12,Premium,1118.02
4025,Eugene Patterson,eugene.patterson4025@icloud.com,United States,2025-02-18,Basic,53.33
4026,Philippe Maury,philippe.maury4026@proton.me,France,2026-03-14,Standard,1665.05
4027,Ojasvi Gill,ojasvi.gill4027@proton.me,India,2020-10-29,Standard,231.65
4028,Rosa van der Veen,rosa.van.der.veen4028@outlook.com,Netherlands,2020-05-27,Basic,654.46
4029,Kevin Zacharia,kevin.zacharia4029@outlook.com,India,2021-02-28,Standard,1172.05
4030,David Walker,david.walker4030@outlook.com,United States,2021-12-30,Standard,1363.11
4031,Jessica Larsen,jessica.larsen4031@gmail.com,Japan,2025-07-16,Premium,1449.36
4032,Nicholas Humphrey,nicholas.humphrey4032@hotmail.com,Japan,2022-11-08,Standard,1069.97
4033,Ian Torres,ian.torres4033@gmail.com,United States,2024-01-17,Basic,126.02
4034,Casey Obrien,casey.obrien4034@yahoo.com,United States,2024-03-23,Standard,1280.41
4035,Shannon Taylor,shannon.taylor4035@proton.me,United States,2024-04-15,Basic,154.84
4036,Deborah Mercado,deborah.mercado4036@proton.me,United States,2020-01-07,Standard,1497.15
4037,Bernard Smith,bernard.smith4037@outlook.com,United States,2023-04-20,Standard,1597.39
4038,Dr. Bernardo Vargas,dr.bernardo.vargas4038@outlook.com,Brazil,2025-08-19,Basic,361.89
4039,Yachana Mahajan,yachana.mahajan4039@outlook.com,India,2020-02-18,Standard,184.34
4040,Amanda Perkins,amanda.perkins4040@outlook.com,United States,2024-03-26,Basic,486.94
4041,Kevin Escobar,kevin.escobar4041@outlook.com,United States,2022-02-15,Basic,327.53
4042,Kimberly Lutz,kimberly.lutz4042@proton.me,United States,2022-01-14,Standard,1197.19
4043,Reginald Diaz,reginald.diaz4043@icloud.com,United States,2023-07-20,Standard,592.21
4044,Prof. Gotthard Bachmann B.A.,prof.gotthard.bachmann.b.a4044@hotmail.com,Germany,2025-04-26,Standard,431.32
4045,Herminia Ferreras Plana,herminia.ferreras.plana4045@icloud.com,Spain,2021-09-21,Premium,1098.05
4046,Mr Gerald Thomas,mr.gerald.thomas4046@icloud.com,United Kingdom,2020-12-08,Premium,3036.97
4047,Raymond Quinn,raymond.quinn4047@outlook.com,United States,2026-06-03,Basic,131.43
4048,Aarini Subramaniam,aarini.subramaniam4048@gmail.com,India,2020-10-19,Standard,1576.73
4049,Gloria Hervás Coloma,gloria.hervas.coloma4049@hotmail.com,Spain,2022-06-13,Premium,2988.23
4050,Ms Melissa Morrison,ms.melissa.morrison4050@proton.me,United Kingdom,2026-07-10,Standard,869.22
4051,Anja Eberth,anja.eberth4051@proton.me,Germany,2021-09-23,Standard,434.39
4052,Hamsini Contractor,hamsini.contractor4052@outlook.com,India,2022-01-06,Premium,2194.84
4053,Dr Connor Wilkinson,dr.connor.wilkinson4053@outlook.com,United Kingdom,2025-10-07,Premium,3274.65
4054,Marie Cooke-O'Connor,marie.cooke.o.connor4054@yahoo.com,United Kingdom,2022-04-18,Basic,175.55
4055,Daniel Kane,daniel.kane4055@gmail.com,Canada,2020-06-27,Standard,1031.81
4056,Luiz Fernando Ramos,luiz.fernando.ramos4056@proton.me,Brazil,2021-10-05,Premium,3176.75
4057,John Dixon,john.dixon4057@yahoo.com,United States,2021-01-21,Basic,141.7
4058,Jonathan Bates,jonathan.bates4058@proton.me,United States,2023-04-27,Standard,1654.3
4059,Renee Mendez,renee.mendez4059@outlook.com,United States,2026-01-13,Premium,2411.13
4060,Prof. Beatrix Weinhage,prof.beatrix.weinhage4060@hotmail.com,Germany,2024-07-02,Standard,163.92
4061,Brandon Bailey MD,brandon.bailey.md4061@gmail.com,Australia,2025-12-14,Standard,1067.85
4062,Jose Griffin,jose.griffin4062@outlook.com,United States,2023-06-05,Basic,590.09
4063,Capucine Besnard,capucine.besnard4063@gmail.com,France,2024-05-09,Premium,4233.85
4064,Victoriano Campillo Rodríguez,victoriano.campillo.rodriguez4064@hotmail.com,Spain,2024-12-16,Standard,942.73
4065,Maria Liz Rocha,maria.liz.rocha4065@icloud.com,Brazil,2023-09-02,Basic,672.84
4066,Faqid Dhaliwal,faqid.dhaliwal4066@outlook.com,India,2024-06-23,Basic,548.17
4067,Travis Hopkins,travis.hopkins4067@hotmail.com,United States,2021-06-13,Standard,1236.53
4068,Nancy Webb,nancy.webb4068@yahoo.com,United States,2024-11-21,Basic,145.86
4069,Daniel Freeman,daniel.freeman4069@gmail.com,United States,2023-06-05,Standard,225.03
4070,Jacob Williams,jacob.williams4070@outlook.com,United States,2025-12-18,Standard,1754.76
4071,Mitchell Robinson,mitchell.robinson4071@hotmail.com,United Kingdom,2025-09-24,Basic,408.64
4072,Luísa Alves,luisa.alves4072@gmail.com,Brazil,2021-01-03,Standard,1164.75
4073,Terry Ward,terry.ward4073@hotmail.com,United States,2026-08-05,Standard,1761.66
4074,Jesse Williams,jesse.williams4074@proton.me,United States,2025-11-27,Premium,1395.27
4075,Rémy Pineau,remy.pineau4075@gmail.com,France,2026-02-28,Premium,1611.56
4076,Ibrahim Meister,ibrahim.meister4076@hotmail.com,Germany,2020-03-26,Basic,527.96
4077,David Lejeune,david.lejeune4077@gmail.com,France,2020-01-23,Standard,474.57
4078,Mrs. Michele Boyd,mrs.michele.boyd4078@outlook.com,United States,2022-03-03,Standard,461.11
4079,Sandy Baker,sandy.baker4079@outlook.com,United States,2020-07-09,Standard,446.11
4080,Carrie Valdez,carrie.valdez4080@icloud.com,United States,2022-08-20,Standard,153.15
4081,Patrick Marsh,patrick.marsh4081@proton.me,United Kingdom,2021-10-24,Basic,593.65
4082,Mekhala Pau,mekhala.pau4082@proton.me,India,2026-05-01,Basic,67.15
4083,Juliana Scheel,juliana.scheel4083@icloud.com,Germany,2024-11-05,Premium,2492.34
4084,Henner Paffrath,henner.paffrath4084@yahoo.com,Germany,2022-07-19,Premium,2856.5
4085,Matthew Houston,matthew.houston4085@icloud.com,Japan,2024-04-27,Standard,1606.56
4086,Jamie Solomon,jamie.solomon4086@hotmail.com,United States,2024-07-27,Basic,81.23
4087,Arthur Fletcher,arthur.fletcher4087@gmail.com,United Kingdom,2026-01-30,Basic,531.28
4088,Shannon Rivera,shannon.rivera4088@yahoo.com,Australia,2024-06-16,Standard,558.92
4089,Charles Lester,charles.lester4089@gmail.com,Canada,2020-01-04,Basic,153.16
4090,Auguste Lelièvre,auguste.lelievre4090@yahoo.com,France,2022-04-03,Basic,508.9
4091,Heather Parrish,heather.parrish4091@proton.me,United States,2026-01-23,Basic,518.49
4092,Mr. Larry Shaw,mr.larry.shaw4092@yahoo.com,United States,2025-03-03,Basic,516.62
4093,Christopher Jones,christopher.jones4093@hotmail.com,United States,2023-08-25,Basic,540.87
4094,Giacobbe Riccati-Milanesi,giacobbe.riccati.milanesi4094@gmail.com,Italy,2024-07-21,Basic,350.54
4095,Caroline Roberts,caroline.roberts4095@proton.me,United Kingdom,2020-06-26,Standard,1188.1
4096,Hayley Barnett,hayley.barnett4096@icloud.com,United Kingdom,2021-11-15,Premium,4125.76
4097,Scott Thomas,scott.thomas4097@gmail.com,Canada,2022-12-27,Standard,273.85
4098,Christine Lopez,christine.lopez4098@icloud.com,United States,2024-12-26,Basic,103.83
4099,Chus del Ayllón,chus.del.ayllon4099@proton.me,Spain,2021-03-29,Standard,1129.14
4100,David Thompson,david.thompson4100@icloud.com,Canada,2022-10-08,Standard,643.2
4101,Jean-Thierry Jacquot,jean.thierry.jacquot4101@yahoo.com,France,2020-03-09,Basic,579.79
4102,Mitchell Wilson,mitchell.wilson4102@hotmail.com,United States,2024-03-23,Standard,1723.01
4103,Christian Naylor,christian.naylor4103@hotmail.com,United Kingdom,2021-11-30,Standard,733.94
4104,Sterre Kleybrink-van Oirschot,sterre.kleybrink.van.oirschot4104@yahoo.com,Netherlands,2023-08-18,Standard,658.28
4105,Allison Smith,allison.smith4105@icloud.com,Canada,2021-10-27,Standard,518.8
4106,Robert Cortez,robert.cortez4106@hotmail.com,United States,2020-02-06,Basic,523.27
4107,Mr. Daniel Martin,mr.daniel.martin4107@icloud.com,Japan,2020-04-02,Standard,1185.21
4108,Alison Williams,alison.williams4108@icloud.com,United States,2024-08-14,Standard,1780.96
4109,Jayne Barton,jayne.barton4109@hotmail.com,United Kingdom,2026-06-09,Standard,949.31
4110,Cynthia Morris,cynthia.morris4110@icloud.com,Canada,2025-02-16,Standard,1271.53
4111,Candace Soto,candace.soto4111@outlook.com,United States,2026-05-27,Standard,605.07
4112,Maria Roth,maria.roth4112@yahoo.com,Italy,2025-08-26,Basic,100.97
4113,Prof. Anastasios Vogt B.Eng.,prof.anastasios.vogt.b.eng4113@outlook.com,Germany,2025-02-20,Standard,1189.36
4114,Kenneth Brown,kenneth.brown4114@proton.me,United States,2026-07-09,Standard,1029.81
4115,Cynthia Margarita Ureña Ponce,cynthia.margarita.urena.ponce4115@outlook.com,Mexico,2026-07-21,Standard,587.61
4116,Patricia Miller-Sharpe,patricia.miller.sharpe4116@icloud.com,United Kingdom,2021-11-13,Standard,999.37
4117,Liam Holden,liam.holden4117@gmail.com,United Kingdom,2023-08-31,Basic,104.83
4118,Christopher Mullen,christopher.mullen4118@gmail.com,Japan,2021-11-02,Standard,1735.95
4119,Kristy Smith,kristy.smith4119@hotmail.com,United States,2023-04-02,Standard,1637.86
4120,Mary Campbell,mary.campbell4120@icloud.com,United States,2022-01-03,Standard,1525.38
4121,Natalie Warren,natalie.warren4121@gmail.com,United Kingdom,2022-06-26,Premium,4045.86
4122,Anthony Harmon,anthony.harmon4122@yahoo.com,Canada,2020-06-17,Standard,653.45
4123,Faye Pons-Scherms,faye.pons.scherms4123@icloud.com,Netherlands,2022-08-28,Standard,1365.87
4124,Jerry Haney,jerry.haney4124@proton.me,United States,2021-03-10,Standard,836.39
4125,José Pedro Cavalcanti,jose.pedro.cavalcanti4125@gmail.com,Brazil,2021-09-03,Basic,326.78
4126,Mrs Lynne Manning,mrs.lynne.manning4126@gmail.com,United Kingdom,2020-07-12,Premium,969.92
4127,Christian Smith,christian.smith4127@hotmail.com,United Kingdom,2024-07-09,Premium,4087.84
4128,Donna Landry,donna.landry4128@outlook.com,Australia,2022-04-12,Premium,4382.49
4129,Joanna Wilson,joanna.wilson4129@outlook.com,United Kingdom,2021-02-01,Standard,1415.97
4130,Carolyn Greer,carolyn.greer4130@hotmail.com,United States,2026-01-26,Standard,1630.38
4131,Mrs Gail Goodwin,mrs.gail.goodwin4131@hotmail.com,United Kingdom,2026-05-21,Premium,3616.33
4132,Diana de Sastre,diana.de.sastre4132@gmail.com,Spain,2021-04-29,Standard,417.29
4133,Rebecca Hoover,rebecca.hoover4133@gmail.com,Japan,2020-05-07,Premium,3575.44
4134,Marcella Becker B.Sc.,marcella.becker.b.sc4134@proton.me,Germany,2021-05-18,Premium,1804.12
4135,Diane Thomas,diane.thomas4135@outlook.com,United Kingdom,2021-06-22,Standard,1697.94
4136,Dr Damien Holden,dr.damien.holden4136@outlook.com,United Kingdom,2023-11-05,Basic,402.07
4137,Salvador Sobrino Molins,salvador.sobrino.molins4137@outlook.com,Spain,2021-11-06,Standard,213.72
4138,Matthew Baker,matthew.baker4138@yahoo.com,United States,2021-04-23,Standard,717.92
4139,Megha Atwal,megha.atwal4139@hotmail.com,India,2021-07-14,Standard,852.03
4140,Grace Chavez,grace.chavez4140@yahoo.com,United States,2021-05-26,Standard,697.45
4141,Crystal Cruz,crystal.cruz4141@proton.me,United States,2023-04-22,Standard,198.51
4142,Dipl.-Ing. Hilma Striebitz B.Sc.,dipl.ing.hilma.striebitz.b.sc4142@hotmail.com,Germany,2024-05-11,Standard,626.15
4143,Krista Gibson,krista.gibson4143@outlook.com,Australia,2022-07-01,Standard,688.33
4144,Dale Heath,dale.heath4144@yahoo.com,United States,2025-12-28,Standard,160.08
4145,Julia Andrade,julia.andrade4145@yahoo.com,Brazil,2023-03-23,Standard,723.7
4146,Jennifer Hernandez,jennifer.hernandez4146@proton.me,United States,2020-08-18,Premium,1721.81
4147,John Mendez,john.mendez4147@yahoo.com,United States,2021-01-09,Basic,70.89
4148,Audrey Boulanger,audrey.boulanger4148@hotmail.com,France,2022-08-28,Basic,457.06
4149,Jatin Sha,jatin.sha4149@hotmail.com,India,2025-07-19,Premium,3657.88
4150,Nichole Alvarez,nichole.alvarez4150@icloud.com,Canada,2022-10-06,Standard,1066.88
4151,Monique Prévost-Toussaint,monique.prevost.toussaint4151@outlook.com,France,2026-03-19,Standard,448.56
4152,Alex Maurice,alex.maurice4152@yahoo.com,France,2023-11-19,Premium,3979.1
4153,Richard Gordon,richard.gordon4153@gmail.com,United States,2025-08-19,Standard,757.6
4154,John Anderson,john.anderson4154@gmail.com,United States,2020-08-12,Standard,236.17
4155,Pedro Henrique Ferreira,pedro.henrique.ferreira4155@gmail.com,Brazil,2024-01-27,Standard,303.03
4156,Univ.Prof. Therese Martin B.Sc.,univ.prof.therese.martin.b.sc4156@outlook.com,Germany,2023-01-07,Standard,1411.73
4157,Adweta Raj,adweta.raj4157@outlook.com,India,2021-08-01,Standard,1591.84
4158,Frank Cordova,frank.cordova4158@proton.me,Australia,2023-04-26,Premium,3721.04
4159,Gordon Schlosser,gordon.schlosser4159@outlook.com,Germany,2026-07-06,Standard,1479.53
4160,Kayla Rodriguez,kayla.rodriguez4160@yahoo.com,Canada,2022-11-30,Standard,1637.15
4161,Samantha Prince,samantha.prince4161@outlook.com,United States,2022-08-05,Standard,1031.62
4162,Marie Boyd,marie.boyd4162@gmail.com,United States,2025-12-10,Standard,287.19
4163,Jose Travis,jose.travis4163@proton.me,Australia,2022-04-03,Standard,1213.11
4164,María José Vargas Roldan,maria.jose.vargas.roldan4164@yahoo.com,Spain,2024-10-15,Basic,371.26
4165,Theresa Williams,theresa.williams4165@yahoo.com,Canada,2026-03-30,Premium,3739.29
4166,Antonio Eberth-Höfig,antonio.eberth.hofig4166@hotmail.com,Germany,2022-03-15,Premium,3860.68
4167,Hanna Schenk,hanna.schenk4167@outlook.com,Germany,2020-09-13,Standard,351.67
4168,Georges Lefort,georges.lefort4168@hotmail.com,France,2023-08-31,Basic,168.58
4169,Dr Francis Richards,dr.francis.richards4169@yahoo.com,United Kingdom,2025-05-30,Basic,554.37
4170,Andrew Moreno,andrew.moreno4170@icloud.com,United States,2026-05-01,Basic,265.46
4171,Gabriel Letellier de Gay,gabriel.letellier.de.gay4171@yahoo.com,France,2023-04-13,Standard,779.5
4172,Robert Clarke,robert.clarke4172@hotmail.com,United States,2024-12-18,Basic,655.12
4173,Hritik Kaur,hritik.kaur4173@hotmail.com,India,2026-08-08,Basic,691.18
4174,Kevin Figueroa,kevin.figueroa4174@hotmail.com,United States,2021-07-13,Standard,1099.73
4175,Melissa Davis,melissa.davis4175@proton.me,Japan,2024-10-27,Standard,1644.96
4176,John Hall,john.hall4176@icloud.com,United States,2026-06-13,Standard,197.84
4177,Diane Mcdowell,diane.mcdowell4177@gmail.com,United States,2025-12-20,Standard,711.47
4178,Colin Fletcher,colin.fletcher4178@gmail.com,United States,2025-12-16,Basic,587.05
4179,Timothée Fischer,timothee.fischer4179@outlook.com,France,2021-11-01,Premium,1114.44
4180,Aryan Narang,aryan.narang4180@proton.me,India,2025-11-08,Standard,624.36
4181,Dev Shetty,dev.shetty4181@hotmail.com,India,2023-02-08,Basic,372.35
4182,Sharon Boyd,sharon.boyd4182@icloud.com,Canada,2025-02-18,Standard,872.77
4183,Victor Brown,victor.brown4183@outlook.com,Canada,2025-07-01,Standard,1321.46
4184,Julie Smith,julie.smith4184@icloud.com,United Kingdom,2021-06-01,Basic,525.78
4185,Sra. Maya Pereira,sra.maya.pereira4185@gmail.com,Brazil,2022-01-03,Premium,2432.1
4186,Nilima Dada,nilima.dada4186@proton.me,India,2026-01-15,Standard,1630.37
4187,Bruna Gomes,bruna.gomes4187@gmail.com,Brazil,2021-07-17,Standard,1041.74
4188,Chakradev Barad,chakradev.barad4188@hotmail.com,India,2020-12-01,Standard,1678.28
4189,Kimberly Gutierrez,kimberly.gutierrez4189@icloud.com,Australia,2023-05-10,Basic,202.32
4190,Mr Henry Singh,mr.henry.singh4190@gmail.com,United Kingdom,2022-12-25,Basic,164.12
4191,Insa Pärtzelt,insa.partzelt4191@yahoo.com,Germany,2025-11-12,Basic,687.88
4192,Laura Wilson,laura.wilson4192@yahoo.com,United States,2022-06-10,Standard,496.37
4193,James Parks,james.parks4193@hotmail.com,Canada,2026-01-05,Premium,1103.09
4194,Matthew Watts,matthew.watts4194@hotmail.com,United States,2026-01-15,Premium,4297.46
4195,Arthur Davison,arthur.davison4195@gmail.com,United Kingdom,2020-04-02,Basic,441.61
4196,Itziar de Taboada,itziar.de.taboada4196@proton.me,Spain,2026-06-04,Standard,425.42
4197,Jack Moore,jack.moore4197@hotmail.com,United States,2026-06-21,Premium,1967.8
4198,Theodore Jones Jr.,theodore.jones.jr4198@hotmail.com,Canada,2024-09-28,Standard,514.67
4199,Isaiah Avila,isaiah.avila4199@gmail.com,Australia,2023-07-06,Basic,388.46
4200,Dawn Wyatt,dawn.wyatt4200@proton.me,United States,2025-03-18,Basic,33.02
4201,Esther da Cunha,esther.da.cunha4201@outlook.com,Brazil,2022-03-10,Premium,2259.89
4202,Olivia Harris,olivia.harris4202@gmail.com,Australia,2021-05-14,Standard,1448.99
4203,Jacob Hill,jacob.hill4203@yahoo.com,United States,2025-12-21,Premium,2921.97
4204,Frau Reinhild Tintzmann,frau.reinhild.tintzmann4204@yahoo.com,Germany,2023-07-14,Standard,551.53
4205,Slawomir Sölzer,slawomir.solzer4205@icloud.com,Germany,2020-08-29,Standard,691.35
4206,Ana Hill,ana.hill4206@gmail.com,Canada,2025-08-19,Basic,53.83
4207,Dr Terence Hodgson,dr.terence.hodgson4207@yahoo.com,United Kingdom,2023-05-11,Standard,910.71
4208,Heinz-Dieter Mentzel B.A.,heinz.dieter.mentzel.b.a4208@outlook.com,Germany,2025-12-14,Standard,775.54
4209,Ing. Sabrina Metz,ing.sabrina.metz4209@hotmail.com,Germany,2020-11-19,Standard,725.32
4210,Matthieu Brun,matthieu.brun4210@hotmail.com,France,2026-05-16,Standard,732.83
4211,Maaike Pastoors-Scheffers,maaike.pastoors.scheffers4211@gmail.com,Netherlands,2020-01-30,Standard,1048.51
4212,Sr(a). Bruno Benítez,sr.a.bruno.benitez4212@hotmail.com,Mexico,2021-01-05,Standard,1726.78
4213,Herma Vollbrecht-Dehmel,herma.vollbrecht.dehmel4213@yahoo.com,Germany,2020-12-18,Standard,1570.28
4214,Aylin Serra-Ouwel,aylin.serra.ouwel4214@yahoo.com,Netherlands,2026-07-23,Standard,456.8
4215,Alice Burton,alice.burton4215@gmail.com,United Kingdom,2021-02-18,Standard,556.06
4216,Eva Torlonia-Sforza,eva.torlonia.sforza4216@icloud.com,Italy,2020-06-23,Standard,1533.23
4217,Dora Huertas Lluch,dora.huertas.lluch4217@hotmail.com,Spain,2025-06-14,Premium,904.24
4218,Nicole Gutierrez,nicole.gutierrez4218@icloud.com,United States,2024-09-23,Basic,463.86
4219,Hiltraud Johann,hiltraud.johann4219@outlook.com,Germany,2022-10-18,Standard,1010.05
4220,Dr Ryan Griffiths,dr.ryan.griffiths4220@outlook.com,United Kingdom,2022-11-16,Premium,3407.74
4221,Gusti Fliegner,gusti.fliegner4221@gmail.com,Germany,2021-03-05,Standard,1299.34
4222,Dott. Stefani Brenna,dott.stefani.brenna4222@outlook.com,Italy,2022-04-18,Standard,1589.12
4223,Waida D’Alia,waida.dalia4223@outlook.com,India,2024-08-04,Basic,53.93
4224,Joel Wilkinson,joel.wilkinson4224@gmail.com,United Kingdom,2020-06-02,Premium,2872.8
4225,Karen Wood,karen.wood4225@hotmail.com,United States,2022-05-26,Premium,1328.03
4226,Frau Antoinette Caspar B.Sc.,frau.antoinette.caspar.b.sc4226@hotmail.com,Germany,2021-07-04,Basic,368.65
4227,Dawn Parker,dawn.parker4227@proton.me,United States,2022-11-27,Standard,897.92
4228,Kimberly Nguyen,kimberly.nguyen4228@icloud.com,Canada,2022-07-30,Standard,1460.51
4229,Julieta Haro,julieta.haro4229@icloud.com,Spain,2024-08-13,Standard,224.09
4230,Frau Natalja Warmer,frau.natalja.warmer4230@outlook.com,Germany,2020-01-15,Standard,435.67
4231,Kerry Chavez DDS,kerry.chavez.dds4231@outlook.com,Canada,2025-09-16,Standard,594.88
4232,Douglas Allen,douglas.allen4232@outlook.com,United Kingdom,2021-04-03,Basic,185.06
4233,Pedro Henrique Abreu,pedro.henrique.abreu4233@outlook.com,Brazil,2026-01-11,Basic,331.23
4234,Zoe Rodrigues,zoe.rodrigues4234@gmail.com,Brazil,2025-01-31,Standard,474.3
4235,Wahab Yogi,wahab.yogi4235@hotmail.com,India,2026-03-14,Basic,689.96
4236,Tanya Kim,tanya.kim4236@hotmail.com,Australia,2023-01-14,Basic,541.82
4237,Michael Fitzgerald,michael.fitzgerald4237@outlook.com,United States,2022-05-03,Standard,1404.01
4238,Mary Adkins,mary.adkins4238@icloud.com,Japan,2025-07-14,Standard,925.32
4239,Lipika Setty,lipika.setty4239@outlook.com,India,2025-09-28,Standard,536.16
4240,Rosel Ehlert,rosel.ehlert4240@hotmail.com,Germany,2025-01-15,Premium,1728.95
4241,Michael Martin,michael.martin4241@gmail.com,United States,2020-02-21,Standard,335.98
4242,Uberto Monti-Cabrini,uberto.monti.cabrini4242@yahoo.com,Italy,2025-09-30,Basic,614.51
4243,Lodovico Gasperi,lodovico.gasperi4243@yahoo.com,Italy,2026-02-10,Premium,1292.99
4244,James Morgan,james.morgan4244@yahoo.com,United States,2020-06-10,Basic,70.78
4245,Dra. Fernanda Fonseca,dra.fernanda.fonseca4245@yahoo.com,Brazil,2020-12-14,Standard,1344.87
4246,Steven Harris-Winter,steven.harris.winter4246@hotmail.com,United Kingdom,2021-07-02,Premium,3604.46
4247,Melissa Mann,melissa.mann4247@gmail.com,United States,2025-07-19,Standard,1534.13
4248,Vincent Smith,vincent.smith4248@icloud.com,United States,2022-05-31,Premium,2173.56
4249,Barbara Dudley,barbara.dudley4249@icloud.com,Australia,2020-11-04,Premium,2586.07
4250,Oni Dubey,oni.dubey4250@gmail.com,India,2021-08-14,Premium,1825.08
4251,Enrico Armellini,enrico.armellini4251@gmail.com,Italy,2026-08-02,Basic,401.66
4252,Charles Frost,charles.frost4252@hotmail.com,United States,2022-11-13,Basic,412.68
4253,Austin Walker,austin.walker4253@yahoo.com,United States,2024-03-08,Premium,2635.23
4254,Ms Jemma Fletcher,ms.jemma.fletcher4254@yahoo.com,United Kingdom,2022-01-29,Standard,587.27
4255,Andrew Cruz,andrew.cruz4255@proton.me,Japan,2022-05-26,Premium,1168.81
4256,Michael Farrell,michael.farrell4256@icloud.com,Canada,2020-07-30,Premium,1930.27
4257,Patricia Le,patricia.le4257@gmail.com,Canada,2024-04-11,Standard,933.57
4258,Miss Kelly Dawson,miss.kelly.dawson4258@hotmail.com,United States,2025-01-11,Standard,430.23
4259,Isidro Berenguer-Macias,isidro.berenguer.macias4259@yahoo.com,Spain,2020-05-23,Premium,2040.32
4260,Imke Uphus,imke.uphus4260@hotmail.com,Netherlands,2024-08-23,Basic,72.3
4261,Albert Cunningham,albert.cunningham4261@hotmail.com,United Kingdom,2026-02-05,Standard,166.46
4262,Klaus-Michael Rörricht,klaus.michael.rorricht4262@icloud.com,Germany,2023-07-06,Premium,1154.38
4263,Theresa Wilkins,theresa.wilkins4263@outlook.com,United States,2026-04-25,Basic,42.55
4264,Marie-Theres Eberhardt,marie.theres.eberhardt4264@icloud.com,Germany,2025-03-05,Premium,3584.75
4265,Jessica Harris,jessica.harris4265@hotmail.com,United States,2021-12-04,Premium,1203.88
4266,Jesse Perez,jesse.perez4266@hotmail.com,Canada,2026-05-08,Premium,2684.47
4267,Regina Mitchell,regina.mitchell4267@proton.me,Japan,2024-05-15,Standard,456.3
4268,Kyle Black,kyle.black4268@outlook.com,United States,2023-07-19,Basic,504.21
4269,Christopher Johnson,christopher.johnson4269@hotmail.com,United States,2021-04-03,Basic,99.9
4270,Aaron Moore,aaron.moore4270@gmail.com,United States,2025-04-25,Basic,331.98
4271,Mrs Marian Dunn,mrs.marian.dunn4271@hotmail.com,United Kingdom,2020-08-08,Basic,122.67
4272,Penny Gomez MD,penny.gomez.md4272@outlook.com,United States,2023-04-15,Basic,653.2
4273,Kelly Mclaughlin,kelly.mclaughlin4273@outlook.com,United States,2021-08-13,Premium,2270.05
4274,Brandon Mitchell,brandon.mitchell4274@yahoo.com,United States,2022-05-29,Basic,207.17
4275,Suzanne Bailey,suzanne.bailey4275@proton.me,United States,2020-03-10,Standard,653.4
4276,Collin Kamp,collin.kamp4276@hotmail.com,Netherlands,2022-01-08,Standard,187.3
4277,Alexandre Lambert Le Lefèvre,alexandre.lambert.le.lefevre4277@hotmail.com,France,2023-12-17,Standard,520.67
4278,Destiny Obrien,destiny.obrien4278@hotmail.com,United States,2020-11-19,Standard,1144.42
4279,Mr Gordon Wong,mr.gordon.wong4279@icloud.com,United Kingdom,2020-04-08,Basic,482.06
4280,Timothy Andrews,timothy.andrews4280@outlook.com,United States,2024-01-10,Standard,728.75
4281,Ellie Cooper,ellie.cooper4281@yahoo.com,United Kingdom,2021-03-09,Premium,3269.43
4282,Miss Julie Evans,miss.julie.evans4282@icloud.com,United Kingdom,2026-07-09,Basic,86.37
4283,Joost Kathagen-Miltenburg,joost.kathagen.miltenburg4283@icloud.com,Netherlands,2024-07-15,Basic,499.61
4284,Cynthia Moore,cynthia.moore4284@icloud.com,Australia,2024-08-21,Standard,1067.4
4285,Julian le Gulcher,julian.le.gulcher4285@icloud.com,Netherlands,2024-09-21,Premium,2515.35
4286,Patricio Alejandro Negrón,patricio.alejandro.negron4286@gmail.com,Mexico,2025-08-10,Standard,664.74
4287,Jason Rodriguez,jason.rodriguez4287@icloud.com,United States,2022-08-03,Standard,1234.63
4288,Ing. Concepción Posada,ing.concepcion.posada4288@icloud.com,Mexico,2021-03-24,Standard,959.65
4289,Hardik Suri,hardik.suri4289@icloud.com,India,2021-06-19,Premium,1912.87
4290,Edward Arroyo,edward.arroyo4290@icloud.com,United States,2025-12-07,Basic,543.76
4291,Gioele Siffredi,gioele.siffredi4291@yahoo.com,Italy,2024-05-28,Standard,1355.1
4292,Tina Walter,tina.walter4292@yahoo.com,United States,2023-08-28,Basic,213.06
4293,Laura Benson,laura.benson4293@hotmail.com,United States,2023-01-12,Standard,1718.46
4294,Jesse Perry,jesse.perry4294@gmail.com,Canada,2022-07-06,Standard,1020.84
4295,Debra Smith,debra.smith4295@hotmail.com,United Kingdom,2022-02-06,Premium,3966.03
4296,Kristine Carrillo,kristine.carrillo4296@yahoo.com,United States,2022-03-27,Basic,356.88
4297,Elías del Montenegro,elias.del.montenegro4297@yahoo.com,Spain,2020-02-29,Standard,692.61
4298,Tonya Ellis,tonya.ellis4298@yahoo.com,Japan,2020-01-09,Premium,867.24
4299,Jeffery Ortega,jeffery.ortega4299@yahoo.com,Canada,2023-04-09,Basic,695.99
4300,Ing. Stella Stadelmann,ing.stella.stadelmann4300@icloud.com,Germany,2021-03-31,Standard,155.54
4301,Christian Leblanc,christian.leblanc4301@icloud.com,Canada,2021-01-03,Premium,1240.71
4302,Lindsey van Luxemburg,lindsey.van.luxemburg4302@gmail.com,Netherlands,2026-07-02,Basic,599.02
4303,Terry Webb,terry.webb4303@proton.me,United Kingdom,2021-09-15,Basic,118.73
4304,Univ.Prof. Anita Hövel,univ.prof.anita.hovel4304@hotmail.com,Germany,2026-07-11,Standard,1709.37
4305,Ronald Davis,ronald.davis4305@hotmail.com,Canada,2020-07-02,Standard,1043.93
4306,Kristen Davis,kristen.davis4306@outlook.com,Australia,2026-02-03,Basic,666.89
4307,Antonietta Santoro,antonietta.santoro4307@icloud.com,Italy,2024-10-07,Standard,575.72
4308,Kevin Johnson,kevin.johnson4308@gmail.com,United States,2020-04-04,Basic,575.76
4309,Alma Homero Nava,alma.homero.nava4309@icloud.com,Mexico,2023-02-09,Standard,560.92
4310,Austin Schultz,austin.schultz4310@gmail.com,United States,2022-09-27,Basic,80.68
4311,Megan Hall MD,megan.hall.md4311@gmail.com,United States,2023-07-27,Premium,3035.28
4312,Ati Bali,ati.bali4312@proton.me,India,2022-11-27,Standard,383.51
4313,Parker Cain,parker.cain4313@outlook.com,Canada,2021-09-06,Basic,152.65
4314,Kelli Smith,kelli.smith4314@proton.me,United States,2020-02-19,Premium,1552.78
4315,Susan Murray MD,susan.murray.md4315@outlook.com,Australia,2024-08-18,Standard,886.69
4316,Mohammed Browne,mohammed.browne4316@icloud.com,United Kingdom,2022-10-22,Standard,1619.44
4317,Danielle Davis,danielle.davis4317@hotmail.com,United States,2024-11-04,Standard,1331.59
4318,Samantha Jones,samantha.jones4318@icloud.com,United States,2021-07-19,Standard,1212.54
4319,Karen Gomez,karen.gomez4319@yahoo.com,United States,2026-01-17,Basic,489.88
4320,Debra Valentine,debra.valentine4320@yahoo.com,United States,2022-06-30,Standard,1134.16
4321,Kathleen Moran,kathleen.moran4321@gmail.com,Australia,2021-09-03,Basic,288.98
4322,Susan Porter,susan.porter4322@outlook.com,United States,2025-08-13,Basic,360.39
4323,Joseph Besson du Rodrigues,joseph.besson.du.rodrigues4323@yahoo.com,France,2025-03-30,Standard,1656.03
4324,Teerth Sawhney,teerth.sawhney4324@yahoo.com,India,2024-08-12,Standard,1719.21
4325,Nicolas Salas,nicolas.salas4325@hotmail.com,United States,2020-03-12,Premium,1122.6
4326,Warinder Patil,warinder.patil4326@icloud.com,India,2021-07-25,Standard,697.83
4327,Laurie Hoffman,laurie.hoffman4327@proton.me,Canada,2024-09-10,Basic,449.13
4328,Denise Davenport,denise.davenport4328@outlook.com,Australia,2023-11-18,Standard,623.33
4329,Ana Lívia Rios,ana.livia.rios4329@hotmail.com,Brazil,2021-04-13,Basic,66.06
4330,Jhalak Parmer,jhalak.parmer4330@yahoo.com,India,2020-08-14,Standard,823.86
4331,Dale Wright,dale.wright4331@yahoo.com,United States,2026-04-19,Standard,386.49
4332,Brittney Rodriguez,brittney.rodriguez4332@gmail.com,United States,2021-12-20,Standard,1641.73
4333,Bryan Gomez,bryan.gomez4333@proton.me,Canada,2024-10-15,Premium,1131.41
4334,Megan Alvarado,megan.alvarado4334@outlook.com,United States,2025-12-20,Basic,32.78
4335,Mrs. Kristen Reyes,mrs.kristen.reyes4335@hotmail.com,Australia,2023-08-24,Standard,1494.58
4336,Pamela Weaver,pamela.weaver4336@outlook.com,Japan,2023-07-02,Standard,225.91
4337,John Oliver,john.oliver4337@proton.me,Japan,2021-12-28,Basic,685.47
4338,Giovanna Döhn,giovanna.dohn4338@yahoo.com,Germany,2023-05-13,Standard,1744.55
4339,William Prince PhD,william.prince.phd4339@gmail.com,United States,2023-09-25,Standard,753.82
4340,Rémy Bouchet-Moreno,remy.bouchet.moreno4340@proton.me,France,2022-04-19,Basic,233.66
4341,Dr. Davi Silveira,dr.davi.silveira4341@outlook.com,Brazil,2022-08-20,Standard,1735.82
4342,William Moon IV,william.moon.iv4342@hotmail.com,United States,2025-12-30,Premium,4278.74
4343,Katie Suarez,katie.suarez4343@proton.me,Australia,2021-05-31,Basic,476.02
4344,Kenneth Brown,kenneth.brown4344@hotmail.com,United States,2020-01-16,Standard,1548.05
4345,Émile Roger,emile.roger4345@hotmail.com,France,2023-12-09,Basic,553.64
4346,Serafina Ferrari,serafina.ferrari4346@yahoo.com,Italy,2023-02-04,Basic,670.57
4347,Mitali Majumdar,mitali.majumdar4347@hotmail.com,India,2024-08-01,Basic,323.35
4348,Thiago das Neves,thiago.das.neves4348@outlook.com,Brazil,2023-04-16,Standard,1519.28
4349,Thibault Weber,thibault.weber4349@icloud.com,France,2020-09-03,Standard,746.65
4350,Karen Fernandez,karen.fernandez4350@gmail.com,United States,2025-09-21,Standard,1083.28
4351,Jorge Gaitán Haro,jorge.gaitan.haro4351@yahoo.com,Mexico,2021-05-29,Standard,1575.76
4352,Annemijn Meeusen,annemijn.meeusen4352@outlook.com,Netherlands,2020-08-07,Standard,841.81
4353,Desiree Tyler,desiree.tyler4353@hotmail.com,Australia,2026-02-21,Premium,1208.71
4354,Jennifer Parks,jennifer.parks4354@proton.me,United States,2024-11-07,Basic,433.11
4355,Timothy Romero,timothy.romero4355@yahoo.com,Australia,2024-01-01,Standard,1446.33
4356,William Wolfe,william.wolfe4356@hotmail.com,United States,2023-02-06,Basic,458.9
4357,Michael Smith,michael.smith4357@gmail.com,United States,2021-02-18,Standard,1160.56
4358,Diane Evans,diane.evans4358@icloud.com,Australia,2026-03-04,Premium,1342.98
4359,Kevin Nguyen,kevin.nguyen4359@proton.me,United States,2024-10-23,Standard,521.82
4360,Isabelle Mahe de la Grondin,isabelle.mahe.de.la.grondin4360@outlook.com,France,2025-08-11,Basic,364.32
4361,Debbie Dunn,debbie.dunn4361@gmail.com,United States,2025-12-03,Standard,1118.03
4362,Curt Sontag MBA.,curt.sontag.mba4362@gmail.com,Germany,2024-07-17,Standard,1579.18
4363,John Austin,john.austin4363@gmail.com,United States,2021-02-16,Basic,147.68
4364,Jonathan Clark,jonathan.clark4364@outlook.com,United States,2023-06-27,Premium,3574.08
4365,Jacqueline Dickerson,jacqueline.dickerson4365@proton.me,United States,2022-02-02,Standard,198.36
4366,Joséphine Jacques,josephine.jacques4366@gmail.com,France,2023-06-27,Standard,1719.25
4367,Herr Hanni Röhricht B.Eng.,herr.hanni.rohricht.b.eng4367@yahoo.com,Germany,2025-07-27,Premium,3440.06
4368,Jason Sha,jason.sha4368@icloud.com,India,2024-04-26,Premium,1016.28
4369,Christopher Anderson,christopher.anderson4369@proton.me,United States,2022-04-05,Premium,2452.87
4370,Janne Bernaards,janne.bernaards4370@icloud.com,Netherlands,2020-07-21,Premium,3788.07
4371,Crystal Garcia,crystal.garcia4371@gmail.com,United States,2022-05-09,Standard,1695.7
4372,Kayleigh Alpaidis,kayleigh.alpaidis4372@yahoo.com,Netherlands,2021-03-14,Basic,360.06
4373,David Reynolds,david.reynolds4373@hotmail.com,United States,2026-03-22,Standard,1438.11
4374,Charles Haley,charles.haley4374@proton.me,United States,2024-05-08,Basic,130.02
4375,Joaquín Valencia Palomo,joaquin.valencia.palomo4375@outlook.com,Mexico,2020-07-27,Basic,199.4
4376,Simon Bail,simon.bail4376@outlook.com,India,2025-03-26,Basic,246.84
4377,Miss Sian Jarvis,miss.sian.jarvis4377@gmail.com,United Kingdom,2021-05-08,Premium,4345.36
4378,Dr Damien Jones,dr.damien.jones4378@outlook.com,United Kingdom,2025-12-11,Premium,1241.71
4379,Ralf Holsten,ralf.holsten4379@yahoo.com,Germany,2026-04-05,Standard,1580.93
4380,Dipl.-Ing. Sigismund Rörricht B.Sc.,dipl.ing.sigismund.rorricht.b.sc4380@proton.me,Germany,2020-01-15,Standard,1435.99
4381,Gauri Kohli,gauri.kohli4381@gmail.com,India,2022-07-17,Standard,1710.06
4382,Robert Thompson,robert.thompson4382@gmail.com,United States,2026-03-13,Standard,333.26
4383,Samesh Biswas,samesh.biswas4383@yahoo.com,India,2021-06-15,Basic,481.87
4384,Dr. Samuel Holmes DDS,dr.samuel.holmes.dds4384@icloud.com,Japan,2024-04-22,Standard,959.18
4385,Elizabeth Hart,elizabeth.hart4385@yahoo.com,United States,2025-06-10,Standard,524.03
4386,Alma Girschner,alma.girschner4386@hotmail.com,Germany,2026-04-11,Basic,632.28
4387,Jennifer Vaughn,jennifer.vaughn4387@outlook.com,United States,2026-02-18,Premium,3474.34
4388,Nicole Parrish,nicole.parrish4388@outlook.com,Canada,2025-03-21,Basic,362.84
4389,Robert Woods,robert.woods4389@proton.me,United States,2022-11-18,Standard,633.71
4390,Floortje de Korte,floortje.de.korte4390@yahoo.com,Netherlands,2022-05-23,Basic,675.71
4391,Joanna Cook,joanna.cook4391@gmail.com,United States,2024-05-19,Standard,1452.41
4392,Mary Collins,mary.collins4392@proton.me,United Kingdom,2024-04-15,Standard,1547.41
4393,Justin Frederick,justin.frederick4393@proton.me,United States,2025-04-17,Premium,3763.13
4394,Xavier-Aimé Turpin,xavier.aime.turpin4394@outlook.com,France,2020-09-28,Standard,1288.65
4395,Alejandro Martinez,alejandro.martinez4395@outlook.com,United States,2021-08-04,Premium,1003.2
4396,Tracey Gonzalez,tracey.gonzalez4396@hotmail.com,United States,2023-05-06,Basic,287.17
4397,Mariah Thompson,,United States,2022-06-10,Premium,971.76
4398,Sig.ra Melissa Piazzi,sig.ra.melissa.piazzi4398@proton.me,Italy,2025-11-10,Basic,627.63
4399,Heather Nunez,heather.nunez4399@yahoo.com,United States,2021-04-05,Standard,1578.41
4400,Tracy Burke,tracy.burke4400@outlook.com,Canada,2026-01-28,Basic,364.79
4401,Dr. Steve James,dr.steve.james4401@gmail.com,United States,2023-05-19,Basic,523.55
4402,Tarak Kaul,tarak.kaul4402@gmail.com,India,2020-03-04,Standard,527.24
4403,Mark Thomas,mark.thomas4403@outlook.com,United States,2020-10-18,Standard,1337.5
4404,Yvonne Burns,yvonne.burns4404@proton.me,Australia,2026-03-03,Basic,496.34
4405,Meike Wiek,meike.wiek4405@yahoo.com,Germany,2022-08-04,Standard,1693.93
4406,Maria Luísa Duarte,maria.luisa.duarte4406@yahoo.com,Brazil,2023-06-23,Standard,304.23
4407,Dr Jack Harris,dr.jack.harris4407@gmail.com,United Kingdom,2023-02-05,Basic,308.91
4408,Joshua Reed,joshua.reed4408@yahoo.com,Australia,2025-07-02,Standard,1483.83
4409,Kimberly Gibson,kimberly.gibson4409@gmail.com,Australia,2023-08-03,Standard,1060.49
4410,Caroline Young,caroline.young4410@gmail.com,United Kingdom,2021-07-14,Standard,275.99
4411,Türkan Kambs,turkan.kambs4411@hotmail.com,Germany,2023-09-11,Basic,115.44
4412,Manbir Agate,manbir.agate4412@icloud.com,India,2025-07-31,Standard,713.25
4413,Robert Rogers,robert.rogers4413@hotmail.com,United States,2020-07-05,Basic,573.17
4414,Adolfine Girschner,adolfine.girschner4414@yahoo.com,Germany,2024-04-19,Premium,1893.85
4415,Miss Molly Matthews,miss.molly.matthews4415@proton.me,United Kingdom,2024-02-23,Basic,310.42
4416,Karl-Wilhelm Sontag-Kühnert,karl.wilhelm.sontag.kuhnert4416@yahoo.com,Germany,2020-05-30,Standard,878.55
4417,Laura Sweeney,laura.sweeney4417@yahoo.com,United States,2020-09-07,Basic,338.1
4418,Dr Malcolm Sims,dr.malcolm.sims4418@outlook.com,United Kingdom,2025-05-22,Standard,1208.01
4419,Christopher Perez,christopher.perez4419@proton.me,United States,2020-09-07,Standard,953.02
4420,Neil Hussain,neil.hussain4420@yahoo.com,United Kingdom,2025-12-11,Premium,1487.14
4421,Christos Weihmann,christos.weihmann4421@gmail.com,Germany,2023-05-20,Standard,685.12
4422,Bartholomäus Weinhold,bartholomaus.weinhold4422@yahoo.com,Germany,2024-04-19,Premium,2881.7
4423,Mr Toby Ross,mr.toby.ross4423@hotmail.com,United Kingdom,2025-12-03,Standard,393.38
4424,Hans-Heinrich Lindner MBA.,hans.heinrich.lindner.mba4424@icloud.com,Germany,2025-10-15,Basic,698.0
4425,Caroline Koch II,caroline.koch.ii4425@hotmail.com,Germany,2022-10-23,Premium,2447.68
4426,Eddie Adams,eddie.adams4426@proton.me,Japan,2022-04-27,Premium,4298.7
4427,Laís Novaes,lais.novaes4427@proton.me,Brazil,2022-04-25,Basic,165.57
4428,Kenneth Lewis,kenneth.lewis4428@hotmail.com,Canada,2025-05-03,Standard,378.3
4429,Maanav De,maanav.de4429@yahoo.com,India,2025-12-06,Standard,981.52
4430,Mirella Junk,mirella.junk4430@gmail.com,Germany,2024-07-22,Basic,493.51
4431,Linde van der Stael,linde.van.der.stael4431@icloud.com,Netherlands,2025-11-13,Basic,424.14
4432,Denise Wallace,denise.wallace4432@gmail.com,United States,2023-10-02,Basic,549.76
4433,Heidi Matthews,heidi.matthews4433@outlook.com,United States,2020-04-14,Standard,1706.92
4434,Owen Choudhary,owen.choudhary4434@yahoo.com,India,2025-04-26,Standard,839.9
4435,Jennifer White,jennifer.white4435@outlook.com,United States,2025-01-14,Standard,574.66
4436,Nicholas Stanley,nicholas.stanley4436@yahoo.com,United States,2023-08-10,Standard,245.33
4437,Thomas Birnbaum,thomas.birnbaum4437@icloud.com,Germany,2025-03-12,Standard,709.35
4438,Mercedes Miller,mercedes.miller4438@hotmail.com,United States,2020-11-11,Standard,1573.38
4439,Brian Brown,brian.brown4439@icloud.com,United States,2022-11-29,Premium,1469.43
4440,Kimberly Johnson,kimberly.johnson4440@hotmail.com,United States,2021-06-17,Standard,490.3
4441,Phillip Miller,phillip.miller4441@yahoo.com,United States,2021-12-19,Basic,124.38
4442,Christopher Pena,christopher.pena4442@gmail.com,United States,2025-03-18,Basic,464.59
4443,Damian Wende-Schönland,damian.wende.schonland4443@icloud.com,Germany,2021-05-09,Basic,96.96
4444,Ellen Wright,ellen.wright4444@outlook.com,United States,2021-10-07,Standard,1046.27
4445,Mark Anderson,mark.anderson4445@outlook.com,United States,2026-03-12,Standard,1063.21
4446,Alyssa Alvarado,alyssa.alvarado4446@yahoo.com,United States,2021-02-28,Basic,669.86
4447,Erika Alvarez,erika.alvarez4447@icloud.com,United States,2022-01-03,Premium,4124.41
4448,Colin Terry,colin.terry4448@icloud.com,Australia,2026-03-01,Premium,4488.47
4449,Kimberly Nelson,kimberly.nelson4449@yahoo.com,Japan,2024-06-16,Standard,1517.56
4450,Wayne Wolfe,wayne.wolfe4450@icloud.com,United States,2020-04-13,Basic,329.14
4451,Kyle Welch,kyle.welch4451@gmail.com,Japan,2022-06-03,Basic,79.26
4452,Anita de Contreras,anita.de.contreras4452@hotmail.com,Spain,2020-06-10,Basic,487.54
4453,Enrico Ajello,enrico.ajello4453@outlook.com,Italy,2026-07-17,Premium,1483.57
4454,Gael Leão,gael.leao4454@yahoo.com,Brazil,2022-11-05,Basic,279.3
4455,Kristy Mills,kristy.mills4455@gmail.com,United States,2024-12-09,Premium,1830.96
4456,Michel Butte,michel.butte4456@yahoo.com,Germany,2026-03-24,Premium,1622.48
4457,Courtney Rodriguez,courtney.rodriguez4457@proton.me,Canada,2024-06-16,Basic,244.44
4458,Emily Reed,emily.reed4458@outlook.com,United States,2026-03-02,Standard,1303.15
4459,Regina Ramos,regina.ramos4459@icloud.com,United States,2022-07-10,Premium,3392.64
4460,Dr. Eva Curiel,dr.eva.curiel4460@hotmail.com,Mexico,2022-01-08,Standard,293.56
4461,David Torres,david.torres4461@gmail.com,Japan,2024-05-06,Standard,1226.16
4462,Sheila Williams,sheila.williams4462@icloud.com,United Kingdom,2024-10-24,Premium,3872.65
4463,Yves Morvan de la Legrand,yves.morvan.de.la.legrand4463@hotmail.com,France,2024-06-06,Standard,1509.7
4464,Inge Speer,inge.speer4464@yahoo.com,Germany,2026-03-14,Standard,737.23
4465,Robert Charles,robert.charles4465@hotmail.com,United States,2022-12-20,Standard,1183.89
4466,Dr Lorraine Cook,dr.lorraine.cook4466@hotmail.com,United Kingdom,2020-01-03,Standard,1051.12
4467,Rachael Marshall,rachael.marshall4467@gmail.com,United Kingdom,2024-09-10,Basic,695.76
4468,Cynthia Rowe,cynthia.rowe4468@gmail.com,Australia,2021-11-25,Premium,837.85
4469,Marie Coste,marie.coste4469@gmail.com,France,2026-05-03,Basic,595.0
4470,Karan Aurora,karan.aurora4470@yahoo.com,India,2022-02-01,Basic,635.28
4471,Patrick Thornton,patrick.thornton4471@outlook.com,Australia,2022-09-02,Standard,611.16
4472,Holly Farmer,holly.farmer4472@gmail.com,Canada,2026-07-23,Standard,1632.94
4473,Miss Patricia Wood,miss.patricia.wood4473@yahoo.com,United Kingdom,2022-10-09,Standard,160.82
4474,John Smith,john.smith4474@outlook.com,United States,2020-10-02,Premium,3795.47
4475,Theresa Woods,theresa.woods4475@outlook.com,Japan,2023-11-10,Basic,65.08
4476,Wazir Naik,wazir.naik4476@proton.me,India,2022-07-15,Basic,216.48
4477,Lex Mosley-Schakelaar,lex.mosley.schakelaar4477@proton.me,Netherlands,2020-05-16,Standard,817.95
4478,Renee Bruce,renee.bruce4478@icloud.com,Canada,2026-04-13,Standard,1442.56
4479,Owen Lanka,owen.lanka4479@yahoo.com,India,2022-02-28,Basic,223.82
4480,Jeffrey Carter,jeffrey.carter4480@yahoo.com,United States,2026-08-22,Standard,161.95
4481,Sabrina Austin,sabrina.austin4481@outlook.com,Canada,2026-04-30,Basic,388.4
4482,Jonathan Sama,jonathan.sama4482@gmail.com,India,2021-06-01,Basic,557.35
4483,Jasmin Alvarado,jasmin.alvarado4483@gmail.com,Australia,2021-10-24,Basic,63.83
4484,Veronica Simpson,veronica.simpson4484@icloud.com,Australia,2024-05-27,Standard,1593.03
4485,Devansh Soni,devansh.soni4485@yahoo.com,India,2020-08-19,Premium,1698.09
4486,Dipl.-Ing. Lissy Margraf,dipl.ing.lissy.margraf4486@yahoo.com,Germany,2020-11-04,Standard,659.83
4487,Alexandra Foster,alexandra.foster4487@yahoo.com,United Kingdom,2020-09-25,Basic,284.15
4488,Janaki Varghese,janaki.varghese4488@outlook.com,India,2021-01-15,Standard,1637.78
4489,Mr Abdul Harris,mr.abdul.harris4489@gmail.com,United Kingdom,2026-07-28,Premium,2263.44
4490,Adam Brooks,adam.brooks4490@yahoo.com,United States,2021-02-13,Standard,533.0
4491,Ing. Dietlinde Wende,ing.dietlinde.wende4491@hotmail.com,Germany,2023-01-27,Standard,399.39
4492,Maria Helena Rocha,maria.helena.rocha4492@proton.me,Brazil,2024-06-20,Standard,319.76
4493,Justin Foster,justin.foster4493@proton.me,Japan,2020-04-14,Basic,312.36
4494,Hagen Losekann,hagen.losekann4494@yahoo.com,Germany,2020-04-18,Premium,2994.44
4495,Siya Thakur,siya.thakur4495@icloud.com,India,2023-01-05,Standard,376.76
4496,Omar Price,,United States,2021-03-09,Premium,3357.01
4497,Srta. Liz Guerra,srta.liz.guerra4497@outlook.com,Brazil,2020-02-10,Standard,596.99
4498,Timothée Lamy Le Pineau,timothee.lamy.le.pineau4498@yahoo.com,France,2021-02-15,Standard,323.36
4499,Dennis Henderson,dennis.henderson4499@gmail.com,United States,2025-10-20,Basic,352.45
4500,Caleb Verma,caleb.verma4500@proton.me,India,2021-07-26,Standard,1149.02
4501,Phillip Kent,phillip.kent4501@proton.me,United States,2022-10-26,Basic,128.49
4502,Melinda Mitchell,melinda.mitchell4502@icloud.com,United States,2022-08-25,Basic,196.7
4503,Kim Boeser,kim.boeser4503@outlook.com,Netherlands,2026-01-19,Basic,423.72
4504,Jonathan Lawrence,jonathan.lawrence4504@gmail.com,Australia,2023-05-24,Basic,351.09
4505,Rhonda Gutierrez,rhonda.gutierrez4505@hotmail.com,United States,2024-04-14,Basic,158.84
4506,Catherine Roberts,catherine.roberts4506@yahoo.com,United States,2021-11-27,Standard,1777.19
4507,Frieder Stiebitz,frieder.stiebitz4507@gmail.com,Germany,2024-01-06,Basic,661.36
4508,Lisa Nelson,lisa.nelson4508@hotmail.com,United States,2026-02-01,Standard,1734.06
4509,Chelsea Smith,chelsea.smith4509@icloud.com,United States,2023-09-28,Standard,1446.26
4510,Hannah Mills,hannah.mills4510@icloud.com,United Kingdom,2025-12-12,Premium,3533.62
4511,Joseph Lopez,joseph.lopez4511@outlook.com,United States,2024-11-25,Basic,347.53
4512,Prof. Marie Jäntsch B.Sc.,prof.marie.jantsch.b.sc4512@yahoo.com,Germany,2020-03-14,Basic,204.63
4513,Dipl.-Ing. Krzysztof Blümel B.Sc.,dipl.ing.krzysztof.blumel.b.sc4513@proton.me,Germany,2026-07-22,Basic,269.63
4514,Gregorio de Gargallo,gregorio.de.gargallo4514@proton.me,Spain,2023-07-30,Basic,79.1
4515,Tara Balasubramanian,tara.balasubramanian4515@yahoo.com,India,2026-03-25,Premium,1479.2
4516,Natasha Williams-Edwards,natasha.williams.edwards4516@gmail.com,United Kingdom,2025-12-24,Premium,3498.54
4517,Eugène Jacob du Gautier,eugene.jacob.du.gautier4517@proton.me,France,2024-07-19,Premium,4066.82
4518,Beth Williams,beth.williams4518@yahoo.com,United Kingdom,2026-03-12,Standard,1121.82
4519,Derrick Espinoza,derrick.espinoza4519@yahoo.com,United States,2020-02-22,Premium,4299.33
4520,Inaya die Pelser,inaya.die.pelser4520@yahoo.com,Netherlands,2023-01-25,Premium,2908.01
4521,Crystal Hernandez,crystal.hernandez4521@gmail.com,United States,2020-02-25,Standard,1230.96
4522,Michael Wood,michael.wood4522@proton.me,United Kingdom,2024-12-21,Premium,2316.66
4523,Glenn Collins DDS,glenn.collins.dds4523@outlook.com,United States,2020-08-03,Basic,268.88
4524,Mrs. Raven Rivera DVM,mrs.raven.rivera.dvm4524@gmail.com,United States,2025-05-08,Basic,461.74
4525,Amy Rowe,amy.rowe4525@yahoo.com,United States,2020-11-02,Premium,3612.96
4526,Allison Hickman,allison.hickman4526@yahoo.com,Canada,2024-02-27,Basic,388.65
4527,John Lee,john.lee4527@yahoo.com,United States,2023-05-05,Basic,88.21
4528,Pietro Galiazzo,pietro.galiazzo4528@yahoo.com,Italy,2024-04-14,Basic,494.01
4529,Gerard Hahn B.A.,gerard.hahn.b.a4529@gmail.com,Germany,2025-12-06,Premium,2597.66
4530,Ruth Clayton,ruth.clayton4530@hotmail.com,United States,2023-02-24,Standard,1673.72
4531,Shelly Alexander,shelly.alexander4531@gmail.com,Australia,2025-04-25,Basic,612.46
4532,Dr Valerie Dawson,dr.valerie.dawson4532@yahoo.com,United Kingdom,2025-11-23,Basic,263.94
4533,Randy Wright,randy.wright4533@outlook.com,United States,2022-07-23,Standard,479.81
4534,Evangelia Junken,evangelia.junken4534@hotmail.com,Germany,2024-10-09,Standard,1564.69
4535,Laurent Masse-Pelletier,laurent.masse.pelletier4535@yahoo.com,France,2022-03-22,Basic,102.4
4536,Varenya Ratti,varenya.ratti4536@icloud.com,India,2022-11-26,Standard,303.7
4537,Adalbert Oestrovsky,adalbert.oestrovsky4537@yahoo.com,Germany,2022-03-30,Basic,287.64
4538,Jessica Rojas,jessica.rojas4538@outlook.com,United States,2021-04-21,Basic,157.72
4539,Joel Wise,joel.wise4539@hotmail.com,United States,2024-05-09,Standard,936.4
4540,Dr. Birgitt Kramer,dr.birgitt.kramer4540@gmail.com,Germany,2024-09-24,Basic,165.69
4541,Vickie Kennedy,vickie.kennedy4541@outlook.com,United States,2022-01-07,Standard,224.25
4542,Emily Morris,emily.morris4542@hotmail.com,United States,2020-10-11,Standard,1566.27
4543,Amanda Pineda,amanda.pineda4543@icloud.com,United States,2024-12-12,Premium,1120.21
4544,Agatha da Rosa,agatha.da.rosa4544@icloud.com,Brazil,2026-05-01,Premium,1909.19
4545,Dawn Little,dawn.little4545@yahoo.com,United States,2023-03-21,Standard,884.74
4546,Stephen Boyer,stephen.boyer4546@outlook.com,United States,2020-11-14,Basic,138.55
4547,Brian Chen,brian.chen4547@hotmail.com,United States,2023-10-05,Basic,363.16
4548,Mr Ian Davies,mr.ian.davies4548@outlook.com,United Kingdom,2025-01-11,Standard,1795.76
4549,Christopher Hill,christopher.hill4549@outlook.com,United States,2026-01-04,Standard,521.9
4550,Gustavo Henrique Lopes,gustavo.henrique.lopes4550@yahoo.com,Brazil,2024-09-08,Standard,218.41
4551,Lucie-Lucie Simon,lucie.lucie.simon4551@yahoo.com,France,2022-03-21,Standard,1361.0
4552,Richard Smith,richard.smith4552@proton.me,United States,2020-02-19,Basic,27.17
4553,Miss Molly Roberts,miss.molly.roberts4553@icloud.com,United Kingdom,2023-10-13,Standard,666.37
4554,Joyce Bowen,joyce.bowen4554@outlook.com,Australia,2021-12-15,Premium,3486.62
4555,Richard Alvarez,richard.alvarez4555@icloud.com,United States,2020-03-06,Basic,46.94
4556,Matthew Moore,matthew.moore4556@hotmail.com,Australia,2025-12-25,Premium,3286.26
4557,Jacqueline Davis,jacqueline.davis4557@hotmail.com,United States,2024-08-08,Basic,223.18
4558,Prof. Karl-Hermann Staude B.Eng.,prof.karl.hermann.staude.b.eng4558@icloud.com,Germany,2022-12-08,Standard,904.11
4559,Jason Watson,jason.watson4559@hotmail.com,United Kingdom,2020-12-03,Standard,894.76
4560,Hritik Swaminathan,hritik.swaminathan4560@outlook.com,India,2024-08-29,Standard,833.25
4561,Hans-Ulrich Weihmann,hans.ulrich.weihmann4561@proton.me,Germany,2024-05-07,Basic,297.79
4562,Hipólito Ramón Muro,hipolito.ramon.muro4562@gmail.com,Spain,2024-02-15,Standard,1605.74
4563,Brandon Montgomery,brandon.montgomery4563@outlook.com,United States,2025-10-20,Basic,410.6
4564,Josefa del Barrios,josefa.del.barrios4564@yahoo.com,Spain,2025-01-28,Standard,1298.03
4565,Debra White,debra.white4565@gmail.com,Canada,2020-02-15,Basic,232.94
4566,Yolanda Garrett,yolanda.garrett4566@hotmail.com,United States,2026-04-21,Standard,628.59
4567,Matthew Miles,matthew.miles4567@hotmail.com,United States,2024-10-20,Premium,4127.87
4568,Beth Hall,beth.hall4568@yahoo.com,United States,2024-12-24,Standard,850.93
4569,Ellen Morgan,ellen.morgan4569@yahoo.com,Canada,2020-04-20,Standard,1213.61
4570,Laure Petit,laure.petit4570@gmail.com,France,2024-07-15,Standard,1455.91
4571,Dr. Nicole Trujillo,dr.nicole.trujillo4571@icloud.com,Japan,2021-07-09,Premium,1478.62
4572,Heinz-Josef Bähr,heinz.josef.bahr4572@hotmail.com,Germany,2026-06-11,Standard,1430.57
4573,Ethan Buch,ethan.buch4573@icloud.com,India,2025-01-25,Standard,986.66
4574,Katy Davies,katy.davies4574@icloud.com,United Kingdom,2023-09-11,Standard,1483.76
4575,Corey Norris,corey.norris4575@hotmail.com,United States,2022-04-20,Standard,487.18
4576,Anaïs-Zoé Renault,anais.zoe.renault4576@yahoo.com,France,2025-10-10,Standard,1582.96
4577,Sergio Knight,sergio.knight4577@hotmail.com,Canada,2024-06-25,Premium,3922.19
4578,Stijn van Maasgouw,stijn.van.maasgouw4578@proton.me,Netherlands,2023-08-14,Basic,594.59
4579,Manbir Bhatti,manbir.bhatti4579@icloud.com,India,2021-07-19,Premium,1236.41
4580,Türkan Buchholz B.Eng.,turkan.buchholz.b.eng4580@outlook.com,Germany,2026-04-16,Standard,1305.26
4581,Chad Roach,chad.roach4581@hotmail.com,United States,2024-12-18,Premium,2245.79
4582,Mr. Edward Terry,mr.edward.terry4582@gmail.com,United States,2020-10-12,Standard,418.72
4583,Sigfrido Rivera,sigfrido.rivera4583@proton.me,Spain,2020-03-01,Standard,1706.78
4584,Anvi Nair,anvi.nair4584@yahoo.com,India,2025-09-15,Basic,79.06
4585,Liliana Alberto Duarte,liliana.alberto.duarte4585@icloud.com,Mexico,2021-10-16,Standard,1077.06
4586,Prof. Helene Tröst,prof.helene.trost4586@outlook.com,Germany,2022-04-15,Basic,182.53
4587,Cody Bailey,cody.bailey4587@proton.me,United States,2020-01-25,Standard,1506.89
4588,Andrew Clarke,,United Kingdom,2021-12-03,Standard,631.7
4589,Denise Guerra,denise.guerra4589@proton.me,United States,2026-08-19,Standard,1723.57
4590,Kristen Jones,kristen.jones4590@gmail.com,United States,2022-08-30,Basic,229.18
4591,Lilia Yolanda Guzmán Jaramillo,lilia.yolanda.guzman.jaramillo4591@icloud.com,Mexico,2020-03-19,Premium,2127.53
4592,Charles Schultz,charles.schultz4592@hotmail.com,Canada,2025-01-15,Premium,2207.41
4593,Edward Baker,edward.baker4593@icloud.com,United States,2023-10-24,Basic,321.45
4594,Aaron Little,aaron.little4594@outlook.com,United States,2025-12-12,Premium,4497.56
4595,Cody Smith,cody.smith4595@icloud.com,United States,2023-02-12,Standard,554.84
4596,Patty Allen,patty.allen4596@yahoo.com,United States,2020-11-04,Standard,1038.98
4597,Ing. Belinda Lachmann,ing.belinda.lachmann4597@icloud.com,Germany,2020-01-23,Standard,771.89
4598,Chaitaly Setty,chaitaly.setty4598@proton.me,India,2022-06-27,Standard,717.17
4599,Hardik Contractor,hardik.contractor4599@icloud.com,India,2020-07-31,Premium,3206.82
4600,Mary Ryan,mary.ryan4600@icloud.com,United States,2021-08-04,Basic,466.48
4601,Joseph Jimenez,joseph.jimenez4601@gmail.com,United States,2022-03-29,Basic,547.93
4602,Lisa Morris,lisa.morris4602@gmail.com,United States,2021-10-01,Standard,642.27
4603,Xaver Junk,xaver.junk4603@gmail.com,Germany,2022-04-13,Premium,3127.68
4604,Ashley Mills,ashley.mills4604@proton.me,United States,2020-09-25,Standard,813.48
4605,Paul Lewis,paul.lewis4605@icloud.com,Canada,2024-08-25,Standard,1224.62
4606,Wayne Morgan,wayne.morgan4606@outlook.com,Australia,2025-11-26,Standard,1711.77
4607,Thibaut Benard-Vasseur,thibaut.benard.vasseur4607@gmail.com,France,2025-02-17,Premium,2678.28
4608,Glen Wood,glen.wood4608@outlook.com,Canada,2026-05-03,Premium,3193.33
4609,Qushi Seth,qushi.seth4609@gmail.com,India,2020-11-04,Standard,153.6
4610,Yolanda Aller Pintor,yolanda.aller.pintor4610@proton.me,Spain,2021-04-05,Basic,622.08
4611,Josephine Owen,josephine.owen4611@gmail.com,United Kingdom,2021-12-03,Basic,299.15
4612,Russell Anderson,russell.anderson4612@icloud.com,United States,2020-05-15,Standard,1537.11
4613,Christina Washington,christina.washington4613@gmail.com,United States,2025-02-11,Premium,3602.42
4614,Kenneth Huff,kenneth.huff4614@hotmail.com,United States,2022-03-08,Standard,1605.9
4615,Mrs Sylvia Dyer,mrs.sylvia.dyer4615@yahoo.com,United Kingdom,2023-08-28,Basic,282.5
4616,Odika Nori,odika.nori4616@proton.me,India,2022-11-02,Standard,1011.17
4617,Milo van der Laan,milo.van.der.laan4617@hotmail.com,Netherlands,2020-01-25,Premium,840.52
4618,Marie Christian,marie.christian4618@proton.me,Australia,2021-08-07,Standard,1235.09
4619,Jeffrey Patel,jeffrey.patel4619@hotmail.com,United Kingdom,2020-03-17,Standard,1699.0
4620,Kelly Miles,kelly.miles4620@yahoo.com,United States,2025-02-21,Standard,164.78
4621,Paula Bradley,paula.bradley4621@outlook.com,Canada,2026-05-23,Standard,1507.81
4622,Adelaida Ortiz Martín,adelaida.ortiz.martin4622@gmail.com,Spain,2022-10-20,Standard,1220.89
4623,Prof. Hermann-Josef Stumpf,prof.hermann.josef.stumpf4623@yahoo.com,Germany,2023-04-17,Standard,675.1
4624,Luna Martins,luna.martins4624@proton.me,Brazil,2023-06-16,Premium,2112.98
4625,Thierry Le Potier,thierry.le.potier4625@hotmail.com,France,2022-11-13,Standard,280.61
4626,Anthony Moore,anthony.moore4626@hotmail.com,Canada,2024-02-13,Basic,212.91
4627,Jacob Obrien,jacob.obrien4627@yahoo.com,United States,2024-06-26,Basic,208.58
4628,Timothy Clark,timothy.clark4628@icloud.com,Japan,2026-02-17,Premium,2103.43
4629,Thomas Pereira,thomas.pereira4629@hotmail.com,France,2025-08-03,Standard,759.57
4630,Tamara Rius Giménez,tamara.rius.gimenez4630@hotmail.com,Spain,2024-08-10,Premium,1531.07
4631,Steve Miller PhD,steve.miller.phd4631@hotmail.com,United States,2020-06-06,Standard,1481.22
4632,Mohini Sagar,mohini.sagar4632@icloud.com,India,2025-12-06,Standard,1115.76
4633,Justin Hurley,justin.hurley4633@icloud.com,United States,2023-06-25,Standard,949.59
4634,Constanza Llamas Ruano,constanza.llamas.ruano4634@proton.me,Spain,2021-12-14,Premium,986.84
4635,Jacob Erickson,jacob.erickson4635@icloud.com,United States,2025-11-18,Standard,423.55
4636,Annita Mälzer,annita.malzer4636@icloud.com,Germany,2021-06-11,Premium,2342.73
4637,Deborah Williams,deborah.williams4637@hotmail.com,United States,2026-05-20,Standard,441.92
4638,Eric Blackburn,eric.blackburn4638@hotmail.com,Japan,2026-08-13,Basic,664.89
4639,Dhriti Sane,dhriti.sane4639@yahoo.com,India,2026-08-05,Basic,432.16
4640,Ugolino Scarpa,ugolino.scarpa4640@icloud.com,Italy,2022-10-12,Standard,1389.97
4641,Shannon James,shannon.james4641@hotmail.com,Australia,2026-03-27,Standard,1321.69
4642,Eugen Mälzer,eugen.malzer4642@yahoo.com,Germany,2024-03-04,Basic,317.83
4643,Mr Mitchell Khan,mr.mitchell.khan4643@yahoo.com,United Kingdom,2022-11-09,Standard,230.61
4644,Gionata Cassarà,gionata.cassara4644@outlook.com,Italy,2022-10-08,Premium,1540.53
4645,Megan Nelson,megan.nelson4645@yahoo.com,Canada,2020-12-12,Premium,1266.4
4646,Anne Hardy,anne.hardy4646@gmail.com,United States,2020-09-29,Standard,231.96
4647,Bianca Juana Arellano,bianca.juana.arellano4647@proton.me,Mexico,2025-03-25,Basic,124.09
4648,Aadhya Prasad,aadhya.prasad4648@proton.me,India,2020-10-02,Basic,230.85
4649,Urvi Bhavsar,urvi.bhavsar4649@yahoo.com,India,2020-05-18,Basic,518.49
4650,Karla Ramos,karla.ramos4650@yahoo.com,Canada,2023-05-15,Premium,1555.26
4651,Twan de Plantard,twan.de.plantard4651@hotmail.com,Netherlands,2023-08-09,Premium,3151.6
4652,Paul Wilson,paul.wilson4652@yahoo.com,Canada,2020-05-15,Standard,1041.24
4653,Frederick Chander,frederick.chander4653@proton.me,India,2024-04-20,Standard,1374.77
4654,Honoré Besnard,honore.besnard4654@proton.me,France,2021-07-08,Standard,168.74
4655,Gopal Pradhan,gopal.pradhan4655@proton.me,India,2021-09-11,Premium,1475.81
4656,Dr Sally Brooks,dr.sally.brooks4656@yahoo.com,United Kingdom,2020-05-06,Standard,949.39
4657,Karolin Budig-Kroker,karolin.budig.kroker4657@icloud.com,Germany,2021-02-23,Standard,580.68
4658,Chelsey Fox,chelsey.fox4658@hotmail.com,Japan,2021-05-27,Basic,408.66
4659,Estela Feliciano,estela.feliciano4659@icloud.com,Mexico,2020-05-19,Standard,1564.56
4660,Natascha Kambs,natascha.kambs4660@yahoo.com,Germany,2020-01-18,Premium,3237.86
4661,Mario White,mario.white4661@gmail.com,United States,2025-01-11,Standard,824.92
4662,Albina Porcel Navarrete,albina.porcel.navarrete4662@hotmail.com,Spain,2026-05-31,Standard,942.48
4663,Nathan Malone,nathan.malone4663@proton.me,Australia,2023-04-04,Basic,29.54
4664,Jennifer Garcia,jennifer.garcia4664@outlook.com,United States,2025-07-03,Standard,1322.86
4665,Amy Payne,amy.payne4665@gmail.com,United Kingdom,2022-03-06,Standard,1170.81
4666,Melina Rocha,melina.rocha4666@gmail.com,Brazil,2020-02-22,Premium,2613.71
4667,Heather Ellis,heather.ellis4667@yahoo.com,United States,2020-10-27,Standard,1751.62
4668,Sonya Jackson,sonya.jackson4668@hotmail.com,United States,2020-12-18,Basic,539.21
4669,James Morgan,james.morgan4669@gmail.com,United States,2021-08-23,Standard,1524.99
4670,Amanda Jones,amanda.jones4670@icloud.com,Australia,2020-10-17,Standard,1000.8
4671,Zachary Ramos,zachary.ramos4671@hotmail.com,United States,2020-06-14,Premium,3507.52
4672,Berend van Dam,berend.van.dam4672@outlook.com,Netherlands,2023-01-31,Basic,218.46
4673,Darpan Narayan,darpan.narayan4673@outlook.com,India,2025-07-13,Standard,882.49
4674,Chiara Scarpa,chiara.scarpa4674@hotmail.com,Italy,2021-06-11,Basic,237.77
4675,Ethan Frey,ethan.frey4675@gmail.com,United States,2025-04-10,Standard,275.76
4676,Tammie Bright,tammie.bright4676@gmail.com,Australia,2025-04-14,Standard,1762.8
4677,Stéphane Marchal,stephane.marchal4677@outlook.com,France,2021-01-02,Standard,544.17
4678,Nirja Pandya,nirja.pandya4678@icloud.com,India,2026-08-26,Standard,592.17
4679,Rachael Weston,rachael.weston4679@outlook.com,United Kingdom,2020-05-31,Standard,271.07
4680,Thom van Leeuwen,thom.van.leeuwen4680@icloud.com,Netherlands,2020-01-06,Standard,1048.6
4681,Jacob Duran,jacob.duran4681@proton.me,United States,2021-01-25,Standard,1528.03
4682,Nicholas Franklin,nicholas.franklin4682@proton.me,United States,2024-05-26,Standard,560.65
4683,Benjamin Collet,benjamin.collet4683@hotmail.com,France,2020-07-11,Standard,1505.08
4684,Cindy Cannon,cindy.cannon4684@outlook.com,United States,2020-02-16,Standard,1622.23
4685,Ayden Rippey,ayden.rippey4685@proton.me,Netherlands,2023-06-29,Standard,664.4
4686,Douglas Gregory,douglas.gregory4686@gmail.com,Canada,2022-10-15,Standard,1450.96
4687,Mr. Andrew Foster,mr.andrew.foster4687@yahoo.com,Canada,2020-11-29,Basic,41.29
4688,Dawn Nixon,dawn.nixon4688@hotmail.com,United States,2024-05-31,Basic,542.85
4689,Jessica Garcia,jessica.garcia4689@gmail.com,Australia,2022-09-04,Standard,1660.31
4690,Aimee Turner,aimee.turner4690@hotmail.com,Canada,2023-02-15,Standard,1294.07
4691,James Barber,james.barber4691@hotmail.com,United States,2025-12-27,Standard,400.06
4692,Darren Smith,darren.smith4692@icloud.com,United Kingdom,2023-10-16,Premium,4134.79
4693,Lindsey Williams-Turner,lindsey.williams.turner4693@hotmail.com,United Kingdom,2022-04-26,Basic,512.6
4694,Rita Bell-Hughes,rita.bell.hughes4694@hotmail.com,United Kingdom,2021-06-25,Standard,1688.69
4695,Charan Mani,charan.mani4695@hotmail.com,India,2023-05-13,Standard,184.1
4696,Ms. Kelly Holder,ms.kelly.holder4696@gmail.com,Japan,2024-11-04,Standard,984.22
4697,Nicoletta Zaccardo-Mercantini,nicoletta.zaccardo.mercantini4697@icloud.com,Italy,2025-06-01,Basic,53.73
4698,Eric Walker,eric.walker4698@proton.me,United States,2021-04-26,Standard,1164.97
4699,Chad Scott,chad.scott4699@proton.me,Canada,2023-03-01,Basic,78.23
4700,Alison Short,alison.short4700@yahoo.com,United States,2024-05-15,Standard,308.81
4701,Adam Burgess,adam.burgess4701@icloud.com,Canada,2023-10-18,Standard,715.8
4702,Helena Meyer,helena.meyer4702@yahoo.com,Netherlands,2022-02-02,Standard,333.87
4703,Indira Chawla,indira.chawla4703@gmail.com,India,2023-04-24,Basic,564.14
4704,Patricia Roger,patricia.roger4704@yahoo.com,France,2021-08-24,Premium,1635.79
4705,Desiree Spencer,desiree.spencer4705@proton.me,Japan,2020-01-29,Standard,1720.76
4706,Mary Davis,mary.davis4706@outlook.com,United Kingdom,2023-04-28,Standard,1302.07
4707,Shelia Wallace,shelia.wallace4707@icloud.com,Australia,2021-07-17,Basic,629.4
4708,Tammy Moore,tammy.moore4708@gmail.com,United States,2023-03-30,Standard,271.16
4709,Mohammed Subramaniam,mohammed.subramaniam4709@outlook.com,India,2022-09-25,Standard,845.02
4710,Helena Vierdag-de Grote,helena.vierdag.de.grote4710@hotmail.com,Netherlands,2024-07-29,Premium,2307.55
4711,Henry Taylor,henry.taylor4711@proton.me,United States,2026-06-18,Standard,154.58
4712,Kevin Hall,kevin.hall4712@gmail.com,United States,2021-07-18,Basic,74.73
4713,James Padilla,james.padilla4713@gmail.com,Canada,2021-06-15,Standard,1491.37
4714,Anna Ross,anna.ross4714@gmail.com,Japan,2022-06-04,Basic,373.93
4715,Morgan Cummings,morgan.cummings4715@gmail.com,United States,2024-05-30,Standard,803.77
4716,Carrie Petersen,carrie.petersen4716@gmail.com,United States,2024-02-28,Premium,3504.46
4717,Laura Velez,laura.velez4717@gmail.com,Japan,2024-10-22,Standard,163.22
4718,Sandra Drake,sandra.drake4718@gmail.com,Canada,2020-02-14,Basic,420.98
4719,Hritik Palla,hritik.palla4719@yahoo.com,India,2020-08-28,Basic,185.15
4720,Elizabeth Cross,elizabeth.cross4720@outlook.com,United States,2021-07-08,Premium,1770.48
4721,Angela Brown,angela.brown4721@yahoo.com,United States,2025-02-27,Basic,408.69
4722,Christophe Le Laporte,christophe.le.laporte4722@outlook.com,France,2022-08-05,Basic,412.77
4723,Noa van Bovenen,noa.van.bovenen4723@hotmail.com,Netherlands,2020-06-19,Premium,3451.45
4724,Ing. Reinhard Geisler B.Sc.,ing.reinhard.geisler.b.sc4724@yahoo.com,Germany,2025-03-13,Standard,1494.3
4725,Josip Pergande,josip.pergande4725@outlook.com,Germany,2023-08-10,Standard,601.03
4726,Ishwar Mallick,ishwar.mallick4726@yahoo.com,India,2020-06-28,Standard,1382.82
4727,Rosalia Tiepolo,rosalia.tiepolo4727@outlook.com,Italy,2023-03-14,Basic,176.96
4728,Hannah Montoya,hannah.montoya4728@icloud.com,United States,2020-03-07,Standard,349.28
4729,Scott Williams,scott.williams4729@hotmail.com,Canada,2023-11-25,Standard,1023.5
4730,Nicholas Sutton,nicholas.sutton4730@outlook.com,United Kingdom,2023-09-14,Standard,820.14
4731,Thomas Melo,thomas.melo4731@icloud.com,Brazil,2024-02-28,Premium,2625.3
4732,Torsten Wulf B.Eng.,torsten.wulf.b.eng4732@outlook.com,Germany,2024-07-26,Standard,537.31
4733,Rosalie Everts,rosalie.everts4733@gmail.com,Netherlands,2024-09-16,Basic,233.98
4734,Mona Seidel,mona.seidel4734@hotmail.com,Germany,2020-02-12,Standard,1575.09
4735,Sean Kane,sean.kane4735@hotmail.com,United States,2024-07-21,Premium,1527.94
4736,Alyssa van der Meer-Charon,alyssa.van.der.meer.charon4736@gmail.com,Netherlands,2024-02-08,Standard,194.84
4737,Samuel Barker,samuel.barker4737@yahoo.com,United Kingdom,2020-01-18,Premium,1652.48
4738,Laetitia de la Boucher,laetitia.de.la.boucher4738@gmail.com,France,2024-09-29,Standard,304.92
4739,Erkan Dobes-Fiebig,erkan.dobes.fiebig4739@outlook.com,Germany,2025-11-26,Standard,252.03
4740,Matthew Guzman,matthew.guzman4740@outlook.com,United States,2023-05-22,Premium,1707.59
4741,Dr Brett Ward,dr.brett.ward4741@hotmail.com,United Kingdom,2026-05-12,Standard,1320.93
4742,Paloma Sabatini,paloma.sabatini4742@proton.me,Italy,2024-02-05,Standard,1272.02
4743,Harriet Freeman,harriet.freeman4743@hotmail.com,United Kingdom,2026-07-18,Premium,3473.92
4744,Richard Reyes,richard.reyes4744@proton.me,United States,2020-11-23,Basic,654.37
4745,Pushti Bal,pushti.bal4745@icloud.com,India,2024-06-17,Standard,1376.93
4746,Tracy Ellis-Bennett,tracy.ellis.bennett4746@proton.me,United Kingdom,2024-07-15,Standard,858.98
4747,Nicholas James,nicholas.james4747@gmail.com,United Kingdom,2026-03-18,Standard,1603.83
4748,Lucie Letellier,lucie.letellier4748@hotmail.com,France,2022-12-16,Standard,1073.28
4749,Nathan O'Neill,nathan.o.neill4749@gmail.com,United Kingdom,2024-03-12,Standard,231.14
4750,Andrew Fernandez,andrew.fernandez4750@yahoo.com,United States,2025-05-12,Basic,565.87
4751,Jonathan Walker,jonathan.walker4751@outlook.com,United States,2022-09-27,Basic,568.85
4752,Nicholas Long,nicholas.long4752@yahoo.com,United States,2021-11-02,Premium,2131.56
4753,Cäcilia Gerlach,cacilia.gerlach4753@yahoo.com,Germany,2022-02-15,Basic,121.97
4754,Céline Bigot,celine.bigot4754@proton.me,France,2025-05-16,Standard,1276.31
4755,Kurt Wagner,kurt.wagner4755@hotmail.com,United States,2023-03-30,Standard,456.97
4756,Thomas Atkins,thomas.atkins4756@yahoo.com,Canada,2023-08-12,Standard,420.38
4757,Diane Smith,diane.smith4757@hotmail.com,United Kingdom,2024-03-20,Standard,1129.67
4758,Dylan Foster,dylan.foster4758@yahoo.com,United States,2024-12-04,Standard,540.65
4759,Paloma Dalmau Solsona,paloma.dalmau.solsona4759@yahoo.com,Spain,2022-07-05,Basic,610.54
4760,Ayush Gole,ayush.gole4760@gmail.com,India,2021-07-13,Standard,450.9
4761,Laura Mckinney,laura.mckinney4761@outlook.com,Canada,2020-01-01,Premium,3082.34
4762,Bradley Duncan,bradley.duncan4762@yahoo.com,United States,2025-10-15,Standard,378.2
4763,Salvi Salgari,salvi.salgari4763@hotmail.com,Italy,2020-10-16,Standard,1016.7
4764,James Miller,james.miller4764@gmail.com,Japan,2025-06-02,Standard,679.79
4765,Patricia Anderson,patricia.anderson4765@outlook.com,United States,2023-11-02,Premium,2239.31
4766,María Amores Prada,maria.amores.prada4766@hotmail.com,Spain,2023-08-18,Standard,1288.05
4767,Dayamai Nori,dayamai.nori4767@yahoo.com,India,2026-03-07,Basic,108.91
4768,Justin Freeman,justin.freeman4768@hotmail.com,United States,2023-03-10,Basic,169.07
4769,Christina Gilbert,christina.gilbert4769@hotmail.com,United States,2021-09-08,Basic,357.62
4770,Raimund Werner-Sölzer,raimund.werner.solzer4770@yahoo.com,Germany,2022-04-14,Basic,304.56
4771,David Faivre,david.faivre4771@proton.me,France,2020-05-18,Basic,296.22
4772,James Evans,james.evans4772@hotmail.com,United Kingdom,2020-04-25,Basic,323.99
4773,Danielle Jones,danielle.jones4773@outlook.com,United States,2020-08-02,Standard,1465.99
4774,Jeffrey Jones,jeffrey.jones4774@outlook.com,United Kingdom,2021-11-25,Standard,1463.65
4775,Erica Glass,erica.glass4775@outlook.com,United States,2020-12-13,Basic,50.38
4776,Diether Wirth,diether.wirth4776@proton.me,Germany,2023-05-03,Basic,114.29
4777,Dipl.-Ing. Norma Rose MBA.,dipl.ing.norma.rose.mba4777@gmail.com,Germany,2024-11-14,Standard,1401.71
4778,Brian Smith,brian.smith4778@hotmail.com,Canada,2025-01-31,Standard,762.56
4779,Marcela Amores-Blanes,marcela.amores.blanes4779@hotmail.com,Spain,2021-10-16,Premium,948.04
4780,Yves Ramos-Parent,yves.ramos.parent4780@yahoo.com,France,2025-09-13,Standard,738.77
4781,Srta. Antonella da Paz,srta.antonella.da.paz4781@hotmail.com,Brazil,2022-12-10,Basic,517.03
4782,Gary Blackburn,gary.blackburn4782@hotmail.com,United Kingdom,2022-12-30,Standard,951.41
4783,Abeer Golla,abeer.golla4783@gmail.com,India,2025-11-11,Basic,687.13
4784,Mathilde Robin,mathilde.robin4784@icloud.com,France,2025-06-07,Basic,591.08
4785,Agathe Aubry,agathe.aubry4785@icloud.com,France,2020-11-12,Standard,1657.93
4786,Robert Montgomery,robert.montgomery4786@gmail.com,Canada,2026-08-10,Basic,624.9
4787,Esther Doorhof,esther.doorhof4787@gmail.com,Netherlands,2023-03-01,Standard,1470.72
4788,Michael Henderson,michael.henderson4788@hotmail.com,United States,2024-11-22,Standard,360.47
4789,Stephanie Williams,stephanie.williams4789@icloud.com,Australia,2022-11-19,Basic,93.46
4790,Frank Wheeler,frank.wheeler4790@proton.me,United States,2026-02-22,Standard,1692.02
4791,Tamara Davis,tamara.davis4791@proton.me,Canada,2020-11-01,Standard,1651.88
4792,Charlotte Gordon,charlotte.gordon4792@outlook.com,United Kingdom,2026-04-22,Basic,178.89
4793,Eric Huerta,eric.huerta4793@proton.me,United States,2020-10-26,Premium,2466.59
4794,Elaine Brooks,elaine.brooks4794@yahoo.com,Australia,2021-07-17,Basic,576.22
4795,Jerónimo Magaña,jeronimo.magana4795@proton.me,Mexico,2023-05-30,Basic,227.62
4796,Rowan Boogaerts,rowan.boogaerts4796@proton.me,Netherlands,2021-10-23,Standard,1329.97
4797,Joseph Knight,joseph.knight4797@proton.me,Australia,2025-07-06,Premium,2699.55
4798,Dana Chapman,dana.chapman4798@yahoo.com,Canada,2021-06-11,Standard,1017.67
4799,Jennifer Collins,jennifer.collins4799@hotmail.com,Canada,2020-08-24,Standard,1051.98
4800,Lívia Borges,livia.borges4800@gmail.com,Brazil,2024-05-07,Standard,784.29
4801,Wanda Ramos,wanda.ramos4801@proton.me,United States,2022-03-29,Standard,571.44
4802,Nandini Boase,nandini.boase4802@hotmail.com,India,2023-06-07,Standard,1766.24
4803,Azaan Chand,azaan.chand4803@outlook.com,India,2024-05-22,Premium,3313.96
4804,Gary Jackson,gary.jackson4804@proton.me,Canada,2024-12-22,Standard,1086.16
4805,Elias Bertho-Kathagen,elias.bertho.kathagen4805@yahoo.com,Netherlands,2026-01-27,Standard,156.12
4806,Krisha Saini,krisha.saini4806@hotmail.com,India,2021-09-23,Standard,1476.58
4807,Andrew Meyers,andrew.meyers4807@icloud.com,United States,2020-08-31,Standard,382.17
4808,James Todd,james.todd4808@hotmail.com,United States,2021-06-26,Premium,2349.17
4809,Shane Carey-Hilton,shane.carey.hilton4809@outlook.com,United Kingdom,2025-01-15,Standard,820.48
4810,Ashley Brown,ashley.brown4810@hotmail.com,United States,2025-11-11,Basic,242.67
4811,Carolyn Miller,carolyn.miller4811@outlook.com,Australia,2025-07-14,Standard,1785.48
4812,Tammy Melton,tammy.melton4812@hotmail.com,United States,2024-10-31,Standard,161.3
4813,Mr Philip Page,mr.philip.page4813@hotmail.com,United Kingdom,2023-10-14,Standard,1485.34
4814,Casper van Northeim-Heijmen,casper.van.northeim.heijmen4814@yahoo.com,Netherlands,2023-04-07,Standard,739.73
4815,Solveig Schottin,solveig.schottin4815@outlook.com,Germany,2022-11-11,Standard,403.95
4816,Alexis Benson,alexis.benson4816@outlook.com,Japan,2022-12-01,Premium,2695.48
4817,Harita Dugar,harita.dugar4817@outlook.com,India,2020-01-21,Premium,3937.71
4818,Jerry Johnson,jerry.johnson4818@icloud.com,United States,2024-07-23,Basic,698.73
4819,Joshua Harris,joshua.harris4819@yahoo.com,United States,2023-07-27,Basic,610.4
4820,Lisa Allen,lisa.allen4820@hotmail.com,Australia,2020-03-22,Basic,300.54
4821,Deanna Webb,deanna.webb4821@icloud.com,United States,2023-05-06,Basic,205.75
4822,Bernarda Serrano Espada,bernarda.serrano.espada4822@icloud.com,Spain,2024-08-11,Premium,967.32
4823,Chantal De Sousa-Tessier,chantal.de.sousa.tessier4823@proton.me,France,2020-07-17,Standard,1364.21
4824,Brenda Hale,brenda.hale4824@icloud.com,United States,2023-02-12,Basic,168.5
4825,Stéphane-Laurent Diaz,stephane.laurent.diaz4825@gmail.com,France,2026-07-19,Basic,455.63
4826,Lars Remmers-Zuidweg,lars.remmers.zuidweg4826@hotmail.com,Netherlands,2025-06-08,Basic,645.52
4827,Kevin Alvarado,kevin.alvarado4827@hotmail.com,Japan,2021-07-06,Basic,252.23
4828,Christopher Campbell,christopher.campbell4828@outlook.com,United States,2021-03-24,Standard,792.25
4829,Lisa Brown,lisa.brown4829@gmail.com,United States,2023-05-08,Standard,219.69
4830,Alejandra Price,alejandra.price4830@hotmail.com,United States,2025-07-08,Standard,990.58
4831,Esparta Alberto Espinoza,esparta.alberto.espinoza4831@icloud.com,Mexico,2023-08-11,Standard,1204.61
4832,Samuel Keller,samuel.keller4832@outlook.com,United States,2020-03-18,Basic,419.52
4833,Devika Nair,devika.nair4833@icloud.com,India,2020-07-03,Premium,4435.59
4834,Alicia Dillon,alicia.dillon4834@proton.me,United States,2022-10-24,Standard,1223.61
4835,Mick Heijmen,mick.heijmen4835@gmail.com,Netherlands,2022-08-13,Basic,263.8
4836,Ashley Hicks,ashley.hicks4836@yahoo.com,Canada,2023-09-22,Standard,1157.36
4837,Crystal James,crystal.james4837@hotmail.com,Japan,2022-02-22,Basic,128.66
4838,Ariana Stewart,ariana.stewart4838@icloud.com,United States,2024-12-07,Standard,927.42
4839,Hannah Luna,hannah.luna4839@hotmail.com,Canada,2024-01-25,Standard,1726.85
4840,Kim Lopez,kim.lopez4840@outlook.com,United States,2020-09-30,Standard,851.85
4841,Judith House,judith.house4841@proton.me,United States,2025-11-10,Basic,160.99
4842,Robin Young,robin.young4842@proton.me,Canada,2021-06-12,Basic,241.0
4843,Charles Dugal,charles.dugal4843@hotmail.com,India,2025-10-07,Basic,211.61
4844,Craig Morrison,craig.morrison4844@yahoo.com,Canada,2022-09-29,Standard,512.64
4845,Isaac Leiva,isaac.leiva4845@hotmail.com,Mexico,2020-05-07,Basic,268.4
4846,Mary Thompson,mary.thompson4846@proton.me,Canada,2023-02-20,Premium,2353.96
4847,Carla Mans,carla.mans4847@icloud.com,Germany,2022-05-09,Premium,4434.1
4848,David Moreno,david.moreno4848@gmail.com,United States,2024-04-21,Standard,1541.65
4849,James Moore,james.moore4849@proton.me,United States,2020-12-20,Standard,1769.85
4850,Kathleen Webster,kathleen.webster4850@gmail.com,Canada,2025-04-03,Standard,396.81
4851,Briana Murray,briana.murray4851@hotmail.com,Australia,2024-01-21,Basic,405.11
4852,Horst-Günter Margraf,horst.gunter.margraf4852@icloud.com,Germany,2026-08-28,Basic,655.16
4853,Eladio Pinilla Morán,eladio.pinilla.moran4853@yahoo.com,Spain,2021-06-30,Standard,388.28
4854,Chandran Bumb,chandran.bumb4854@gmail.com,India,2025-01-18,Standard,1710.64
4855,Harold Garrett,harold.garrett4855@yahoo.com,United States,2021-12-02,Standard,1270.86
4856,Joann Glass,joann.glass4856@gmail.com,Canada,2024-10-20,Standard,600.01
4857,Xavi Thomas,xavi.thomas4857@icloud.com,Netherlands,2025-01-09,Premium,4087.72
4858,Alan Power,alan.power4858@hotmail.com,United Kingdom,2025-01-03,Standard,1310.39
4859,William Mason,william.mason4859@hotmail.com,United States,2024-09-19,Standard,667.89
4860,Saanvi Samra,saanvi.samra4860@gmail.com,India,2026-02-08,Standard,1281.06
4861,Leonardo Câmara,leonardo.camara4861@proton.me,Brazil,2022-05-10,Standard,259.41
4862,Riya Sachdeva,riya.sachdeva4862@outlook.com,India,2025-07-16,Standard,1070.41
4863,Garry Ward,garry.ward4863@icloud.com,United Kingdom,2024-05-18,Premium,3859.06
4864,Lori Johns,lori.johns4864@outlook.com,United States,2026-03-04,Standard,828.19
4865,Madison Weber,madison.weber4865@yahoo.com,Canada,2020-03-10,Standard,807.68
4866,Robin Johnson,robin.johnson4866@icloud.com,United States,2024-06-22,Standard,447.67
4867,Javi Morillo,javi.morillo4867@proton.me,Spain,2020-04-24,Standard,700.67
4868,Diana Hernandez,diana.hernandez4868@icloud.com,United States,2021-02-12,Premium,2898.17
4869,David Smith,david.smith4869@icloud.com,Australia,2024-05-04,Basic,554.29
4870,Mary Miller,mary.miller4870@yahoo.com,United States,2020-04-18,Standard,955.95
4871,Pía Pinilla Lobo,pia.pinilla.lobo4871@hotmail.com,Spain,2020-05-30,Basic,56.78
4872,Tanveer Vala,tanveer.vala4872@yahoo.com,India,2025-05-24,Basic,422.9
4873,Tyler Salazar,tyler.salazar4873@icloud.com,United States,2022-08-04,Standard,1643.73
4874,Lori Hernandez,lori.hernandez4874@hotmail.com,Canada,2023-05-29,Standard,899.3
4875,Crystal Allen,crystal.allen4875@proton.me,United States,2023-07-19,Premium,2616.07
4876,Renata Höfig,renata.hofig4876@icloud.com,Germany,2024-08-21,Basic,553.48
4877,Diogo Alves,diogo.alves4877@yahoo.com,Brazil,2023-10-17,Standard,886.05
4878,Maxim Blom,maxim.blom4878@hotmail.com,Netherlands,2022-08-25,Basic,542.01
4879,Joaquim Melo,joaquim.melo4879@proton.me,Brazil,2022-06-12,Premium,2018.3
4880,Hemani Sani,hemani.sani4880@proton.me,India,2023-07-27,Standard,1643.36
4881,Mr Gary Williams,mr.gary.williams4881@proton.me,United Kingdom,2021-01-18,Standard,1169.48
4882,Catherine Parent,catherine.parent4882@proton.me,France,2022-06-30,Standard,1323.0
4883,Mr Benjamin Joyce,mr.benjamin.joyce4883@gmail.com,United Kingdom,2023-06-28,Standard,990.02
4884,Wesley Browning,wesley.browning4884@gmail.com,United States,2023-06-29,Premium,4084.73
4885,Gioffre Lerner-Tremonti,gioffre.lerner.tremonti4885@proton.me,Italy,2021-02-23,Basic,656.94
4886,Germán Montoya Saucedo,german.montoya.saucedo4886@outlook.com,Mexico,2020-07-20,Premium,2782.29
4887,Hanns Patberg,hanns.patberg4887@outlook.com,Germany,2024-05-30,Basic,549.1
4888,Bhanumati Sur,bhanumati.sur4888@proton.me,India,2020-06-02,Standard,872.55
4889,Joshua Clark,joshua.clark4889@icloud.com,Japan,2025-01-02,Standard,1591.62
4890,Joshua Mcbride,joshua.mcbride4890@proton.me,United States,2023-05-24,Basic,448.61
4891,Jennifer Wade-Hudson,jennifer.wade.hudson4891@icloud.com,United Kingdom,2023-04-10,Standard,1760.94
4892,Jeremy Turner,jeremy.turner4892@outlook.com,Canada,2020-04-11,Basic,693.03
4893,Lize de Bruin,lize.de.bruin4893@hotmail.com,Netherlands,2024-10-16,Basic,574.72
4894,Ellen Thornton,ellen.thornton4894@yahoo.com,United States,2021-07-05,Standard,941.61
4895,Stephanie Byrd,stephanie.byrd4895@icloud.com,Australia,2022-05-03,Basic,264.67
4896,Sandra Giovine,sandra.giovine4896@outlook.com,Italy,2025-01-29,Basic,133.11
4897,Dolores Bilbao Sosa,dolores.bilbao.sosa4897@proton.me,Spain,2021-08-26,Standard,535.31
4898,Anthony Romero,anthony.romero4898@icloud.com,Canada,2022-05-03,Basic,117.28
4899,Victoria Mangel,victoria.mangel4899@outlook.com,Netherlands,2026-04-09,Standard,1313.61
4900,Debra May,debra.may4900@yahoo.com,United Kingdom,2022-07-17,Standard,645.14
4901,Patrick Baker,patrick.baker4901@proton.me,United Kingdom,2024-03-07,Premium,2083.75
4902,Jeremy Reed,jeremy.reed4902@icloud.com,Australia,2022-10-10,Standard,1465.21
4903,Brandy Forbes,brandy.forbes4903@hotmail.com,United States,2022-04-29,Standard,1461.27
4904,Ana Sophia Marques,ana.sophia.marques4904@proton.me,Brazil,2022-11-08,Standard,1349.81
4905,Sandra Woods-Walton,sandra.woods.walton4905@proton.me,United Kingdom,2026-06-02,Standard,617.67
4906,Brianna Fitzpatrick,brianna.fitzpatrick4906@proton.me,United States,2025-06-17,Standard,1687.62
4907,Reinaldo Azorin Olmo,reinaldo.azorin.olmo4907@gmail.com,Spain,2024-10-05,Premium,810.87
4908,Emily Grant,emily.grant4908@yahoo.com,United States,2021-11-09,Premium,3258.3
4909,Gero Misicher,gero.misicher4909@icloud.com,Germany,2020-10-21,Standard,1705.61
4910,Bailey Stewart,bailey.stewart4910@gmail.com,Japan,2022-07-22,Basic,227.4
4911,Monica Cannon,monica.cannon4911@hotmail.com,United States,2024-05-02,Standard,246.65
4912,Chakradev Kannan,chakradev.kannan4912@icloud.com,India,2022-04-13,Standard,1487.92
4913,Aimee Stokes,aimee.stokes4913@proton.me,United Kingdom,2021-06-10,Standard,1336.29
4914,Jennifer Jenkins,jennifer.jenkins4914@hotmail.com,United States,2023-03-28,Standard,1794.92
4915,Omar Meraz,omar.meraz4915@gmail.com,Mexico,2021-09-12,Standard,1557.02
4916,Jordan Kerr,jordan.kerr4916@proton.me,United Kingdom,2020-05-01,Standard,1215.59
4917,Naomi Howarth,naomi.howarth4917@yahoo.com,United Kingdom,2021-04-22,Standard,461.2
4918,Chloe Slater,chloe.slater4918@hotmail.com,United Kingdom,2021-05-19,Standard,772.96
4919,Amelie Bohlander B.Eng.,amelie.bohlander.b.eng4919@hotmail.com,Germany,2020-11-15,Premium,4490.31
4920,Margaret Coleman,margaret.coleman4920@yahoo.com,Australia,2023-02-12,Premium,4315.48
4921,Timothy Shannon,timothy.shannon4921@yahoo.com,United States,2021-07-01,Standard,1765.1
4922,Denise Maxwell,denise.maxwell4922@icloud.com,United States,2026-02-07,Premium,4128.68
4923,Cody Farmer,cody.farmer4923@hotmail.com,United States,2024-09-30,Standard,1620.32
4924,Annelies Seidel,annelies.seidel4924@icloud.com,Germany,2020-03-07,Premium,3997.7
4925,Christopher Amble,christopher.amble4925@outlook.com,India,2021-09-05,Standard,605.53
4926,Leonid Scheibe,leonid.scheibe4926@outlook.com,Germany,2023-04-18,Premium,1407.56
4927,Debra Bradley,debra.bradley4927@outlook.com,United States,2020-09-13,Standard,1554.92
4928,David Mcdaniel,david.mcdaniel4928@hotmail.com,Japan,2023-06-12,Premium,3793.31
4929,Melle Peters,melle.peters4929@gmail.com,Netherlands,2026-03-01,Standard,957.87
4930,Michael Woods,michael.woods4930@yahoo.com,United States,2020-09-29,Standard,1440.79
4931,Josh Haynes-Bennett,josh.haynes.bennett4931@proton.me,United Kingdom,2024-04-11,Basic,452.75
4932,Lauren Francis,lauren.francis4932@yahoo.com,United Kingdom,2022-01-18,Standard,873.81
4933,Evelyn Silva,evelyn.silva4933@outlook.com,Brazil,2021-01-14,Standard,224.22
4934,Lisa Joseph,lisa.joseph4934@icloud.com,United States,2023-08-17,Premium,1461.93
4935,Philip Sterkman,philip.sterkman4935@outlook.com,Netherlands,2020-09-17,Basic,685.67
4936,Sra. Sabrina Guerra,sra.sabrina.guerra4936@outlook.com,Brazil,2023-03-27,Basic,197.68
4937,Jesse Brown,jesse.brown4937@hotmail.com,Canada,2021-07-30,Premium,4169.24
4938,Samuel Henry,samuel.henry4938@gmail.com,United States,2023-05-16,Standard,547.98
4939,Corey Johnson,corey.johnson4939@outlook.com,United States,2024-01-19,Standard,1356.5
4940,Noël Laurent-Legendre,noel.laurent.legendre4940@outlook.com,France,2025-05-29,Standard,1518.61
4941,Alexis Nelson,alexis.nelson4941@gmail.com,United States,2021-04-13,Standard,1439.75
4942,Irmgard Salz-Röhrdanz,irmgard.salz.rohrdanz4942@icloud.com,Germany,2025-03-26,Standard,672.75
4943,Patrick Mcneil,patrick.mcneil4943@proton.me,United States,2020-02-03,Standard,1112.22
4944,Gerard Pritchard,gerard.pritchard4944@hotmail.com,United Kingdom,2025-07-22,Standard,851.13
4945,Angela Lin,angela.lin4945@gmail.com,Canada,2025-12-04,Basic,363.88
4946,Andrea Ho,andrea.ho4946@proton.me,United States,2026-01-04,Standard,551.29
4947,Jemma Fletcher,jemma.fletcher4947@icloud.com,United Kingdom,2020-12-11,Standard,1698.23
4948,Dr. Katherine Nguyen,dr.katherine.nguyen4948@hotmail.com,United States,2025-05-25,Standard,431.87
4949,David Sullivan,david.sullivan4949@gmail.com,United States,2025-06-13,Basic,77.39
4950,Helmuth Rudolph,helmuth.rudolph4950@gmail.com,Germany,2024-07-18,Standard,678.14
4951,Stephen Stephenson,stephen.stephenson4951@outlook.com,United Kingdom,2025-02-03,Basic,299.42
4952,Lisa Hunter,lisa.hunter4952@gmail.com,Canada,2021-08-07,Basic,579.83
4953,Charvi Kakar,charvi.kakar4953@yahoo.com,India,2020-10-22,Standard,584.41
4954,Marguerite Bourdon-Louis,marguerite.bourdon.louis4954@yahoo.com,France,2020-02-20,Standard,237.11
4955,Nicolas James,nicolas.james4955@yahoo.com,United States,2025-08-19,Standard,703.15
4956,Aadhya Mann,aadhya.mann4956@outlook.com,India,2020-03-18,Standard,1660.6
4957,Logan Newton,logan.newton4957@outlook.com,United States,2021-01-26,Premium,3716.57
4958,Kelly Liu,kelly.liu4958@hotmail.com,United States,2025-05-21,Premium,1965.64
4959,Kelly Hayes,kelly.hayes4959@proton.me,United States,2026-08-08,Standard,181.5
4960,Camilo Ibarra Domínguez,camilo.ibarra.dominguez4960@hotmail.com,Mexico,2024-10-04,Basic,163.92
4961,Ryan Gonzalez,ryan.gonzalez4961@yahoo.com,Australia,2021-06-11,Premium,1305.53
4962,Amanda Forbes,amanda.forbes4962@outlook.com,United States,2022-08-08,Basic,421.3
4963,Jennifer Moss,jennifer.moss4963@yahoo.com,United States,2020-07-12,Standard,380.73
4964,Kelli Mccoy,kelli.mccoy4964@proton.me,United States,2020-07-08,Basic,101.86
4965,Eddie Sanders,eddie.sanders4965@icloud.com,United States,2023-06-10,Standard,1100.2
4966,Ronald Murray,ronald.murray4966@proton.me,United States,2021-12-14,Standard,1003.09
4967,Ranieri Borzomì-Lucciano,ranieri.borzomi.lucciano4967@gmail.com,Italy,2022-05-29,Premium,3511.87
4968,Louis Brown,louis.brown4968@hotmail.com,United States,2023-03-06,Standard,507.35
4969,Brenda Gallegos,brenda.gallegos4969@hotmail.com,United States,2023-05-07,Basic,226.12
4970,Gordon Schleich MBA.,gordon.schleich.mba4970@gmail.com,Germany,2021-12-10,Standard,994.8
4971,Woldemar Bolander-Mende,woldemar.bolander.mende4971@outlook.com,Germany,2021-12-13,Basic,517.54
4972,Jagdish Amble,jagdish.amble4972@outlook.com,India,2022-10-10,Standard,898.8
4973,Timothée Barthelemy,timothee.barthelemy4973@proton.me,France,2022-09-20,Standard,1095.2
4974,Qushi Gill,qushi.gill4974@outlook.com,India,2021-12-27,Standard,1520.12
4975,Abdul Harris,abdul.harris4975@gmail.com,United Kingdom,2023-10-02,Standard,1795.51
4976,Mtro. Alfonso Cardona,mtro.alfonso.cardona4976@hotmail.com,Mexico,2024-02-28,Basic,404.84
4977,Nathan Wilson,nathan.wilson4977@hotmail.com,United States,2024-05-16,Basic,274.57
4978,Teresa Horton,teresa.horton4978@proton.me,United States,2025-09-23,Premium,4189.65
4979,Ruben Karz,ruben.karz4979@gmail.com,Germany,2022-12-27,Standard,1787.82
4980,Jason Hayes,jason.hayes4980@hotmail.com,United States,2026-07-10,Standard,412.77
4981,Kevin Marquez,kevin.marquez4981@outlook.com,Japan,2024-06-01,Standard,674.34
4982,Jesse Wright,jesse.wright4982@yahoo.com,United States,2026-04-17,Standard,1287.51
4983,Moreno de Arjona,moreno.de.arjona4983@yahoo.com,Spain,2026-06-19,Standard,709.49
4984,Susan Hogan,susan.hogan4984@outlook.com,United States,2022-04-09,Basic,502.28
4985,Lic. Jaime Martínez,lic.jaime.martinez4985@hotmail.com,Mexico,2026-08-23,Premium,1182.05
4986,Jann Seidel,jann.seidel4986@yahoo.com,Germany,2025-02-17,Basic,496.04
4987,Herr Falk Trommler,herr.falk.trommler4987@yahoo.com,Germany,2026-02-18,Basic,243.69
4988,Becky Wilson,becky.wilson4988@proton.me,United States,2023-03-19,Standard,692.06
4989,John Young,john.young4989@yahoo.com,Australia,2026-06-24,Premium,3703.73
4990,Jodie Smith-Gough,jodie.smith.gough4990@icloud.com,United Kingdom,2021-08-25,Standard,926.14
4991,Lajita Walia,lajita.walia4991@icloud.com,India,2026-02-15,Basic,77.09
4992,Jack Mills,jack.mills4992@yahoo.com,United States,2025-08-10,Premium,2256.51
4993,Laura Haney,laura.haney4993@proton.me,Australia,2022-03-16,Standard,295.83
4994,Richard Hunt,richard.hunt4994@hotmail.com,United States,2022-05-02,Standard,776.24
4995,Imke Pruschke B.A.,imke.pruschke.b.a4995@yahoo.com,Germany,2020-01-17,Basic,209.86
4996,Xiti Pandya,xiti.pandya4996@hotmail.com,India,2026-03-18,Basic,37.89
4997,Jamie James,jamie.james4997@hotmail.com,Japan,2023-01-31,Standard,344.41
4998,Samuel Segura,samuel.segura4998@outlook.com,Mexico,2024-06-19,Basic,424.7
4999,Miss Carole Ford,miss.carole.ford4999@hotmail.com,United Kingdom,2024-06-13,Premium,3177.04
5000,Diogo Rezende,diogo.rezende5000@proton.me,Brazil,2026-06-26,Basic,452.16
5001,Tracy Williams,tracy.williams5001@proton.me,United Kingdom,2023-04-29,Standard,819.01
5002,Duilio Flores Almagro,duilio.flores.almagro5002@yahoo.com,Spain,2021-03-21,Standard,1384.28
5003,Mekhala Basak,mekhala.basak5003@icloud.com,India,2023-05-16,Premium,2263.02
5004,Julian Conner,julian.conner5004@icloud.com,Canada,2020-11-23,Basic,99.14
5005,Anirudh Sharaf,anirudh.sharaf5005@proton.me,India,2024-04-18,Basic,407.83
5006,Susan Cunningham,susan.cunningham5006@hotmail.com,United States,2025-01-23,Basic,42.26
5007,Victor Lejeune de Joly,victor.lejeune.de.joly5007@icloud.com,France,2022-07-07,Standard,514.11
5008,Brittany Melton,brittany.melton5008@gmail.com,United States,2024-05-14,Premium,2094.65
5009,William Barrett,william.barrett5009@gmail.com,Australia,2021-04-10,Standard,1335.39
5010,Joanna Pacheco,joanna.pacheco5010@outlook.com,Canada,2026-07-24,Premium,3591.1
5011,Michael Barnes,michael.barnes5011@yahoo.com,United States,2023-01-19,Basic,170.42
5012,Calista Dafne Cases Sáenz,calista.dafne.cases.saenz5012@hotmail.com,Spain,2025-05-28,Standard,488.45
5013,Alfred Bailly,alfred.bailly5013@icloud.com,France,2021-02-15,Standard,1512.12
5014,Erica Alvarez,erica.alvarez5014@proton.me,Canada,2022-12-22,Premium,1029.68
5015,Randy Griffin,randy.griffin5015@hotmail.com,United States,2025-07-14,Standard,212.2
5016,Judith Velázquez Espinal,judith.velazquez.espinal5016@icloud.com,Mexico,2021-01-08,Premium,838.56
5017,Dale Martin,dale.martin5017@proton.me,United Kingdom,2026-08-14,Standard,287.01
5018,Autumn Anderson,autumn.anderson5018@outlook.com,United States,2021-10-23,Basic,51.09
5019,Antonio Garcia,antonio.garcia5019@hotmail.com,Canada,2024-09-04,Basic,297.83
5020,Gwendolyn Klein,gwendolyn.klein5020@gmail.com,Canada,2020-10-23,Basic,431.5
5021,Marcus King,marcus.king5021@yahoo.com,United States,2021-05-14,Basic,544.55
5022,Scott Stephens,scott.stephens5022@proton.me,United States,2023-09-10,Standard,580.87
5023,Stephen Young,stephen.young5023@gmail.com,United States,2022-05-08,Standard,273.23
5024,Karen Ortiz,karen.ortiz5024@hotmail.com,United States,2026-05-05,Basic,89.91
5025,Srta. Bianca Vasconcelos,srta.bianca.vasconcelos5025@icloud.com,Brazil,2021-02-12,Standard,1046.85
5026,Kyle Sanchez,kyle.sanchez5026@outlook.com,United States,2025-05-22,Premium,3396.99
5027,Lisa Grant,lisa.grant5027@hotmail.com,United States,2021-04-20,Standard,373.13
5028,Céline Pereira,celine.pereira5028@icloud.com,France,2023-06-21,Basic,576.42
5029,Alvaro Marco Antonio Abreu Solís,alvaro.marco.antonio.abreu.solis5029@outlook.com,Mexico,2025-03-15,Standard,157.11
5030,Dr. José Prado,dr.jose.prado5030@icloud.com,Mexico,2026-03-25,Basic,84.58
5031,Amber Hernandez,amber.hernandez5031@yahoo.com,United States,2025-12-25,Standard,1192.8
5032,Steven Webster,steven.webster5032@hotmail.com,United Kingdom,2020-11-03,Basic,435.11
5033,Guarino Morabito,guarino.morabito5033@hotmail.com,Italy,2025-09-20,Standard,777.93
5034,Hellena Cavalcanti,hellena.cavalcanti5034@yahoo.com,Brazil,2020-10-20,Standard,1451.22
5035,Amanda Nash,amanda.nash5035@proton.me,United States,2025-08-07,Standard,1751.53
5036,Dhriti Sanghvi,dhriti.sanghvi5036@hotmail.com,India,2021-05-15,Basic,699.16
5037,Sara Evans,sara.evans5037@proton.me,United States,2021-09-13,Premium,1850.65
5038,Amber Butler,amber.butler5038@proton.me,United States,2022-08-30,Premium,2041.41
5039,Sam Hunter-Taylor,sam.hunter.taylor5039@hotmail.com,United Kingdom,2024-11-09,Basic,150.24
5040,Michael Carr,michael.carr5040@icloud.com,United States,2022-11-03,Basic,252.57
5041,Wendolin Menéndez Martínez,wendolin.menendez.martinez5041@yahoo.com,Mexico,2025-07-28,Basic,628.06
5042,Linda Cobb,linda.cobb5042@proton.me,United States,2024-01-28,Standard,1339.1
5043,Jesse Riley,jesse.riley5043@proton.me,United States,2025-03-25,Standard,1135.4
5044,Omisha Mann,omisha.mann5044@icloud.com,India,2025-11-23,Basic,267.25
5045,Ms Sheila Lewis,ms.sheila.lewis5045@outlook.com,United Kingdom,2025-09-06,Standard,1716.9
5046,Anna Evans,anna.evans5046@gmail.com,United States,2020-05-05,Standard,1124.9
5047,Nidhi Bail,nidhi.bail5047@proton.me,India,2023-10-27,Standard,723.98
5048,René Dufour-Chevallier,rene.dufour.chevallier5048@hotmail.com,France,2022-05-02,Standard,1434.19
5049,Katherine Smith,katherine.smith5049@yahoo.com,United Kingdom,2022-01-24,Standard,1345.28
5050,Gundula Holzapfel,gundula.holzapfel5050@hotmail.com,Germany,2024-07-13,Premium,3217.62
5051,Helmtrud Wohlgemut-Kambs,helmtrud.wohlgemut.kambs5051@gmail.com,Germany,2022-11-26,Standard,163.19
5052,James Jones,james.jones5052@gmail.com,United States,2020-12-05,Standard,1798.24
5053,Lope Gibert Sola,lope.gibert.sola5053@gmail.com,Spain,2022-06-30,Premium,3828.12
5054,Carrie Wright,carrie.wright5054@hotmail.com,Canada,2022-01-07,Standard,1449.3
5055,Jeffrey Mills,jeffrey.mills5055@gmail.com,Canada,2020-01-22,Premium,3161.23
5056,Senna Brizee,senna.brizee5056@hotmail.com,Netherlands,2026-01-26,Standard,1259.32
5057,Helena Sarabia Mares,helena.sarabia.mares5057@gmail.com,Mexico,2025-06-13,Premium,1320.66
5058,Rico Schüler,rico.schuler5058@yahoo.com,Germany,2022-02-26,Standard,333.68
5059,Wendy Power,wendy.power5059@proton.me,United Kingdom,2021-10-22,Premium,1328.45
5060,Joshua Carter,joshua.carter5060@yahoo.com,United States,2026-03-27,Premium,848.73
5061,Michael Hill,michael.hill5061@outlook.com,United States,2021-09-29,Standard,740.56
5062,Onveer Sharma,onveer.sharma5062@icloud.com,India,2023-05-02,Premium,1809.8
5063,Kelly Dominguez,kelly.dominguez5063@icloud.com,United States,2023-01-02,Standard,1474.18
5064,Ashley Blair,ashley.blair5064@gmail.com,United States,2021-04-17,Basic,259.24
5065,Victoria Webb,victoria.webb5065@outlook.com,United States,2022-03-06,Standard,1436.62
5066,Anne-Katrin Jüttner,anne.katrin.juttner5066@yahoo.com,Germany,2021-11-05,Basic,383.16
5067,Taylor Andersen,taylor.andersen5067@gmail.com,United States,2024-11-23,Standard,1205.27
5068,Rodolfo Peinado-Diez,rodolfo.peinado.diez5068@outlook.com,Spain,2025-06-27,Standard,217.54
5069,Keith Jennings,keith.jennings5069@icloud.com,Australia,2022-09-11,Premium,4228.55
5070,Lee Stewart,lee.stewart5070@gmail.com,United States,2020-04-07,Basic,94.07
5071,Sophie Bentley,sophie.bentley5071@proton.me,United Kingdom,2023-09-11,Standard,277.38
5072,Dr Catherine Hunt,dr.catherine.hunt5072@yahoo.com,United Kingdom,2025-09-22,Basic,89.53
5073,Gaurang Sarkar,gaurang.sarkar5073@outlook.com,India,2025-04-07,Standard,1469.78
5074,Maureen McDonald,maureen.mcdonald5074@proton.me,United Kingdom,2021-06-11,Standard,439.22
5075,Yagnesh Sarin,yagnesh.sarin5075@proton.me,India,2026-03-25,Basic,175.71
5076,Charles Barrett-Walsh,charles.barrett.walsh5076@outlook.com,United Kingdom,2025-07-31,Basic,402.49
5077,Michèle Leconte,michele.leconte5077@gmail.com,France,2022-07-20,Standard,1115.55
5078,Whitney Gomez,whitney.gomez5078@yahoo.com,United States,2021-02-02,Standard,1240.08
5079,Paulette Coste-Bernier,paulette.coste.bernier5079@proton.me,France,2024-12-26,Standard,1664.23
5080,Justin Stone,justin.stone5080@proton.me,United States,2024-07-06,Standard,172.67
5081,Lina van Dam,lina.van.dam5081@icloud.com,Netherlands,2023-08-16,Basic,642.6
5082,Amber Obrien,amber.obrien5082@icloud.com,Australia,2026-06-01,Standard,1417.46
5083,Jake Campbell,jake.campbell5083@outlook.com,Canada,2022-02-03,Standard,1365.34
5084,Dra. Nicole Aragão,dra.nicole.aragao5084@icloud.com,Brazil,2024-10-26,Standard,230.58
5085,Donald Morley,donald.morley5085@yahoo.com,United Kingdom,2025-10-30,Standard,1046.32
5086,Katherine White,katherine.white5086@gmail.com,United States,2020-07-17,Standard,843.62
5087,Michelle Krause,michelle.krause5087@hotmail.com,United States,2023-01-24,Standard,1624.57
5088,Alexander Garrett,alexander.garrett5088@outlook.com,United States,2021-08-12,Standard,303.84
5089,Ryan Marsh,ryan.marsh5089@proton.me,United States,2026-04-13,Premium,2974.66
5090,George Harper,george.harper5090@yahoo.com,Canada,2024-01-05,Standard,183.82
5091,Rachael Brown-Harding,rachael.brown.harding5091@hotmail.com,United Kingdom,2024-06-20,Standard,415.2
5092,Farhan Randhawa,farhan.randhawa5092@hotmail.com,India,2023-04-26,Standard,908.72
5093,Isadora Campos,isadora.campos5093@yahoo.com,Brazil,2023-08-16,Basic,572.82
5094,Maria Jones,maria.jones5094@proton.me,Canada,2022-01-24,Standard,382.38
5095,Mrs. Felicia Castro DDS,mrs.felicia.castro.dds5095@yahoo.com,United States,2023-05-19,Standard,1415.21
5096,Curtis Campbell,curtis.campbell5096@hotmail.com,United States,2021-05-31,Standard,1338.24
5097,Bernard Morgan,bernard.morgan5097@hotmail.com,United Kingdom,2021-03-18,Standard,707.76
5098,Karl-Heinz Stiebitz,karl.heinz.stiebitz5098@icloud.com,Germany,2020-04-27,Standard,1526.26
5099,Michael Mitchell,michael.mitchell5099@hotmail.com,Canada,2020-03-02,Premium,1408.81
5100,Eugenia Herrmann-Ullrich,eugenia.herrmann.ullrich5100@yahoo.com,Germany,2022-05-22,Standard,388.26
5101,Ashley van de Klashorst,ashley.van.de.klashorst5101@proton.me,Netherlands,2023-04-07,Standard,1686.01
5102,Catarina Martins,catarina.martins5102@outlook.com,Brazil,2026-01-11,Basic,119.03
5103,Eileen Ingram,eileen.ingram5103@gmail.com,United Kingdom,2023-02-18,Premium,3864.12
5104,Harinakshi Kant,harinakshi.kant5104@hotmail.com,India,2022-01-22,Basic,490.86
5105,Om Bose,om.bose5105@hotmail.com,India,2021-10-08,Premium,1893.32
5106,Elizabeth Hunter,elizabeth.hunter5106@yahoo.com,United States,2021-06-20,Premium,1121.95
5107,Guiseppe Butte-Säuberlich,guiseppe.butte.sauberlich5107@yahoo.com,Germany,2021-05-03,Standard,547.22
5108,Aaron Jennings,aaron.jennings5108@hotmail.com,United States,2024-04-15,Standard,933.48
5109,Itzel Padrón,itzel.padron5109@gmail.com,Mexico,2024-06-10,Standard,358.23
5110,Jean Hughes,jean.hughes5110@gmail.com,United Kingdom,2022-06-01,Premium,1653.32
5111,Nathaniel Gilbert,nathaniel.gilbert5111@gmail.com,United States,2023-05-22,Standard,1697.07
5112,Dr Gareth Wilkinson,dr.gareth.wilkinson5112@yahoo.com,United Kingdom,2021-09-11,Premium,1152.31
5113,Yashvi Hari,yashvi.hari5113@gmail.com,India,2026-06-19,Standard,551.81
5114,Mr Robin Macdonald,mr.robin.macdonald5114@yahoo.com,United Kingdom,2025-06-27,Standard,289.84
5115,Christopher Rivera,christopher.rivera5115@gmail.com,United States,2020-03-29,Premium,2952.54
5116,Shannon Miller-Owen,shannon.miller.owen5116@gmail.com,United Kingdom,2024-03-23,Premium,3914.24
5117,Mrs Ruth Moore,mrs.ruth.moore5117@proton.me,United Kingdom,2023-02-24,Basic,68.19
5118,Tanner Mitchell DDS,tanner.mitchell.dds5118@outlook.com,Australia,2023-06-20,Premium,2463.14
5119,Perla Carolina Espinosa Peres,perla.carolina.espinosa.peres5119@yahoo.com,Mexico,2022-07-18,Premium,3737.51
5120,Miss Deborah Cooper,miss.deborah.cooper5120@yahoo.com,United Kingdom,2021-07-13,Basic,80.92
5121,Henry White,henry.white5121@proton.me,United Kingdom,2025-04-03,Standard,1440.04
5122,Heather Fields,heather.fields5122@outlook.com,Australia,2023-09-19,Standard,877.8
5123,Maurice Talbot,maurice.talbot5123@yahoo.com,United Kingdom,2024-12-23,Premium,3538.33
5124,Indali Divan,indali.divan5124@outlook.com,India,2022-03-13,Standard,1303.84
5125,Michael Hendricks,michael.hendricks5125@gmail.com,United States,2025-01-22,Basic,313.84
5126,Vadim Killer-Jessel,vadim.killer.jessel5126@hotmail.com,Germany,2023-10-24,Premium,1454.14
5127,Birgitt Scheibe-Trommler,birgitt.scheibe.trommler5127@hotmail.com,Germany,2020-10-01,Premium,3699.89
5128,Maria Olson,maria.olson5128@gmail.com,United States,2023-08-08,Standard,240.66
5129,Marc Bègue,marc.begue5129@proton.me,France,2020-09-02,Premium,1709.85
5130,Patrick Chauvet,patrick.chauvet5130@hotmail.com,France,2025-05-13,Standard,1271.59
5131,Gero Römer,gero.romer5131@hotmail.com,Germany,2025-05-11,Standard,487.42
5132,Stephanie Herrera,stephanie.herrera5132@yahoo.com,United States,2022-03-23,Standard,353.12
5133,Sophie North,sophie.north5133@yahoo.com,United Kingdom,2020-10-20,Basic,280.52
5134,Harshil Dhingra,harshil.dhingra5134@proton.me,India,2023-03-11,Standard,756.6
5135,Richard Gutierrez,richard.gutierrez5135@hotmail.com,United States,2020-12-09,Premium,3929.47
5136,Rudra Ghose,rudra.ghose5136@yahoo.com,India,2020-03-29,Premium,4274.15
5137,Sandy Evans,sandy.evans5137@outlook.com,United States,2022-10-03,Standard,1037.49
5138,Emily Herrera,emily.herrera5138@yahoo.com,Japan,2022-09-23,Basic,74.38
5139,Michael Marsh,michael.marsh5139@hotmail.com,United States,2023-11-12,Standard,1183.51
5140,Vitória Novais,vitoria.novais5140@hotmail.com,Brazil,2022-05-04,Premium,2571.37
5141,Dott. Edoardo Contrafatto,dott.edoardo.contrafatto5141@proton.me,Italy,2022-11-22,Premium,3238.71
5142,Heather Montes,heather.montes5142@proton.me,United States,2025-07-28,Standard,1090.71
5143,Andre Terrell,andre.terrell5143@outlook.com,Japan,2022-05-11,Basic,119.14
5144,Sarah Duncan,sarah.duncan5144@outlook.com,United States,2020-05-04,Basic,567.58
5145,Kurt Hancock,kurt.hancock5145@hotmail.com,United States,2024-05-28,Standard,861.29
5146,Luiza Sá,luiza.sa5146@yahoo.com,Brazil,2024-02-19,Premium,1334.65
5147,Michele Edwards,michele.edwards5147@outlook.com,United States,2023-07-18,Basic,173.91
5148,Alicia van Boulogne,alicia.van.boulogne5148@yahoo.com,Netherlands,2025-06-25,Basic,271.67
5149,Dr Ricky Singh,dr.ricky.singh5149@hotmail.com,United Kingdom,2025-04-06,Basic,200.62
5150,Marcella Zorbach-Jüttner,marcella.zorbach.juttner5150@outlook.com,Germany,2026-08-08,Standard,421.73
5151,Catharina van Doorn-Wooning,catharina.van.doorn.wooning5151@icloud.com,Netherlands,2023-03-25,Basic,585.56
5152,Jason Crawford,jason.crawford5152@hotmail.com,United States,2021-07-19,Standard,1731.65
5153,Mary Escobar,mary.escobar5153@icloud.com,Canada,2024-09-11,Standard,1030.82
5154,Mr Nigel Foster,mr.nigel.foster5154@gmail.com,United Kingdom,2021-08-08,Basic,61.61
5155,Metin Tintzmann-Warmer,metin.tintzmann.warmer5155@yahoo.com,Germany,2025-01-06,Basic,504.9
5156,Jesse Sampson,jesse.sampson5156@yahoo.com,United States,2023-08-01,Basic,439.38
5157,Faqid Goel,faqid.goel5157@yahoo.com,India,2022-11-20,Standard,594.33
5158,Eric Rodriguez,eric.rodriguez5158@yahoo.com,United States,2026-06-15,Premium,2417.22
5159,Megan Le,megan.le5159@outlook.com,Australia,2020-01-18,Premium,3713.46
5160,Mrs Gemma Thomas,mrs.gemma.thomas5160@hotmail.com,United Kingdom,2025-03-05,Standard,1564.1
5161,María Dolores Piedad Carbó Céspedes,maria.dolores.piedad.carbo.cespedes5161@proton.me,Spain,2020-01-26,Standard,719.07
5162,Mark Steckel,mark.steckel5162@icloud.com,Germany,2025-03-14,Basic,117.43
5163,Paula Gentry,paula.gentry5163@icloud.com,United States,2023-04-08,Standard,235.7
5164,Alexander Webb,alexander.webb5164@yahoo.com,United States,2025-12-09,Premium,1882.64
5165,Felicia Aguilar,felicia.aguilar5165@yahoo.com,Canada,2022-09-22,Premium,3186.9
5166,Cheryl Mclean,cheryl.mclean5166@proton.me,Japan,2020-08-17,Basic,496.63
5167,Kelly Rowe,kelly.rowe5167@gmail.com,United States,2024-06-04,Standard,1413.8
5168,Prof. Greta Bähr,prof.greta.bahr5168@hotmail.com,Germany,2022-03-18,Standard,512.52
5169,Shane Short,shane.short5169@icloud.com,United States,2024-10-12,Standard,336.16
5170,Zoé Delgado,zoe.delgado5170@yahoo.com,Mexico,2020-04-20,Basic,592.68
5171,Megan Anderson,megan.anderson5171@proton.me,Japan,2025-10-22,Standard,1664.87
5172,Julia Reeves,julia.reeves5172@outlook.com,United States,2026-02-02,Standard,1788.2
5173,April Randolph,april.randolph5173@hotmail.com,United States,2026-06-18,Standard,1712.54
5174,Gregory Ponce,gregory.ponce5174@proton.me,Canada,2026-01-21,Standard,972.96
5175,Sara Fuller,sara.fuller5175@gmail.com,Australia,2022-04-27,Standard,1555.51
5176,Ucchal Sen,ucchal.sen5176@outlook.com,India,2023-03-17,Basic,616.78
5177,Diya Dora,diya.dora5177@gmail.com,India,2026-04-22,Basic,644.13
5178,Linda Miller,linda.miller5178@proton.me,United States,2020-07-31,Premium,1494.85
5179,Angel Meyer,angel.meyer5179@outlook.com,United States,2021-01-18,Basic,653.11
5180,Mohammed Roberts-Reynolds,mohammed.roberts.reynolds5180@proton.me,United Kingdom,2020-01-04,Premium,4126.01
5181,Katy Lawrence,katy.lawrence5181@gmail.com,United Kingdom,2025-04-30,Standard,1634.39
5182,Laurence David,laurence.david5182@proton.me,France,2020-09-02,Standard,230.5
5183,Oreste Corradi,oreste.corradi5183@proton.me,Italy,2025-09-18,Standard,1399.6
5184,Maria Parker,maria.parker5184@outlook.com,Australia,2022-11-11,Standard,251.06
5185,Emily Lane,emily.lane5185@yahoo.com,United States,2020-09-18,Standard,785.19
5186,Jenna Larson,jenna.larson5186@gmail.com,Canada,2022-05-24,Basic,153.88
5187,Ekansh Singh,ekansh.singh5187@gmail.com,India,2023-01-29,Standard,508.45
5188,Maureen Begum,maureen.begum5188@outlook.com,United Kingdom,2023-12-13,Standard,475.19
5189,Chavvi Maharaj,chavvi.maharaj5189@gmail.com,India,2021-02-26,Basic,373.52
5190,Ms Lynn Scott,ms.lynn.scott5190@outlook.com,United Kingdom,2025-01-06,Premium,3910.94
5191,Francesca Girschner,francesca.girschner5191@outlook.com,Germany,2020-05-27,Premium,4230.42
5192,Steven Flores,steven.flores5192@hotmail.com,United States,2021-02-24,Standard,1150.41
5193,Gabrielle Hebert,gabrielle.hebert5193@proton.me,France,2022-04-16,Standard,319.67
5194,Donald Flores,donald.flores5194@outlook.com,United States,2025-10-14,Basic,311.4
5195,Mirte Keijser-van Duyvenvoorde,mirte.keijser.van.duyvenvoorde5195@hotmail.com,Netherlands,2021-04-07,Premium,2913.76
5196,Rens van den Nieuwenhuijsen,rens.van.den.nieuwenhuijsen5196@hotmail.com,Netherlands,2024-12-01,Standard,1364.14
5197,Emily Bennett,emily.bennett5197@proton.me,Canada,2022-03-26,Premium,1042.99
5198,Sofia Lima,sofia.lima5198@proton.me,Brazil,2023-08-07,Basic,249.67
5199,Ing. Hermelinda Palomino,ing.hermelinda.palomino5199@yahoo.com,Mexico,2024-03-15,Premium,2119.19
5200,Robin Santiago,robin.santiago5200@icloud.com,Canada,2023-11-25,Standard,875.56
5201,Bruce Hernandez,bruce.hernandez5201@outlook.com,United States,2022-10-08,Standard,545.04
5202,Adrian Dean,adrian.dean5202@proton.me,United States,2026-08-27,Basic,368.7
5203,Kieran Wright-O'Sullivan,kieran.wright.o.sullivan5203@hotmail.com,United Kingdom,2024-06-27,Standard,305.54
5204,Christine Bell,christine.bell5204@proton.me,Japan,2025-05-28,Standard,221.47
5205,Inès Étienne,ines.etienne5205@icloud.com,France,2023-01-01,Basic,313.74
5206,Götz Wilms MBA.,gotz.wilms.mba5206@yahoo.com,Germany,2020-01-18,Basic,549.05
5207,Charles Bush,charles.bush5207@icloud.com,United States,2023-10-28,Standard,1636.57
5208,Enrico Etzler B.A.,enrico.etzler.b.a5208@hotmail.com,Germany,2024-04-22,Standard,1074.29
5209,Indira Tripathi,indira.tripathi5209@outlook.com,India,2023-07-21,Premium,2172.61
5210,Kevin Oconnor,kevin.oconnor5210@gmail.com,Australia,2021-11-05,Standard,1593.4
5211,Vincent Jones,vincent.jones5211@outlook.com,United Kingdom,2024-10-12,Premium,1682.65
5212,Lucy van der Maes,lucy.van.der.maes5212@hotmail.com,Netherlands,2022-02-19,Basic,30.17
5213,Baltasar Luis Miguel Amigó Mesa,baltasar.luis.miguel.amigo.mesa5213@hotmail.com,Spain,2021-05-27,Basic,593.6
5214,Dayita Shenoy,dayita.shenoy5214@yahoo.com,India,2026-03-25,Basic,595.11
5215,Dott. Antonella Pozzecco,dott.antonella.pozzecco5215@hotmail.com,Italy,2025-04-05,Standard,1382.38
5216,Edward Burgess,edward.burgess5216@gmail.com,Australia,2025-08-15,Standard,676.42
5217,Zacharie Tessier,zacharie.tessier5217@hotmail.com,France,2025-08-26,Basic,158.93
5218,Carlos Ryan,carlos.ryan5218@gmail.com,Australia,2020-02-05,Standard,286.86
5219,David Jones,david.jones5219@yahoo.com,United States,2023-02-15,Premium,1892.25
5220,Kieran Jones,kieran.jones5220@yahoo.com,United Kingdom,2020-07-31,Standard,1236.77
5221,Melissa Castro,melissa.castro5221@proton.me,Brazil,2025-01-05,Basic,88.41
5222,Baljiwan Bhandari,baljiwan.bhandari5222@proton.me,India,2024-10-15,Basic,482.55
5223,Bhavini Bose,bhavini.bose5223@hotmail.com,India,2021-03-19,Standard,1321.13
5224,Gebhard Zirme,gebhard.zirme5224@hotmail.com,Germany,2024-07-07,Basic,299.54
5225,Gina Wallace,gina.wallace5225@icloud.com,United States,2024-03-26,Standard,536.97
5226,Sheila Fry,sheila.fry5226@outlook.com,United Kingdom,2020-03-06,Premium,3439.58
5227,John Lowe,john.lowe5227@outlook.com,United States,2021-07-20,Basic,281.41
5228,Martine Bonnet-Chauvin,martine.bonnet.chauvin5228@yahoo.com,France,2025-02-22,Standard,1729.36
5229,Anthony Simmons,anthony.simmons5229@gmail.com,United States,2026-07-01,Premium,1755.98
5230,Sr(a). Hernán Llamas,sr.a.hernan.llamas5230@proton.me,Mexico,2020-02-24,Standard,747.05
5231,Lynne Jackson,lynne.jackson5231@proton.me,United Kingdom,2022-09-23,Standard,1407.73
5232,Mr Joel Jones,mr.joel.jones5232@proton.me,United Kingdom,2026-07-31,Premium,4159.13
5233,Gregory Whitehead,gregory.whitehead5233@proton.me,United Kingdom,2021-01-28,Premium,2268.77
5234,Karlijn van Eck-Salet,karlijn.van.eck.salet5234@yahoo.com,Netherlands,2024-09-12,Premium,2664.5
5235,Kyle Watkins,kyle.watkins5235@outlook.com,United States,2026-04-14,Standard,494.74
5236,Melissa Jensen,melissa.jensen5236@hotmail.com,United States,2023-10-09,Standard,1574.8
5237,Nicolasa Perez-Puente,nicolasa.perez.puente5237@yahoo.com,Spain,2022-06-22,Standard,987.54
5238,Étienne-Charles De Sousa,etienne.charles.de.sousa5238@outlook.com,France,2025-07-08,Basic,430.08
5239,Robert Marquez,robert.marquez5239@icloud.com,United States,2024-07-08,Standard,300.63
5240,Kim Beltran,kim.beltran5240@yahoo.com,United States,2025-08-31,Basic,689.84
5241,Richard Jackson-Thompson,richard.jackson.thompson5241@outlook.com,United Kingdom,2022-09-10,Basic,40.49
5242,Julie Anderson,julie.anderson5242@hotmail.com,United States,2021-07-22,Basic,300.18
5243,Dylan Russell,dylan.russell5243@icloud.com,United Kingdom,2021-08-04,Standard,1038.9
5244,Tamara Mcdonald,tamara.mcdonald5244@icloud.com,United States,2021-11-12,Basic,361.19
5245,Michael Mckinney,michael.mckinney5245@gmail.com,United States,2020-06-10,Basic,490.21
5246,Kiara Mcintyre,kiara.mcintyre5246@proton.me,Australia,2021-08-01,Premium,2247.15
5247,David Walker,david.walker5247@outlook.com,United States,2024-03-24,Basic,240.75
5248,Yashica Rajagopalan,yashica.rajagopalan5248@icloud.com,India,2023-10-16,Standard,1509.44
5249,Janusz Winkler,janusz.winkler5249@gmail.com,Germany,2024-06-29,Basic,161.97
5250,Lisa Durham,lisa.durham5250@proton.me,United States,2022-03-22,Basic,241.18
5251,Maxim Kallert,maxim.kallert5251@proton.me,Germany,2022-06-08,Standard,1326.07
5252,Sra. Milena da Luz,sra.milena.da.luz5252@yahoo.com,Brazil,2020-02-22,Premium,1015.39
5253,Vincent Lecomte,vincent.lecomte5253@icloud.com,France,2020-08-02,Standard,1132.06
5254,Michael Ortega,michael.ortega5254@icloud.com,United States,2024-12-21,Standard,1349.75
5255,Sarah Pieters van der Maes,sarah.pieters.van.der.maes5255@outlook.com,Netherlands,2025-12-17,Basic,142.11
5256,Benjamin Sengupta,benjamin.sengupta5256@yahoo.com,India,2023-10-07,Standard,609.82
5257,Ms Bethan Smith,ms.bethan.smith5257@icloud.com,United Kingdom,2022-01-06,Standard,233.44
5258,Dawn Summers,dawn.summers5258@gmail.com,Australia,2022-12-11,Basic,452.52
5259,Kornelius Kohl-Fliegner,kornelius.kohl.fliegner5259@gmail.com,Germany,2022-09-20,Basic,290.89
5260,Nancy Jennings,nancy.jennings5260@proton.me,Canada,2020-04-11,Standard,1487.78
5261,Sonya Chavez,sonya.chavez5261@yahoo.com,United States,2024-10-23,Standard,725.5
5262,Luis Manuel Ricardo Zepeda,luis.manuel.ricardo.zepeda5262@icloud.com,Mexico,2023-05-26,Basic,628.54
5263,Martha Margarita Quintanilla Gallardo,martha.margarita.quintanilla.gallardo5263@hotmail.com,Mexico,2020-01-16,Basic,640.17
5264,John Bell,john.bell5264@gmail.com,United States,2020-05-28,Basic,484.59
5265,Imelda Venier,imelda.venier5265@proton.me,Italy,2022-09-28,Premium,3067.63
5266,Dr. Senol Süßebier,dr.senol.suebier5266@yahoo.com,Germany,2025-01-08,Standard,628.86
5267,Christopher Tate,christopher.tate5267@icloud.com,United States,2026-07-22,Basic,529.22
5268,Bethany Garcia,bethany.garcia5268@hotmail.com,United States,2022-08-11,Standard,823.52
5269,João Guilherme Vargas,joao.guilherme.vargas5269@proton.me,Brazil,2020-04-27,Basic,95.1
5270,Imran van Haspengouw,imran.van.haspengouw5270@hotmail.com,Netherlands,2025-05-15,Standard,312.18
5271,Univ.Prof. Heinz-Otto Beyer,univ.prof.heinz.otto.beyer5271@hotmail.com,Germany,2021-05-28,Standard,1045.44
5272,Luciana Blasi,luciana.blasi5272@hotmail.com,Italy,2022-08-25,Standard,1017.84
5273,Aimée Girard Le Berger,aimee.girard.le.berger5273@outlook.com,France,2020-04-10,Premium,3222.54
5274,Rebecca Nguyen,rebecca.nguyen5274@proton.me,Japan,2021-10-23,Standard,812.5
5275,Ekanta Soni,ekanta.soni5275@yahoo.com,India,2024-10-07,Standard,882.36
5276,Raquel Pires,raquel.pires5276@icloud.com,Brazil,2020-02-15,Standard,1284.85
5277,Ing. Marija Tschentscher,ing.marija.tschentscher5277@hotmail.com,Germany,2020-12-16,Basic,692.92
5278,Bruce Griffiths,bruce.griffiths5278@yahoo.com,United Kingdom,2026-03-04,Basic,431.5
5279,Rebecca Patel,,Japan,2020-01-03,Standard,1108.29
5280,Jason Oliver,jason.oliver5280@outlook.com,United States,2026-05-05,Standard,373.71
5281,Beverley Sinclair,beverley.sinclair5281@hotmail.com,United Kingdom,2025-05-21,Standard,865.83
5282,Lic. Darío Bravo,lic.dario.bravo5282@hotmail.com,Mexico,2024-04-06,Standard,1055.92
5283,Valerie Reyes,valerie.reyes5283@icloud.com,United States,2024-02-21,Basic,384.24
5284,Chelsea Marshall,chelsea.marshall5284@gmail.com,United Kingdom,2023-04-06,Premium,2431.02
5285,Robert Garza,robert.garza5285@hotmail.com,Japan,2023-09-12,Standard,1111.48
5286,Maria Henderson,maria.henderson5286@yahoo.com,Canada,2026-08-14,Basic,607.51
5287,João Guilherme Macedo,joao.guilherme.macedo5287@outlook.com,Brazil,2021-01-15,Standard,878.31
5288,David Seshadri,david.seshadri5288@outlook.com,India,2025-11-22,Standard,242.54
5289,Hemal Chad,hemal.chad5289@gmail.com,India,2020-01-18,Basic,148.95
5290,Jessica Cobb,jessica.cobb5290@proton.me,United States,2022-01-11,Standard,887.89
5291,João Pedro da Costa,joao.pedro.da.costa5291@hotmail.com,Brazil,2023-12-02,Standard,1787.49
5292,Balveer Kota,balveer.kota5292@proton.me,India,2020-03-09,Basic,423.01
5293,Cynthia Bates,cynthia.bates5293@gmail.com,United States,2021-09-06,Standard,171.77
5294,Reva Viswanathan,reva.viswanathan5294@hotmail.com,India,2020-05-27,Standard,432.01
5295,Dr. Paul Morgan,dr.paul.morgan5295@gmail.com,Australia,2024-07-02,Standard,1141.2
5296,Timothy Andrews,timothy.andrews5296@yahoo.com,United States,2021-10-25,Standard,461.9
5297,Januja Pradhan,januja.pradhan5297@gmail.com,India,2026-04-16,Premium,1422.15
5298,Mr. Joel Peters,mr.joel.peters5298@hotmail.com,United States,2022-03-12,Premium,1303.58
5299,Casey Blanchard,casey.blanchard5299@yahoo.com,United States,2024-04-25,Standard,848.73
5300,Brian Cervantes,brian.cervantes5300@icloud.com,United States,2025-01-22,Standard,924.8
5301,Robin van Lucel-de Grote,robin.van.lucel.de.grote5301@proton.me,Netherlands,2023-03-26,Basic,495.67
5302,Dr Emma Cole,dr.emma.cole5302@proton.me,United Kingdom,2021-01-11,Basic,539.78
5303,Stuart Moore,stuart.moore5303@proton.me,United Kingdom,2024-02-14,Basic,482.85
5304,Jamie Snyder,jamie.snyder5304@outlook.com,Japan,2020-07-22,Basic,391.36
5305,Dipl.-Ing. Leon Hölzenbecher MBA.,dipl.ing.leon.holzenbecher.mba5305@yahoo.com,Germany,2024-01-22,Standard,567.7
5306,Shane Carey,shane.carey5306@outlook.com,United Kingdom,2023-09-14,Basic,214.46
5307,Lila Rege,lila.rege5307@icloud.com,India,2026-01-06,Standard,841.07
5308,Anselmo Herrero,anselmo.herrero5308@icloud.com,Spain,2022-03-24,Standard,1589.76
5309,Jack White,jack.white5309@outlook.com,Canada,2026-04-19,Basic,179.33
5310,Pablo Mata Carrillo,pablo.mata.carrillo5310@outlook.com,Spain,2026-02-18,Basic,450.24
5311,Lucas Gabriel Dias,lucas.gabriel.dias5311@hotmail.com,Brazil,2022-06-03,Standard,796.2
5312,Ms Fiona Walker,ms.fiona.walker5312@outlook.com,United Kingdom,2022-09-11,Premium,3984.5
5313,Amina van Vermandois,amina.van.vermandois5313@hotmail.com,Netherlands,2024-02-03,Standard,157.55
5314,Travis Tucker,travis.tucker5314@icloud.com,Canada,2023-04-05,Standard,1425.68
5315,Charles Natt,charles.natt5315@icloud.com,India,2026-04-16,Standard,1518.05
5316,Ann Montoya,ann.montoya5316@yahoo.com,United States,2024-10-29,Basic,491.09
5317,Anna Liz Carvalho,anna.liz.carvalho5317@gmail.com,Brazil,2023-12-29,Premium,3479.02
5318,Miss Annette Clements,miss.annette.clements5318@gmail.com,United Kingdom,2024-01-19,Basic,46.52
5319,Stephanie Fields,stephanie.fields5319@outlook.com,United States,2024-06-30,Standard,1359.15
5320,Charles Hernandez,charles.hernandez5320@hotmail.com,United States,2022-03-18,Standard,1664.31
5321,Victor Taylor,victor.taylor5321@yahoo.com,Australia,2026-05-12,Premium,2529.53
5322,Jean Lane,jean.lane5322@proton.me,United States,2025-06-30,Basic,595.06
5323,Forum Chandra,forum.chandra5323@outlook.com,India,2023-11-15,Standard,1749.66
5324,Michael Stewart,michael.stewart5324@icloud.com,United States,2020-04-27,Premium,1309.52
5325,Chad Jones,chad.jones5325@outlook.com,Canada,2021-03-26,Standard,1266.36
5326,Roland Leclerc,roland.leclerc5326@proton.me,France,2020-01-20,Standard,716.77
5327,Bhanumati Krishnan,bhanumati.krishnan5327@icloud.com,India,2021-01-20,Standard,716.64
5328,Susan Torres,susan.torres5328@yahoo.com,Japan,2025-03-15,Standard,1423.43
5329,Robert Guillaume,robert.guillaume5329@proton.me,France,2022-08-10,Basic,531.65
5330,Gauri Bumb,gauri.bumb5330@outlook.com,India,2022-02-09,Premium,3469.74
5331,Jessica Haas,jessica.haas5331@gmail.com,Japan,2021-08-05,Standard,731.78
5332,Brandon Smith,brandon.smith5332@yahoo.com,United States,2024-06-30,Standard,1610.12
5333,Elisabeth van Soest,elisabeth.van.soest5333@yahoo.com,Netherlands,2026-03-08,Standard,1264.81
5334,Mrs. Bethany Phillips,mrs.bethany.phillips5334@proton.me,Japan,2023-11-09,Premium,989.12
5335,Maurice Graham-Faulkner,maurice.graham.faulkner5335@yahoo.com,United Kingdom,2025-12-04,Premium,3445.18
5336,Cameron Lucas,cameron.lucas5336@outlook.com,United Kingdom,2023-11-02,Basic,200.19
5337,Shannon Ramsey,shannon.ramsey5337@gmail.com,Australia,2020-11-27,Standard,684.9
5338,Joshua Brown,joshua.brown5338@proton.me,United States,2023-05-31,Standard,739.84
5339,Tracy Ballard,tracy.ballard5339@yahoo.com,Australia,2025-02-01,Standard,1674.28
5340,Prof. Ernst-August Jessel MBA.,prof.ernst.august.jessel.mba5340@hotmail.com,Germany,2022-02-02,Standard,327.63
5341,Hans-Eberhard Stiebitz MBA.,hans.eberhard.stiebitz.mba5341@yahoo.com,Germany,2024-12-16,Standard,307.52
5342,Igor Gomes,igor.gomes5342@gmail.com,Brazil,2023-07-24,Basic,277.82
5343,Paola Holzapfel MBA.,paola.holzapfel.mba5343@proton.me,Germany,2021-11-14,Basic,198.7
5344,Samantha Howard,samantha.howard5344@hotmail.com,United States,2020-04-27,Standard,1017.44
5345,Ashley Wise,ashley.wise5345@proton.me,Canada,2024-12-15,Standard,173.29
5346,Inaya Mukherjee,inaya.mukherjee5346@gmail.com,India,2024-10-02,Standard,288.33
5347,Srta. Hadassa Azevedo,srta.hadassa.azevedo5347@yahoo.com,Brazil,2020-03-23,Basic,183.54
5348,Kai Chad,kai.chad5348@outlook.com,India,2020-10-29,Standard,965.22
5349,Sharon Young,sharon.young5349@outlook.com,United States,2020-05-13,Basic,511.74
5350,Jim Rijks-Vos,jim.rijks.vos5350@icloud.com,Netherlands,2021-08-08,Basic,109.4
5351,Gabrielle-Hortense Boulanger,gabrielle.hortense.boulanger5351@proton.me,France,2024-09-11,Standard,1266.55
5352,Jennifer Flores,jennifer.flores5352@yahoo.com,United States,2022-05-31,Standard,528.1
5353,Richard Smith,richard.smith5353@icloud.com,Australia,2025-12-13,Basic,233.29
5354,Olivia Doherty,olivia.doherty5354@gmail.com,United Kingdom,2023-04-10,Standard,244.35
5355,Leanne Vaughan,leanne.vaughan5355@yahoo.com,United Kingdom,2024-06-29,Standard,226.23
5356,Théophile Bernard,theophile.bernard5356@icloud.com,France,2021-12-20,Basic,185.34
5357,James Gardner,james.gardner5357@yahoo.com,United States,2025-04-14,Standard,762.29
5358,Stuart Marshall-Jones,stuart.marshall.jones5358@yahoo.com,United Kingdom,2020-09-18,Premium,2025.57
5359,Krisha Narasimhan,krisha.narasimhan5359@proton.me,India,2023-03-14,Standard,470.24
5360,Karen Lopez,karen.lopez5360@proton.me,United States,2022-04-11,Standard,560.41
5361,Tim Larsen,tim.larsen5361@outlook.com,Japan,2022-07-10,Basic,82.08
5362,Zachary Santiago,zachary.santiago5362@proton.me,United States,2021-10-04,Standard,1115.67
5363,Dr. Rosita Gute,dr.rosita.gute5363@proton.me,Germany,2021-03-15,Standard,823.2
5364,David-Christophe Gimenez,david.christophe.gimenez5364@gmail.com,France,2025-03-30,Standard,793.21
5365,Jordan Chambers,jordan.chambers5365@outlook.com,Australia,2020-09-20,Basic,169.2
5366,Benjamin Smith,benjamin.smith5366@gmail.com,United States,2024-10-16,Premium,3073.22
5367,Lauren Carson,lauren.carson5367@proton.me,Australia,2025-08-24,Standard,1503.16
5368,Katelyn Kim,katelyn.kim5368@gmail.com,United States,2026-08-28,Standard,805.17
5369,Angela May MD,angela.may.md5369@outlook.com,Japan,2024-12-18,Standard,909.84
5370,Ashley Hall,ashley.hall5370@gmail.com,Australia,2020-04-20,Standard,1082.05
5371,Emmanuel-Bertrand Peltier,emmanuel.bertrand.peltier5371@hotmail.com,France,2020-01-05,Standard,631.83
5372,Maria Luísa Farias,maria.luisa.farias5372@proton.me,Brazil,2020-11-27,Standard,474.22
5373,Richard Munoz,richard.munoz5373@outlook.com,United States,2020-07-28,Premium,4456.31
5374,Christopher Hicks,christopher.hicks5374@proton.me,United States,2024-03-25,Basic,376.5
5375,Sophia Johnson,sophia.johnson5375@icloud.com,Canada,2020-05-20,Basic,527.72
5376,Clive Moore,clive.moore5376@outlook.com,United Kingdom,2020-08-14,Premium,1969.97
5377,Dr Gareth Blake,dr.gareth.blake5377@hotmail.com,United Kingdom,2020-07-12,Standard,1435.53
5378,Joanna Kelly,joanna.kelly5378@icloud.com,United States,2022-04-22,Standard,1279.99
5379,Sükrü Hermann-Birnbaum,sukru.hermann.birnbaum5379@outlook.com,Germany,2023-05-03,Standard,1035.17
5380,Christophe Garcia,christophe.garcia5380@yahoo.com,France,2024-10-02,Standard,308.83
5381,Larry Lane,larry.lane5381@yahoo.com,United States,2026-02-28,Standard,886.57
5382,Cynthia Shaw,cynthia.shaw5382@outlook.com,United States,2021-02-14,Standard,613.35
5383,Joshua Richardson,joshua.richardson5383@icloud.com,United States,2023-06-25,Premium,810.81
5384,Laura Bush,laura.bush5384@proton.me,United States,2026-02-18,Premium,3745.55
5385,John Vaughn,john.vaughn5385@icloud.com,United States,2022-03-17,Standard,276.72
5386,Stephen Hoffman,stephen.hoffman5386@hotmail.com,Australia,2025-11-12,Premium,3685.02
5387,Ing. Kreszentia Dobes B.Sc.,ing.kreszentia.dobes.b.sc5387@hotmail.com,Germany,2020-02-07,Standard,1082.81
5388,Inès Pruvost,ines.pruvost5388@gmail.com,France,2025-05-15,Basic,523.34
5389,Girik Sampath,girik.sampath5389@hotmail.com,India,2025-09-21,Standard,655.32
5390,Annett Wiek,annett.wiek5390@hotmail.com,Germany,2022-01-24,Premium,885.6
5391,Nicholas Terrell,nicholas.terrell5391@outlook.com,United States,2021-02-12,Basic,677.4
5392,Ricarda Armengol-Olivera,ricarda.armengol.olivera5392@hotmail.com,Spain,2021-04-12,Standard,593.84
5393,Abdul Palmer,abdul.palmer5393@gmail.com,United Kingdom,2025-12-23,Basic,241.43
5394,Dr. Julie Miller,dr.julie.miller5394@hotmail.com,United States,2020-01-27,Standard,283.53
5395,Ann Kennedy,ann.kennedy5395@icloud.com,United States,2020-11-25,Standard,1467.6
5396,Miss Anne Harris,miss.anne.harris5396@outlook.com,United Kingdom,2024-01-28,Standard,929.81
5397,Andrew Patil,andrew.patil5397@outlook.com,India,2023-10-18,Standard,339.56
5398,Toni Miller,toni.miller5398@hotmail.com,United States,2025-08-03,Premium,2425.01
5399,Connie Brown,connie.brown5399@gmail.com,Australia,2025-08-14,Standard,1387.64
5400,Nina Leão,nina.leao5400@yahoo.com,Brazil,2026-07-22,Standard,325.81
5401,Susan Turner,susan.turner5401@hotmail.com,Australia,2024-12-09,Standard,1700.93
5402,Hannah Ward-Williams,hannah.ward.williams5402@hotmail.com,United Kingdom,2022-04-29,Standard,472.74
5403,Gustavo Leão,gustavo.leao5403@icloud.com,Brazil,2025-05-11,Basic,580.64
5404,Rebecca Edwards,rebecca.edwards5404@proton.me,United States,2021-07-26,Standard,1231.21
5405,Agnès Roger,agnes.roger5405@outlook.com,France,2024-04-08,Basic,228.8
5406,Charles Shah,charles.shah5406@hotmail.com,Australia,2021-12-21,Standard,487.91
5407,Greg Osborne,greg.osborne5407@outlook.com,United States,2021-03-28,Premium,2491.19
5408,Johnathan Davis,johnathan.davis5408@proton.me,Australia,2023-05-06,Premium,3282.49
5409,Marilyn Stevens-Finch,marilyn.stevens.finch5409@outlook.com,United Kingdom,2025-09-25,Standard,1141.59
5410,Noelia Wilfrido Meza Cabán,noelia.wilfrido.meza.caban5410@proton.me,Mexico,2024-09-22,Standard,1673.08
5411,Jose Harrison,jose.harrison5411@gmail.com,United States,2022-10-22,Standard,772.23
5412,Zacarías Horacio Garza,zacarias.horacio.garza5412@hotmail.com,Mexico,2026-08-26,Standard,947.01
5413,Jennifer Yu,jennifer.yu5413@hotmail.com,United States,2026-03-07,Standard,1736.13
5414,Donna Johnson,donna.johnson5414@outlook.com,United States,2026-01-26,Standard,1276.8
5415,Inés del Bayón,ines.del.bayon5415@yahoo.com,Spain,2024-07-02,Basic,490.81
5416,Nicole Acosta,nicole.acosta5416@outlook.com,United States,2026-06-19,Basic,529.1
5417,Amy Kennedy,amy.kennedy5417@proton.me,United States,2026-08-29,Premium,3182.24
5418,Ing. Helmuth Peukert,ing.helmuth.peukert5418@gmail.com,Germany,2024-04-19,Standard,518.04
5419,Anthony Mooney,anthony.mooney5419@outlook.com,United States,2020-07-23,Standard,1695.46
5420,Lori Mitchell,lori.mitchell5420@gmail.com,United States,2020-12-01,Standard,431.06
5421,Ralph Anderson,ralph.anderson5421@outlook.com,Canada,2025-05-19,Premium,1512.54
5422,Jonathan York,jonathan.york5422@gmail.com,United States,2025-01-02,Standard,1424.92
5423,Pierpaolo Pelli,pierpaolo.pelli5423@proton.me,Italy,2020-08-06,Basic,349.31
5424,André-Christophe Traore,andre.christophe.traore5424@icloud.com,France,2025-11-02,Standard,1523.84
5425,Selim Mälzer-Conradi,selim.malzer.conradi5425@outlook.com,Germany,2026-07-10,Standard,1180.07
5426,Casey Campbell,casey.campbell5426@yahoo.com,United States,2021-07-06,Premium,1259.68
5427,Alexis Rodriguez,alexis.rodriguez5427@hotmail.com,United States,2023-10-07,Basic,265.26
5428,Brandy Chavez,brandy.chavez5428@icloud.com,Australia,2025-12-29,Standard,1791.59
5429,Kevin Hernandez,kevin.hernandez5429@gmail.com,Japan,2024-11-07,Premium,1581.66
5430,Sofie Schenk,sofie.schenk5430@proton.me,Netherlands,2023-07-07,Standard,551.37
5431,Concepción Alberto Arredondo,concepcion.alberto.arredondo5431@yahoo.com,Mexico,2021-01-20,Premium,2505.69
5432,Valentina Antonucci,valentina.antonucci5432@outlook.com,Italy,2025-01-11,Basic,527.77
5433,Natalie Bautista,natalie.bautista5433@gmail.com,Australia,2024-09-10,Standard,1154.52
5434,Robert Green,robert.green5434@icloud.com,United States,2025-09-08,Premium,2923.65
5435,Kari Lloyd,kari.lloyd5435@icloud.com,Japan,2026-08-13,Standard,1613.65
5436,Grace Miller,grace.miller5436@icloud.com,United States,2021-11-13,Standard,337.82
5437,Timothy Moore,timothy.moore5437@gmail.com,United States,2025-08-08,Premium,4467.1
5438,Heather Booth-Khan,heather.booth.khan5438@proton.me,United Kingdom,2021-12-04,Premium,1620.67
5439,Martín Santiago Beltrán,martin.santiago.beltran5439@yahoo.com,Mexico,2024-09-22,Basic,566.57
5440,Wyatt Townsend II,wyatt.townsend.ii5440@hotmail.com,United States,2025-11-28,Standard,1104.35
5441,Patrick Moore,patrick.moore5441@gmail.com,Australia,2023-06-25,Standard,1527.41
5442,Mark Clark,mark.clark5442@proton.me,United States,2021-10-31,Standard,1387.06
5443,Billy Smith,billy.smith5443@outlook.com,United Kingdom,2025-08-24,Standard,1296.49
5444,Haley May,haley.may5444@yahoo.com,Japan,2026-07-28,Standard,1520.93
5445,Audrey Jackson,audrey.jackson5445@outlook.com,United States,2022-06-11,Standard,404.31
5446,Miriam Nogueira,miriam.nogueira5446@outlook.com,Spain,2021-03-09,Standard,599.34
5447,Alícia Teixeira,alicia.teixeira5447@proton.me,Brazil,2022-01-24,Standard,1602.96
5448,Eric Reese,eric.reese5448@proton.me,United States,2022-11-06,Basic,610.66
5449,Kim James,kim.james5449@gmail.com,Japan,2022-01-16,Basic,298.93
5450,Karen Thomas,karen.thomas5450@proton.me,United States,2026-01-29,Standard,1092.89
5451,Alexandra Ho,alexandra.ho5451@outlook.com,United States,2021-02-04,Basic,513.25
5452,Christopher Guerra,christopher.guerra5452@outlook.com,Canada,2022-08-15,Premium,2241.56
5453,Brett Burns,brett.burns5453@icloud.com,Australia,2022-09-19,Premium,3655.71
5454,Dipl.-Ing. Thoralf Keudel B.Sc.,dipl.ing.thoralf.keudel.b.sc5454@hotmail.com,Germany,2025-11-05,Standard,707.16
5455,Liliana Sinisi,liliana.sinisi5455@gmail.com,Italy,2026-08-01,Standard,1241.64
5456,Hollie Howe,hollie.howe5456@icloud.com,United Kingdom,2026-01-14,Standard,1188.9
5457,Teobaldo Rivera Trillo,teobaldo.rivera.trillo5457@gmail.com,Spain,2026-04-22,Basic,437.61
5458,Maria Helena Mendes,maria.helena.mendes5458@proton.me,Brazil,2021-03-16,Standard,1199.48
5459,Michael Nixon,michael.nixon5459@outlook.com,Japan,2021-01-15,Standard,988.57
5460,Amanda Hardin,amanda.hardin5460@yahoo.com,United States,2022-06-02,Basic,342.57
5461,Inocencio Paredes Segura,inocencio.paredes.segura5461@hotmail.com,Spain,2020-04-27,Standard,374.54
5462,Frau Heidelinde Paffrath,frau.heidelinde.paffrath5462@yahoo.com,Germany,2023-04-18,Basic,501.78
5463,Tina Reynolds,tina.reynolds5463@yahoo.com,United States,2021-12-04,Standard,1362.71
5464,Mauro Mancini,mauro.mancini5464@gmail.com,Italy,2025-11-21,Basic,591.65
5465,Shannon Rogers,shannon.rogers5465@gmail.com,United States,2024-08-13,Standard,555.3
5466,Trevor Johnson,trevor.johnson5466@hotmail.com,Australia,2023-07-04,Standard,173.79
5467,Brett Pena,brett.pena5467@gmail.com,Japan,2023-06-23,Standard,427.52
5468,Jeremy Sampson,jeremy.sampson5468@icloud.com,Australia,2023-01-13,Premium,4445.42
5469,Raymond Curry,raymond.curry5469@proton.me,United States,2023-02-18,Standard,1530.69
5470,Frances Barnes,frances.barnes5470@proton.me,United Kingdom,2023-06-14,Standard,729.21
5471,Leah Lee,leah.lee5471@gmail.com,Japan,2021-04-28,Standard,999.34
5472,Pranit Kala,pranit.kala5472@outlook.com,India,2024-09-02,Basic,30.44
5473,Lukas Lommert,lukas.lommert5473@outlook.com,Netherlands,2021-02-26,Standard,730.06
5474,Vedika Handa,vedika.handa5474@icloud.com,India,2020-09-23,Basic,340.53
5475,Chelsea Sheppard,chelsea.sheppard5475@proton.me,United Kingdom,2021-07-03,Standard,685.9
5476,Michael White,michael.white5476@proton.me,United States,2020-08-16,Standard,1510.68
5477,Adam Davies,adam.davies5477@gmail.com,United Kingdom,2020-10-16,Premium,1538.65
5478,Sarah Arnold,sarah.arnold5478@icloud.com,United Kingdom,2022-12-30,Premium,2938.26
5479,Linda Velásquez,linda.velasquez5479@gmail.com,Mexico,2021-12-15,Standard,780.68
5480,Yvonne Riley,yvonne.riley5480@icloud.com,United Kingdom,2024-09-30,Standard,1429.36
5481,Rhonda Martin,rhonda.martin5481@yahoo.com,Canada,2022-08-07,Standard,303.9
5482,Megan Decker,megan.decker5482@gmail.com,United States,2026-01-28,Basic,154.52
5483,Céline Vallet,celine.vallet5483@icloud.com,France,2022-08-02,Basic,231.24
5484,Shane Horton,shane.horton5484@proton.me,United Kingdom,2021-09-01,Standard,774.6
5485,Noël Pons,noel.pons5485@icloud.com,France,2022-02-08,Standard,465.67
5486,Giel le Gallen,giel.le.gallen5486@proton.me,Netherlands,2025-10-20,Standard,529.62
5487,Brent Garcia,brent.garcia5487@yahoo.com,United States,2025-04-19,Standard,1699.47
5488,Ariana Jennings,ariana.jennings5488@hotmail.com,Australia,2024-11-21,Basic,196.72
5489,Daniel Campbell,daniel.campbell5489@hotmail.com,United States,2024-01-22,Basic,143.62
5490,Alexander Davis,alexander.davis5490@icloud.com,United States,2021-12-24,Standard,1173.37
5491,Mary Houston,mary.houston5491@outlook.com,United States,2023-11-08,Premium,1795.26
5492,Dr Shaun Hussain,dr.shaun.hussain5492@gmail.com,United Kingdom,2026-06-23,Basic,135.09
5493,Vanessa Howard,vanessa.howard5493@icloud.com,Australia,2025-11-12,Basic,692.37
5494,Laksh Dubey,laksh.dubey5494@hotmail.com,India,2020-02-03,Standard,854.42
5495,Margaret Erickson,margaret.erickson5495@hotmail.com,Japan,2023-03-06,Standard,682.48
5496,Scott Anderson,scott.anderson5496@hotmail.com,United States,2024-07-16,Standard,576.71
5497,Stephanie Knight,stephanie.knight5497@icloud.com,United States,2025-11-12,Standard,212.1
5498,Chakrika Chaudhuri,chakrika.chaudhuri5498@icloud.com,India,2023-10-25,Standard,1058.29
5499,Lucrezia Varano,lucrezia.varano5499@yahoo.com,Italy,2023-01-30,Basic,524.21
5500,Gayathri Deep,gayathri.deep5500@hotmail.com,India,2024-03-25,Standard,865.5
5501,Edeltraut Krause,edeltraut.krause5501@icloud.com,Germany,2026-07-01,Standard,177.06
5502,Catherine Sauvage,catherine.sauvage5502@hotmail.com,France,2020-04-01,Basic,609.91
5503,Hans-Günther Hauffer,hans.gunther.hauffer5503@gmail.com,Germany,2020-12-14,Basic,444.33
5504,Stephanie Dominguez,stephanie.dominguez5504@gmail.com,Japan,2020-04-17,Basic,170.05
5505,Jason Rhodes,jason.rhodes5505@proton.me,Canada,2025-01-09,Premium,2251.1
5506,Lise Perck-van Ooste,lise.perck.van.ooste5506@hotmail.com,Netherlands,2024-11-05,Basic,25.03
5507,Tracey Riley,tracey.riley5507@icloud.com,United Kingdom,2025-08-31,Standard,183.0
5508,John Mayer,john.mayer5508@hotmail.com,United States,2023-04-13,Standard,1613.25
5509,Geneviève de Petitjean,genevieve.de.petitjean5509@yahoo.com,France,2023-03-09,Standard,1749.93
5510,Brenda Hicks,brenda.hicks5510@proton.me,United Kingdom,2024-11-16,Standard,690.65
5511,Tammy Hill,tammy.hill5511@outlook.com,Japan,2023-08-20,Basic,36.23
5512,Mr Nicholas Fletcher,mr.nicholas.fletcher5512@hotmail.com,United Kingdom,2024-07-31,Basic,414.21
5513,Dott. Melania Galilei,dott.melania.galilei5513@hotmail.com,Italy,2023-11-06,Standard,373.93
5514,Madeleine du Weiss,madeleine.du.weiss5514@outlook.com,France,2021-12-29,Basic,318.38
5515,Gisbert Dippel,gisbert.dippel5515@proton.me,Germany,2026-01-08,Standard,1634.19
5516,Joëlle Bellemans-Geldens,joelle.bellemans.geldens5516@gmail.com,Netherlands,2023-05-16,Basic,595.03
5517,Mr Jack Turner,mr.jack.turner5517@proton.me,United Kingdom,2022-09-12,Standard,1587.63
5518,Juan Carlos Miguel Ángel Pabón,juan.carlos.miguel.angel.pabon5518@hotmail.com,Mexico,2021-12-07,Basic,615.32
5519,Dr Lucy Cross,dr.lucy.cross5519@gmail.com,United Kingdom,2024-08-11,Basic,193.32
5520,Mitesh Gaba,mitesh.gaba5520@icloud.com,India,2022-09-28,Basic,299.86
5521,Jeremy Mitchell,jeremy.mitchell5521@gmail.com,Canada,2024-04-27,Premium,2694.95
5522,Steven Carrillo,steven.carrillo5522@proton.me,United States,2020-12-12,Premium,1094.03
5523,Colton Martinez,colton.martinez5523@hotmail.com,Australia,2026-02-27,Standard,1141.79
5524,Christopher Jones,christopher.jones5524@icloud.com,United States,2022-05-03,Premium,1887.6
5525,Isaac Echeverría Vélez,isaac.echeverria.velez5525@outlook.com,Spain,2021-08-26,Basic,635.0
5526,Regine Fiebig,regine.fiebig5526@outlook.com,Germany,2025-11-17,Standard,933.5
5527,Janet Cook,janet.cook5527@hotmail.com,Japan,2023-09-03,Standard,235.15
5528,Tyler Baker,tyler.baker5528@hotmail.com,United States,2022-06-02,Standard,1272.0
5529,John Mcfarland,john.mcfarland5529@icloud.com,United States,2022-11-23,Standard,1438.46
5530,Dr Jack Bailey,dr.jack.bailey5530@proton.me,United Kingdom,2022-09-28,Standard,1036.41
5531,Antoine Voisin,antoine.voisin5531@yahoo.com,France,2022-03-14,Standard,875.58
5532,Ali Hörle-Mude,ali.horle.mude5532@hotmail.com,Germany,2020-07-14,Standard,512.74
5533,Cassandra Vasquez,cassandra.vasquez5533@hotmail.com,United States,2023-05-19,Standard,739.59
5534,Raik Trapp-Möchlichen,raik.trapp.mochlichen5534@hotmail.com,Germany,2021-12-09,Standard,1618.82
5535,Josh Dean,josh.dean5535@hotmail.com,United Kingdom,2024-12-25,Standard,1299.42
5536,Joann Ferguson,joann.ferguson5536@icloud.com,Canada,2025-06-23,Basic,203.85
5537,Louise Adolph B.Sc.,louise.adolph.b.sc5537@outlook.com,Germany,2023-01-21,Standard,1222.6
5538,Raffaello Spanevello-Badoer,raffaello.spanevello.badoer5538@icloud.com,Italy,2023-10-01,Premium,2110.32
5539,Randy Robinson,randy.robinson5539@proton.me,United States,2025-02-25,Basic,617.77
5540,Luiz Gustavo da Rosa,luiz.gustavo.da.rosa5540@yahoo.com,Brazil,2025-05-04,Standard,842.82
5541,Fernando Hande,fernando.hande5541@gmail.com,Germany,2022-12-22,Basic,40.21
5542,Mariah Nascimento,mariah.nascimento5542@hotmail.com,Brazil,2025-03-28,Standard,658.41
5543,Kamil Vogt-Schlosser,kamil.vogt.schlosser5543@yahoo.com,Germany,2023-05-05,Premium,1973.23
5544,Frau Peggy Hövel,frau.peggy.hovel5544@yahoo.com,Germany,2022-05-01,Premium,2976.93
5545,Jordan Bates,jordan.bates5545@proton.me,Australia,2020-07-09,Standard,608.31
5546,Susan Baldwin,susan.baldwin5546@hotmail.com,United States,2024-03-06,Standard,1347.85
5547,Benjamin Duncan,benjamin.duncan5547@proton.me,United States,2023-04-04,Basic,256.8
5548,Robert Harrison,robert.harrison5548@outlook.com,Canada,2024-09-27,Standard,714.23
5549,Jeremy Mosley,jeremy.mosley5549@yahoo.com,United States,2021-06-17,Basic,315.14
5550,Martin Fitzpatrick,martin.fitzpatrick5550@proton.me,United States,2020-02-25,Basic,49.85
5551,Ing. Burghard Biggen B.A.,ing.burghard.biggen.b.a5551@icloud.com,Germany,2020-11-18,Premium,3521.77
5552,Esmée die Pelser,esmee.die.pelser5552@icloud.com,Netherlands,2024-01-21,Basic,77.51
5553,Noah Sarma,noah.sarma5553@icloud.com,India,2025-08-17,Standard,1363.74
5554,Dra. Ísis Pereira,dra.isis.pereira5554@gmail.com,Brazil,2020-12-21,Standard,1276.7
5555,Miss Carole Scott,miss.carole.scott5555@yahoo.com,United Kingdom,2025-01-08,Basic,211.76
5556,Univ.Prof. Reinhild Scholtz,univ.prof.reinhild.scholtz5556@outlook.com,Germany,2023-06-09,Standard,851.33
5557,Deborah Graves,deborah.graves5557@proton.me,United States,2024-07-30,Standard,1253.73
5558,Marcus Hughes,marcus.hughes5558@hotmail.com,United Kingdom,2026-07-18,Standard,1257.5
5559,Ryan Câmara,ryan.camara5559@hotmail.com,Brazil,2026-02-20,Basic,503.01
5560,Laura Robertson,laura.robertson5560@outlook.com,United States,2021-06-29,Standard,716.1
5561,Nirja Patla,nirja.patla5561@outlook.com,India,2020-03-09,Standard,1171.06
5562,Katherine Graham,katherine.graham5562@yahoo.com,United States,2022-08-11,Standard,155.95
5563,Priscilla Floyd,priscilla.floyd5563@proton.me,United States,2022-01-31,Standard,1648.64
5564,Pedro Henrique Mendonça,pedro.henrique.mendonca5564@outlook.com,Brazil,2023-02-13,Basic,484.28
5565,Sachi Mane,sachi.mane5565@hotmail.com,India,2021-12-16,Basic,70.28
5566,April Finley,april.finley5566@gmail.com,United States,2022-06-04,Basic,384.06
5567,Tina Jones,tina.jones5567@outlook.com,United Kingdom,2025-06-07,Standard,1581.56
5568,Karen Bradley,karen.bradley5568@icloud.com,United States,2021-01-04,Standard,1359.83
5569,Holly Valentine,holly.valentine5569@yahoo.com,Canada,2022-12-05,Standard,1576.83
5570,Jan Zuidweg-van Northeim,jan.zuidweg.van.northeim5570@gmail.com,Netherlands,2022-02-08,Standard,583.05
5571,Heather Maldonado,heather.maldonado5571@proton.me,United States,2021-11-12,Basic,177.5
5572,Mrs. Diane Reyes,mrs.diane.reyes5572@proton.me,Canada,2022-07-13,Basic,694.68
5573,Tracy Montoya,tracy.montoya5573@proton.me,Canada,2024-07-22,Standard,1677.36
5574,Mathias Fernandes,mathias.fernandes5574@hotmail.com,Brazil,2023-05-23,Premium,1133.64
5575,Mark Benjamin,mark.benjamin5575@outlook.com,United States,2020-11-08,Standard,460.03
5576,Joseph Woodward,joseph.woodward5576@icloud.com,United States,2024-03-11,Premium,4132.6
5577,Concepción Vanesa Adame,concepcion.vanesa.adame5577@outlook.com,Mexico,2025-12-29,Basic,260.75
5578,Irma Pirandello,irma.pirandello5578@icloud.com,Italy,2026-01-12,Standard,426.85
5579,Joe Miranda,joe.miranda5579@icloud.com,United States,2023-09-04,Standard,1177.32
5580,Vivaan Walla,vivaan.walla5580@icloud.com,India,2025-11-10,Standard,1612.22
5581,Jinthe van der Wal,jinthe.van.der.wal5581@gmail.com,Netherlands,2021-11-30,Basic,398.95
5582,Victoria Butcher,victoria.butcher5582@outlook.com,United Kingdom,2025-10-26,Basic,681.78
5583,Cassandra Williams,cassandra.williams5583@hotmail.com,United States,2023-11-14,Basic,145.02
5584,Brenda Wright,brenda.wright5584@gmail.com,Canada,2026-08-03,Standard,1028.61
5585,Dott. Marissa Ceravolo,dott.marissa.ceravolo5585@gmail.com,Italy,2026-02-21,Basic,541.66
5586,Linda Smith,linda.smith5586@yahoo.com,Australia,2025-12-22,Premium,1755.34
5587,Bernard Brooks-Edwards,bernard.brooks.edwards5587@outlook.com,United Kingdom,2021-06-04,Basic,687.87
5588,Connor Dominguez,connor.dominguez5588@yahoo.com,United States,2021-02-25,Standard,1595.9
5589,Shelly Spencer,shelly.spencer5589@proton.me,Canada,2022-09-18,Basic,596.72
5590,Maria Luiza Silveira,maria.luiza.silveira5590@proton.me,Brazil,2021-02-20,Premium,2705.54
5591,Lydia Howard,lydia.howard5591@yahoo.com,United States,2023-04-24,Premium,1122.48
5592,Pénélope Torres,penelope.torres5592@gmail.com,France,2022-03-16,Standard,698.36
5593,Dayamai Singh,dayamai.singh5593@outlook.com,India,2022-03-12,Basic,667.78
5594,Judith James,judith.james5594@gmail.com,United Kingdom,2022-02-16,Premium,1937.05
5595,Mark Moss,mark.moss5595@hotmail.com,United States,2025-12-22,Premium,3435.18
5596,Corey Cortez,corey.cortez5596@icloud.com,Japan,2024-07-26,Standard,1055.9
5597,Patrick Mendès,patrick.mendes5597@outlook.com,France,2023-08-02,Standard,1373.35
5598,Arnaude Faure,arnaude.faure5598@yahoo.com,France,2023-06-05,Standard,1612.47
5599,Katherine Brown,katherine.brown5599@icloud.com,United States,2022-01-22,Standard,312.16
5600,Annamaria Dörschner MBA.,annamaria.dorschner.mba5600@icloud.com,Germany,2022-12-29,Standard,240.88
5601,Tom Reed,tom.reed5601@gmail.com,United Kingdom,2021-02-25,Premium,4395.29
5602,Mario Tomás-Sola,mario.tomas.sola5602@proton.me,Spain,2024-04-15,Basic,281.86
5603,Jhalak Sastry,jhalak.sastry5603@gmail.com,India,2020-08-29,Basic,624.53
5604,Ravi Lucca Cardoso,ravi.lucca.cardoso5604@proton.me,Brazil,2025-11-26,Standard,414.06
5605,Elizabeth Ferguson,elizabeth.ferguson5605@proton.me,United States,2021-05-20,Standard,383.3
5606,Isabel van Hoevel en van Zwindrecht,isabel.van.hoevel.en.van.zwindrecht5606@yahoo.com,Netherlands,2021-09-14,Standard,1194.15
5607,Maik Pieper,maik.pieper5607@proton.me,Germany,2024-07-05,Premium,3694.01
5608,Yasmin Alves,yasmin.alves5608@icloud.com,Brazil,2024-04-11,Basic,45.57
5609,Joann Forbes,joann.forbes5609@outlook.com,United States,2025-07-26,Standard,1688.46
5610,Anthony French,anthony.french5610@gmail.com,United States,2020-02-15,Standard,530.15
5611,Claudine François,claudine.francois5611@proton.me,France,2023-12-11,Standard,1404.1
5612,Ryan Rosales,ryan.rosales5612@hotmail.com,Canada,2020-07-20,Basic,131.58
5613,Bruce Roman,bruce.roman5613@proton.me,United States,2025-03-12,Basic,205.45
5614,Irene Davis,irene.davis5614@hotmail.com,United Kingdom,2021-06-11,Standard,465.77
5615,Univ.Prof. Claudio Hornich MBA.,univ.prof.claudio.hornich.mba5615@gmail.com,Germany,2021-08-15,Standard,295.81
5616,Dr Molly Mills,dr.molly.mills5616@proton.me,United Kingdom,2020-07-02,Standard,1793.15
5617,Judy Gregory,judy.gregory5617@proton.me,Japan,2020-04-04,Basic,124.51
5618,Baghyawati Raja,baghyawati.raja5618@icloud.com,India,2024-06-24,Premium,2206.38
5619,Mrs Lucy Robinson,mrs.lucy.robinson5619@gmail.com,United Kingdom,2021-12-11,Basic,586.43
5620,Brittany Riley,brittany.riley5620@hotmail.com,United States,2024-01-08,Basic,623.33
5621,Amanda Thomas,amanda.thomas5621@hotmail.com,United States,2023-10-29,Premium,2944.42
5622,Kaitlin Hardin,kaitlin.hardin5622@gmail.com,United States,2025-08-20,Basic,419.49
5623,Shaun Hudson,shaun.hudson5623@hotmail.com,United Kingdom,2022-11-29,Standard,304.72
5624,Danielle Cooper,danielle.cooper5624@proton.me,United Kingdom,2023-12-22,Standard,371.99
5625,Phillip Nelson,phillip.nelson5625@hotmail.com,Canada,2025-12-14,Standard,992.24
5626,Guillaume Ferrand,guillaume.ferrand5626@hotmail.com,France,2023-11-24,Standard,1771.18
5627,Luz Gaona del Valle,luz.gaona.del.valle5627@icloud.com,Mexico,2022-08-31,Premium,2240.61
5628,Nina Babati,nina.babati5628@hotmail.com,Italy,2021-06-08,Basic,118.19
5629,Neel Iyengar,neel.iyengar5629@gmail.com,India,2021-02-04,Basic,610.99
5630,Brittany Kim,brittany.kim5630@gmail.com,Canada,2023-02-18,Standard,1122.05
5631,Marguerite-Monique Godard,marguerite.monique.godard5631@hotmail.com,France,2020-11-22,Basic,440.39
5632,Michael Anderson,michael.anderson5632@gmail.com,United States,2022-04-29,Standard,1403.88
5633,Dana Martinez,dana.martinez5633@icloud.com,Australia,2026-07-31,Basic,541.58
5634,Lucie du Bodin,lucie.du.bodin5634@icloud.com,France,2021-11-21,Basic,409.44
5635,Aaron Watson,aaron.watson5635@icloud.com,United Kingdom,2021-05-14,Standard,1484.65
5636,Andrea Hubbard,andrea.hubbard5636@outlook.com,Australia,2022-08-13,Standard,361.44
5637,Anthony Parker,anthony.parker5637@outlook.com,United States,2021-01-15,Basic,300.97
5638,Joy Jackson,joy.jackson5638@gmail.com,United States,2026-04-30,Standard,514.75
5639,Zashil Ben,zashil.ben5639@hotmail.com,India,2025-07-14,Premium,2859.39
5640,Amanda Barros,amanda.barros5640@icloud.com,Brazil,2024-07-12,Basic,381.89
5641,Daniel Kane,daniel.kane5641@outlook.com,Australia,2024-04-05,Standard,396.26
5642,Sabrina Rodriguez,sabrina.rodriguez5642@outlook.com,Japan,2025-12-30,Standard,1589.85
5643,Robert Walker PhD,robert.walker.phd5643@yahoo.com,United States,2026-01-06,Basic,538.09
5644,Robert Hendrix,robert.hendrix5644@yahoo.com,United States,2021-09-23,Standard,495.95
5645,Leonid Kitzmann,leonid.kitzmann5645@icloud.com,Germany,2025-10-07,Standard,1033.04
5646,Eileen Wood-Brown,eileen.wood.brown5646@hotmail.com,United Kingdom,2025-06-09,Basic,456.42
5647,Courtney Hayes,courtney.hayes5647@icloud.com,Canada,2024-06-23,Standard,1472.82
5648,Erika Daugherty,erika.daugherty5648@outlook.com,United States,2023-02-23,Standard,1521.07
5649,Prof. Hartmuth Gotthard B.Sc.,prof.hartmuth.gotthard.b.sc5649@yahoo.com,Germany,2020-11-21,Standard,1199.69
5650,Brenda Copeland,brenda.copeland5650@hotmail.com,United States,2023-08-13,Basic,486.48
5651,Philippine Perrin de Bègue,philippine.perrin.de.begue5651@icloud.com,France,2021-10-11,Basic,497.51
5652,Anne-Rose Putz,anne.rose.putz5652@icloud.com,Germany,2025-02-16,Basic,83.72
5653,Gabrielle Perret-Sauvage,gabrielle.perret.sauvage5653@proton.me,France,2023-04-07,Basic,285.4
5654,Pamela Watkins,pamela.watkins5654@yahoo.com,Japan,2024-10-21,Standard,1405.01
5655,Mariane Carvalho,mariane.carvalho5655@proton.me,Brazil,2021-04-27,Basic,442.7
5656,Hans-Martin Möchlichen,hans.martin.mochlichen5656@outlook.com,Germany,2022-07-06,Standard,820.33
5657,Charles Lester,charles.lester5657@gmail.com,Australia,2024-01-07,Basic,319.19
5658,Bryan Thomas,bryan.thomas5658@icloud.com,Japan,2024-07-09,Standard,1138.11
5659,Michael Tran,michael.tran5659@proton.me,United States,2020-02-02,Basic,58.63
5660,Rita Zecchini,rita.zecchini5660@outlook.com,Italy,2025-08-27,Basic,66.19
5661,Timothy Williams,timothy.williams5661@yahoo.com,United States,2020-06-03,Premium,3524.71
5662,Alexander Brown,alexander.brown5662@proton.me,Canada,2021-09-27,Premium,1838.89
5663,Ryan Salazar,ryan.salazar5663@outlook.com,United States,2026-01-26,Basic,170.1
5664,Scott Thomas,scott.thomas5664@icloud.com,Australia,2021-11-16,Standard,826.85
5665,Alexis Tucker,alexis.tucker5665@proton.me,United States,2025-10-30,Basic,319.23
5666,Lucas Maillot-De Sousa,lucas.maillot.de.sousa5666@gmail.com,France,2025-09-04,Basic,210.35
5667,Féline Puig,feline.puig5667@yahoo.com,Netherlands,2023-05-13,Standard,268.78
5668,Emilly Aragão,emilly.aragao5668@yahoo.com,Brazil,2024-12-01,Basic,277.94
5669,Christopher Davis,christopher.davis5669@hotmail.com,Japan,2024-06-27,Basic,353.03
5670,Sara Ledesma Mora,sara.ledesma.mora5670@outlook.com,Spain,2022-12-05,Standard,1603.24
5671,Jeremy Marshall,,United Kingdom,2021-09-23,Basic,52.61
5672,Stacie Butler,stacie.butler5672@hotmail.com,Japan,2022-12-30,Basic,581.67
5673,Manuel Kraushaar,manuel.kraushaar5673@proton.me,Germany,2021-07-18,Standard,229.33
5674,Charlene Iqbal,charlene.iqbal5674@yahoo.com,United Kingdom,2024-06-06,Basic,600.48
5675,Tracy Stevenson-Kerr,tracy.stevenson.kerr5675@icloud.com,United Kingdom,2020-09-14,Premium,3356.23
5676,Patricia Chauveau,patricia.chauveau5676@outlook.com,France,2024-08-01,Standard,1183.79
5677,Hugues Launay,hugues.launay5677@icloud.com,France,2024-02-01,Basic,140.23
5678,Patricia Schwartz,patricia.schwartz5678@outlook.com,United States,2023-08-07,Basic,598.61
5679,Kamya Chauhan,kamya.chauhan5679@proton.me,India,2022-06-09,Standard,1570.48
5680,Joséphine Besson,josephine.besson5680@hotmail.com,France,2023-10-25,Basic,395.59
5681,Mark Mills,mark.mills5681@yahoo.com,United States,2024-05-01,Premium,1761.34
5682,Allegra Brancaccio-Renzi,allegra.brancaccio.renzi5682@outlook.com,Italy,2024-06-16,Standard,994.8
5683,Dean Marshall-Dawson,dean.marshall.dawson5683@hotmail.com,United Kingdom,2020-01-11,Standard,1155.69
5684,Mateus Duarte,mateus.duarte5684@hotmail.com,Brazil,2023-11-07,Premium,3690.72
5685,Cynthia Vang,cynthia.vang5685@icloud.com,Canada,2021-02-13,Standard,256.71
5686,Elisabet Weinhold,elisabet.weinhold5686@outlook.com,Germany,2020-10-07,Premium,3307.07
5687,Todd Bishop,todd.bishop5687@gmail.com,United States,2023-06-10,Standard,422.6
5688,Christopher Porter,christopher.porter5688@gmail.com,United States,2024-10-25,Basic,443.44
5689,Lori Patton,lori.patton5689@proton.me,United States,2022-09-28,Standard,1212.75
5690,Zacharie Reynaud,zacharie.reynaud5690@hotmail.com,France,2023-01-19,Standard,866.72
5691,Sheila Flynn-Lloyd,sheila.flynn.lloyd5691@outlook.com,United Kingdom,2026-07-13,Basic,349.95
5692,Marilyn Gould,marilyn.gould5692@outlook.com,United Kingdom,2022-12-14,Standard,1318.8
5693,Bhavani Chacko,bhavani.chacko5693@outlook.com,India,2022-06-30,Basic,316.54
5694,Hans Josef Zirme,hans.josef.zirme5694@hotmail.com,Germany,2021-02-21,Standard,827.37
5695,Alfred Galvan,alfred.galvan5695@yahoo.com,Canada,2020-01-11,Basic,204.3
5696,Anjali Sengupta,anjali.sengupta5696@gmail.com,India,2025-06-17,Standard,1716.61
5697,Aaron Young,aaron.young5697@gmail.com,United States,2023-11-17,Standard,1129.67
5698,Hagen Hendriks,hagen.hendriks5698@gmail.com,Germany,2020-07-14,Premium,4314.06
5699,Rajeshri Chand,rajeshri.chand5699@hotmail.com,India,2025-02-06,Basic,542.39
5700,Shravya Palla,shravya.palla5700@outlook.com,India,2022-09-11,Standard,1500.77
5701,Oeshi Bera,oeshi.bera5701@proton.me,India,2026-01-06,Standard,435.37
5702,Romolo Faggiani,romolo.faggiani5702@hotmail.com,Italy,2025-08-11,Standard,570.03
5703,Joseph Davis,joseph.davis5703@outlook.com,United States,2025-06-21,Standard,799.29
5704,Leon Patel-Campbell,leon.patel.campbell5704@proton.me,United Kingdom,2024-03-12,Standard,1172.3
5705,Max Roberts,max.roberts5705@yahoo.com,United Kingdom,2021-08-15,Standard,1745.12
5706,Mr Harry Davies,mr.harry.davies5706@gmail.com,United Kingdom,2026-07-12,Basic,589.76
5707,Recep Salz,recep.salz5707@icloud.com,Germany,2023-05-19,Basic,269.43
5708,Marie Moody,marie.moody5708@proton.me,Canada,2024-08-01,Standard,406.38
5709,Philip Fernandez,philip.fernandez5709@icloud.com,Japan,2022-12-11,Standard,343.97
5710,Randy Hopkins,randy.hopkins5710@yahoo.com,United States,2022-09-03,Standard,1364.5
5711,David Thompson,david.thompson5711@proton.me,Australia,2023-05-21,Standard,645.96
5712,Blanka Beyer,blanka.beyer5712@outlook.com,Germany,2024-06-28,Basic,698.04
5713,Klara Kambs,klara.kambs5713@proton.me,Germany,2021-01-28,Standard,1765.47
5714,Benjamin Clément,benjamin.clement5714@hotmail.com,France,2022-10-02,Basic,109.03
5715,Simon Carey,simon.carey5715@outlook.com,United Kingdom,2026-05-31,Standard,218.87
5716,Martin Pereira,martin.pereira5716@hotmail.com,France,2023-03-06,Standard,1414.86
5717,Cory Hogan,cory.hogan5717@hotmail.com,United States,2020-04-14,Premium,3851.19
5718,Tracy Wells,tracy.wells5718@gmail.com,United States,2025-02-27,Standard,1268.38
5719,Yadavi Prakash,yadavi.prakash5719@gmail.com,India,2021-03-05,Standard,208.19
5720,Jay Evans,jay.evans5720@icloud.com,United Kingdom,2023-01-09,Standard,956.65
5721,Univ.Prof. Hinrich Textor,univ.prof.hinrich.textor5721@icloud.com,Germany,2021-12-30,Basic,236.01
5722,Christelle Berthelot,christelle.berthelot5722@hotmail.com,France,2021-10-01,Premium,3753.07
5723,Dustin Gallegos,dustin.gallegos5723@yahoo.com,Canada,2026-03-01,Basic,648.26
5724,Univ.Prof. Clarissa Ernst B.Sc.,univ.prof.clarissa.ernst.b.sc5724@hotmail.com,Germany,2022-10-20,Standard,476.6
5725,Amanda Hornig B.A.,amanda.hornig.b.a5725@yahoo.com,Germany,2024-02-16,Basic,562.02
5726,Théodore Guilbert,theodore.guilbert5726@icloud.com,France,2024-07-27,Premium,1013.83
5727,Michael Williams,michael.williams5727@icloud.com,United States,2026-01-14,Standard,1435.5
5728,Giulio Parini,giulio.parini5728@yahoo.com,Italy,2023-11-15,Basic,533.47
5729,Libni Bumb,libni.bumb5729@gmail.com,India,2023-01-19,Premium,3033.32
5730,Severo de Lorenzo,severo.de.lorenzo5730@outlook.com,Spain,2021-11-06,Standard,661.1
5731,Udarsh Bala,udarsh.bala5731@hotmail.com,India,2024-07-17,Basic,647.95
5732,William Long,william.long5732@proton.me,United Kingdom,2026-05-14,Standard,1418.23
5733,Dominique Hamilton,dominique.hamilton5733@proton.me,Japan,2023-01-02,Standard,186.87
5734,Margot Leconte-Rivière,margot.leconte.riviere5734@proton.me,France,2020-02-15,Standard,1658.39
5735,Marthe Chartier,marthe.chartier5735@yahoo.com,France,2024-01-31,Basic,319.94
5736,Howard Howell,howard.howell5736@yahoo.com,United Kingdom,2024-05-15,Basic,371.72
5737,Lic. Amador Valdés,lic.amador.valdes5737@outlook.com,Mexico,2022-01-13,Basic,476.84
5738,Robert Chang,robert.chang5738@proton.me,United States,2025-04-12,Basic,663.53
5739,Anastasie Hervé,anastasie.herve5739@gmail.com,France,2021-08-02,Basic,608.19
5740,Brenda Thornton,brenda.thornton5740@hotmail.com,Canada,2026-07-17,Premium,3797.92
5741,Marcelle Benard de Verdier,marcelle.benard.de.verdier5741@yahoo.com,France,2021-11-11,Premium,3118.51
5742,Patrick Buckley,patrick.buckley5742@yahoo.com,United States,2024-03-26,Premium,1200.36
5743,Riza Gute,riza.gute5743@proton.me,Germany,2026-02-16,Standard,1764.44
5744,Rafael Duarte,rafael.duarte5744@icloud.com,Brazil,2023-06-07,Standard,1401.07
5745,Keith O'Brien,keith.o.brien5745@outlook.com,United Kingdom,2023-01-22,Standard,764.3
5746,Richard Washington,richard.washington5746@outlook.com,United States,2023-07-22,Standard,1675.48
5747,Steven Griffith,steven.griffith5747@gmail.com,United States,2025-12-20,Standard,1411.45
5748,Frédérique de la Descamps,frederique.de.la.descamps5748@gmail.com,France,2022-05-25,Standard,892.74
5749,Aaron Miller,aaron.miller5749@gmail.com,Canada,2023-10-16,Premium,1562.49
5750,Bryan Lorreijn-Totwiller,bryan.lorreijn.totwiller5750@proton.me,Netherlands,2026-01-20,Premium,2994.51
5751,Gino Jessel,gino.jessel5751@proton.me,Germany,2024-10-22,Standard,1437.53
5752,Ruben Dunn,ruben.dunn5752@outlook.com,Canada,2025-07-27,Basic,200.62
5753,Hélène Nicolas,helene.nicolas5753@yahoo.com,France,2020-04-24,Basic,201.2
5754,Kelsey Rodriguez,kelsey.rodriguez5754@yahoo.com,Canada,2022-09-22,Standard,1758.38
5755,Erika Gonzalez,erika.gonzalez5755@gmail.com,Japan,2022-01-26,Standard,1043.81
5756,Daniela Sobrino Pinilla,daniela.sobrino.pinilla5756@gmail.com,Spain,2022-03-12,Premium,2582.23
5757,Allison Smith,allison.smith5757@outlook.com,Australia,2025-04-03,Basic,56.19
5758,Eric Williams,eric.williams5758@hotmail.com,Canada,2025-06-02,Standard,1752.68
5759,Erika Maxwell,erika.maxwell5759@hotmail.com,United States,2024-03-25,Premium,3033.69
5760,Brent Rojas,brent.rojas5760@hotmail.com,United States,2025-05-31,Standard,258.37
5761,Rosi Ring-Mühle,rosi.ring.muhle5761@gmail.com,Germany,2025-08-05,Premium,1843.17
5762,Riley Bryant,riley.bryant5762@icloud.com,Canada,2024-06-04,Standard,1233.67
5763,Jaime Walker,jaime.walker5763@hotmail.com,United States,2026-06-10,Standard,523.21
5764,Riley van der Leek,riley.van.der.leek5764@yahoo.com,Netherlands,2024-05-04,Basic,466.68
5765,Dylan Mol,dylan.mol5765@outlook.com,Netherlands,2024-10-24,Standard,330.16
5766,Hardik Nayak,hardik.nayak5766@hotmail.com,India,2020-05-31,Standard,1645.24
5767,Cynthia Morris,cynthia.morris5767@icloud.com,Australia,2020-03-24,Standard,1654.34
5768,Fenna van den Pol-Schulten,fenna.van.den.pol.schulten5768@icloud.com,Netherlands,2020-05-15,Basic,510.54
5769,Anthony Harmon,anthony.harmon5769@proton.me,Australia,2020-03-04,Standard,365.64
5770,Stefan Lucas,stefan.lucas5770@gmail.com,Netherlands,2025-01-19,Standard,353.58
5771,John Zamora,john.zamora5771@outlook.com,United States,2026-04-07,Standard,459.92
5772,Carlos María Eugenia Cepeda,carlos.maria.eugenia.cepeda5772@yahoo.com,Mexico,2026-07-01,Standard,1724.9
5773,Amanda Weller,amanda.weller5773@yahoo.com,Germany,2021-04-27,Basic,647.53
5774,Timothy Gibson,timothy.gibson5774@yahoo.com,United States,2024-06-18,Basic,552.15
5775,Dr Kevin Davies,dr.kevin.davies5775@yahoo.com,United Kingdom,2024-07-02,Basic,119.9
5776,Chad Cortez,chad.cortez5776@icloud.com,United States,2020-04-12,Standard,991.57
5777,Iain Jones-Sutton,iain.jones.sutton5777@outlook.com,United Kingdom,2025-10-07,Premium,3999.91
5778,Albina Urrutia Morcillo,albina.urrutia.morcillo5778@yahoo.com,Spain,2022-03-26,Basic,273.44
5779,Vanessa Harris,vanessa.harris5779@icloud.com,United States,2023-05-05,Premium,3905.03
5780,Laksh Barad,laksh.barad5780@gmail.com,India,2024-07-30,Standard,544.87
5781,Eva Wolters,eva.wolters5781@gmail.com,Netherlands,2025-05-20,Standard,1665.16
5782,Matthew Price,matthew.price5782@yahoo.com,United Kingdom,2023-11-14,Premium,4041.5
5783,Nichole Alvarez,nichole.alvarez5783@outlook.com,Australia,2020-07-11,Basic,541.48
5784,Michael Brown,michael.brown5784@icloud.com,United States,2022-09-28,Premium,2914.02
5785,Gavin Murphy,gavin.murphy5785@proton.me,United Kingdom,2026-07-15,Basic,407.23
5786,Samuel Ellis,samuel.ellis5786@yahoo.com,United States,2023-10-20,Basic,607.07
5787,Friedhold Klemm B.Sc.,friedhold.klemm.b.sc5787@hotmail.com,Germany,2025-07-12,Premium,2597.95
5788,Greg Tanner,greg.tanner5788@gmail.com,United States,2023-11-15,Standard,895.64
5789,Rachel Little,rachel.little5789@icloud.com,United States,2023-05-27,Premium,1738.5
5790,Jose Francisco Garay Pacheco,jose.francisco.garay.pacheco5790@hotmail.com,Spain,2020-01-20,Standard,1739.24
5791,Carolyn Cordova,carolyn.cordova5791@yahoo.com,United States,2026-03-24,Standard,494.58
5792,Emma Ebert,emma.ebert5792@icloud.com,Germany,2022-11-26,Premium,2862.2
5793,Kayla Rodriguez,kayla.rodriguez5793@hotmail.com,Australia,2025-02-16,Standard,1250.93
5794,Dr. João Lucas Sá,dr.joao.lucas.sa5794@gmail.com,Brazil,2024-05-07,Standard,661.77
5795,Dott. Rodolfo Molesini,dott.rodolfo.molesini5795@proton.me,Italy,2026-08-01,Basic,332.16
5796,Urmi Dewan,urmi.dewan5796@yahoo.com,India,2020-11-23,Standard,929.49
5797,Angelica Vincent,angelica.vincent5797@yahoo.com,United States,2022-07-13,Premium,2946.53
5798,Ilse Kuhl,ilse.kuhl5798@proton.me,Germany,2025-01-22,Standard,1395.63
5799,Sylwia Krause B.Eng.,sylwia.krause.b.eng5799@outlook.com,Germany,2023-10-25,Premium,801.19
5800,Taylor Carlson,taylor.carlson5800@icloud.com,Canada,2020-06-25,Standard,1306.5
5801,Yeni Tamez,yeni.tamez5801@proton.me,Mexico,2022-06-08,Basic,390.45
5802,Ing. Ilse Quintero,ing.ilse.quintero5802@hotmail.com,Mexico,2020-03-21,Basic,595.46
5803,Zachary Vargas PhD,zachary.vargas.phd5803@gmail.com,United States,2025-02-06,Standard,1550.37
5804,Nicholas Fitzgerald,nicholas.fitzgerald5804@outlook.com,Japan,2026-07-02,Basic,226.75
5805,Dipl.-Ing. Mustafa Oestrovsky,dipl.ing.mustafa.oestrovsky5805@gmail.com,Germany,2021-03-06,Premium,2591.23
5806,Ing. Luis Ulibarri,ing.luis.ulibarri5806@hotmail.com,Mexico,2024-05-25,Standard,891.8
5807,Heather Hall,heather.hall5807@proton.me,United Kingdom,2023-12-09,Standard,911.2
5808,Jose Allen,jose.allen5808@hotmail.com,Canada,2021-09-13,Premium,3327.56
5809,Garrett Riley,garrett.riley5809@icloud.com,United States,2023-10-15,Standard,1781.82
5810,Leslie Hernandez,leslie.hernandez5810@yahoo.com,United States,2026-07-03,Premium,2677.64
5811,Sig. Gustavo Quasimodo,sig.gustavo.quasimodo5811@hotmail.com,Italy,2025-12-04,Basic,525.61
5812,Abigail Baird,abigail.baird5812@hotmail.com,United States,2024-04-01,Basic,517.02
5813,John Mack,john.mack5813@proton.me,United States,2024-07-28,Premium,2721.79
5814,Francisco Losa-Llorente,francisco.losa.llorente5814@icloud.com,Spain,2025-05-05,Premium,3639.86
5815,Undine Pohl,undine.pohl5815@hotmail.com,Germany,2025-02-11,Standard,768.07
5816,Joseph Mendoza,joseph.mendoza5816@proton.me,United States,2022-04-20,Standard,1623.58
5817,Ricarda Carsten,ricarda.carsten5817@hotmail.com,Germany,2022-07-01,Standard,1122.28
5818,Samantha Chavez,samantha.chavez5818@hotmail.com,Japan,2020-10-12,Standard,290.91
5819,Biagio Segrè-Antonioni,biagio.segre.antonioni5819@yahoo.com,Italy,2024-01-04,Premium,2849.42
5820,Frau Hulda Schleich,frau.hulda.schleich5820@yahoo.com,Germany,2020-05-13,Standard,1745.28
5821,Saumya Ahluwalia,saumya.ahluwalia5821@yahoo.com,India,2023-03-23,Standard,532.52
5822,Michèle Noël,michele.noel5822@yahoo.com,France,2020-07-31,Basic,170.58
5823,Anirudh Kunda,anirudh.kunda5823@yahoo.com,India,2022-10-30,Standard,187.22
5824,Prof. Gabriel Jungfer,prof.gabriel.jungfer5824@proton.me,Germany,2020-04-22,Basic,667.55
5825,Dr Mark Frost,dr.mark.frost5825@outlook.com,United Kingdom,2022-07-17,Standard,153.81
5826,Mason Wable,mason.wable5826@proton.me,India,2021-06-18,Premium,2419.29
5827,Justin Smith,justin.smith5827@outlook.com,Japan,2021-07-29,Standard,299.07
5828,Jeffrey Mendez,jeffrey.mendez5828@yahoo.com,Canada,2025-05-29,Basic,57.78
5829,Theresa Williams,theresa.williams5829@outlook.com,Australia,2022-11-05,Standard,1516.25
5830,Mr Raymond Whitehead,mr.raymond.whitehead5830@icloud.com,United Kingdom,2025-05-15,Basic,254.93
5831,Tiffany Anderson,tiffany.anderson5831@icloud.com,United States,2025-11-01,Basic,197.75
5832,Kirsty Ward,kirsty.ward5832@outlook.com,United Kingdom,2021-08-09,Standard,160.66
5833,Matthew Davis,matthew.davis5833@hotmail.com,United States,2024-08-07,Basic,229.31
5834,Eric Warner,eric.warner5834@outlook.com,United States,2020-05-02,Standard,1568.41
5835,Dott. Jolanda Garzoni,dott.jolanda.garzoni5835@icloud.com,Italy,2025-12-11,Standard,886.94
5836,Kayleigh Turner,kayleigh.turner5836@proton.me,United Kingdom,2022-01-09,Premium,3471.79
5837,Antonia Bartoli-Bajamonti,antonia.bartoli.bajamonti5837@yahoo.com,Italy,2021-05-16,Standard,274.02
5838,Arnulf Junken,arnulf.junken5838@gmail.com,Germany,2023-08-28,Standard,1741.36
5839,Adelina de Boada,adelina.de.boada5839@icloud.com,Spain,2026-06-20,Standard,1040.91
5840,Florence Matthäi,florence.matthai5840@icloud.com,Germany,2025-06-05,Premium,4076.53
5841,Dr. Marliese Martin,dr.marliese.martin5841@proton.me,Germany,2020-11-08,Standard,409.88
5842,Marie Higgins,marie.higgins5842@outlook.com,United Kingdom,2024-08-01,Premium,3824.51
5843,Ingetraud Berger,ingetraud.berger5843@proton.me,Germany,2026-06-23,Standard,645.69
5844,Lotti Lübs,lotti.lubs5844@yahoo.com,Germany,2022-03-08,Basic,390.78
5845,Jason Beck,jason.beck5845@hotmail.com,Canada,2020-01-19,Premium,1090.75
5846,Nicole Johnson,nicole.johnson5846@icloud.com,United States,2025-06-20,Standard,1279.88
5847,Raymond Sawyer,raymond.sawyer5847@gmail.com,United States,2021-08-25,Standard,1355.53
5848,Indrajit Mani,indrajit.mani5848@gmail.com,India,2020-12-02,Basic,355.14
5849,Ms Mary Miller,ms.mary.miller5849@outlook.com,United Kingdom,2020-09-30,Standard,1024.22
5850,Charvi Dara,charvi.dara5850@proton.me,India,2020-10-06,Premium,4085.77
5851,Mandy Zorbach,mandy.zorbach5851@yahoo.com,Germany,2025-03-25,Standard,1370.54
5852,Sharon Boyd,sharon.boyd5852@outlook.com,Australia,2021-12-01,Standard,1272.9
5853,Arne Steckel,arne.steckel5853@outlook.com,Germany,2021-11-30,Basic,180.12
5854,Sébastien-Frédéric Gilbert,sebastien.frederic.gilbert5854@gmail.com,France,2025-05-25,Standard,1415.55
5855,Brandon Robson-Patel,brandon.robson.patel5855@icloud.com,United Kingdom,2022-02-11,Standard,1095.23
5856,Dr Paige Patel,dr.paige.patel5856@hotmail.com,United Kingdom,2021-08-03,Basic,489.94
5857,Richard Wood,richard.wood5857@icloud.com,United States,2020-02-12,Standard,1462.77
5858,Isis Barros,isis.barros5858@outlook.com,Brazil,2024-12-29,Basic,128.63
5859,Mark Dalton,mark.dalton5859@hotmail.com,United States,2020-11-05,Standard,1245.04
5860,Mohamed Gardiner,mohamed.gardiner5860@proton.me,United Kingdom,2021-02-12,Standard,909.5
5861,Steven Cook,steven.cook5861@gmail.com,United States,2021-03-13,Standard,968.98
5862,Cristobal Roldán,cristobal.roldan5862@hotmail.com,Mexico,2021-06-25,Premium,1277.77
5863,Jeffery Nelson,jeffery.nelson5863@yahoo.com,United States,2020-07-08,Premium,2880.7
5864,William Jones,william.jones5864@proton.me,Canada,2023-12-16,Premium,1639.33
5865,Kimberly Norton,kimberly.norton5865@icloud.com,United States,2025-01-17,Basic,586.15
5866,Katie Mcneil,katie.mcneil5866@yahoo.com,Canada,2025-05-06,Standard,984.11
5867,William Saini,william.saini5867@gmail.com,India,2023-11-08,Standard,1697.55
5868,Angela Gilmore,angela.gilmore5868@outlook.com,Japan,2021-05-26,Premium,3916.58
5869,Jamie Bastiaense,jamie.bastiaense5869@proton.me,Netherlands,2024-12-22,Premium,3025.71
5870,Francisco Javier Gutiérrez,francisco.javier.gutierrez5870@hotmail.com,Mexico,2023-10-01,Basic,335.16
5871,Alexandrie Raynaud-Descamps,alexandrie.raynaud.descamps5871@gmail.com,France,2023-06-22,Basic,226.84
5872,Ibrahim Bruggeman,ibrahim.bruggeman5872@yahoo.com,Netherlands,2026-07-15,Standard,786.04
5873,Jill Taylor,jill.taylor5873@gmail.com,United Kingdom,2025-10-19,Basic,185.47
5874,Amy Dougherty,amy.dougherty5874@outlook.com,United States,2026-06-13,Basic,678.3
5875,Plácido del Torres,placido.del.torres5875@proton.me,Spain,2025-01-15,Standard,1674.61
5876,Grete Peukert-Weiß,grete.peukert.wei5876@hotmail.com,Germany,2025-05-20,Premium,3580.54
5877,Louise Turner,louise.turner5877@proton.me,United Kingdom,2023-06-06,Premium,4068.36
5878,Allana Souza,allana.souza5878@icloud.com,Brazil,2025-03-09,Standard,421.91
5879,Nicolás Mercedes Griego Laureano,nicolas.mercedes.griego.laureano5879@hotmail.com,Mexico,2024-01-22,Standard,706.97
5880,Herr Claas Schlosser,herr.claas.schlosser5880@proton.me,Germany,2023-06-13,Standard,1005.57
5881,Alexandre-Éric Maillard,alexandre.eric.maillard5881@gmail.com,France,2021-10-03,Standard,1092.73
5882,Victor Brown,victor.brown5882@yahoo.com,Australia,2023-01-11,Basic,461.91
5883,Dev Choudhry,dev.choudhry5883@yahoo.com,India,2023-04-15,Standard,1575.84
5884,Galasso Aporti,galasso.aporti5884@proton.me,Italy,2020-05-05,Basic,408.15
5885,Stacy Rodriguez,stacy.rodriguez5885@gmail.com,United States,2024-09-12,Standard,946.83
5886,Amalia Eberth B.Sc.,amalia.eberth.b.sc5886@yahoo.com,Germany,2023-03-25,Basic,298.72
5887,Jean Marty de Arnaud,jean.marty.de.arnaud5887@proton.me,France,2021-07-20,Premium,1768.29
5888,Manuel Diaz,manuel.diaz5888@gmail.com,United States,2022-06-23,Standard,1139.33
5889,Justin Jones,justin.jones5889@gmail.com,United States,2023-01-04,Basic,449.93
5890,Christine Zavala,christine.zavala5890@gmail.com,United States,2023-09-22,Premium,1694.39
5891,Daria Giorgetti,daria.giorgetti5891@gmail.com,Italy,2025-02-27,Premium,1474.43
5892,Ms Jade Lee,ms.jade.lee5892@gmail.com,United Kingdom,2022-11-25,Standard,1579.37
5893,Univ.Prof. Hans-Dietrich Klotz MBA.,univ.prof.hans.dietrich.klotz.mba5893@gmail.com,Germany,2020-02-17,Standard,1010.81
5894,Brian Mendoza,brian.mendoza5894@icloud.com,United States,2022-07-01,Standard,694.43
5895,Jeanette Harrison,jeanette.harrison5895@proton.me,Canada,2023-01-22,Standard,655.19
5896,Lauren Haley,lauren.haley5896@icloud.com,United States,2022-09-19,Basic,674.91
5897,Amol Varma,amol.varma5897@outlook.com,India,2024-09-05,Standard,1654.13
5898,Lars Fliegner,lars.fliegner5898@hotmail.com,Germany,2020-12-03,Basic,193.21
5899,Maanas Manne,maanas.manne5899@yahoo.com,India,2021-11-11,Standard,1656.08
5900,James Parks,james.parks5900@hotmail.com,Australia,2022-08-25,Standard,167.49
5901,Roland Descamps,roland.descamps5901@yahoo.com,France,2026-04-24,Premium,940.36
5902,Araceli Lira,araceli.lira5902@gmail.com,Mexico,2024-11-05,Standard,897.92
5903,Patrick Perez,patrick.perez5903@proton.me,United States,2023-06-30,Standard,895.16
5904,Virginia Koch II B.Eng.,virginia.koch.ii.b.eng5904@proton.me,Germany,2023-08-23,Standard,1236.79
5905,Derek Frazier,derek.frazier5905@outlook.com,United States,2021-12-22,Standard,356.15
5906,Aarav Pandit,aarav.pandit5906@icloud.com,India,2021-08-11,Basic,531.2
5907,Theodore Jones Jr.,theodore.jones.jr5907@hotmail.com,Australia,2024-01-29,Basic,205.66
5908,Veronica King,veronica.king5908@icloud.com,Canada,2022-03-15,Standard,531.48
5909,Richard Cooper,richard.cooper5909@icloud.com,Canada,2020-03-19,Standard,1558.56
5910,Ana Hill,ana.hill5910@proton.me,Australia,2026-08-13,Basic,559.05
5911,Antoinette Blanchard,antoinette.blanchard5911@yahoo.com,France,2025-10-03,Standard,1294.96
5912,Mr Kieran Hall,mr.kieran.hall5912@yahoo.com,United Kingdom,2022-10-13,Basic,582.55
5913,Arthur Reed,arthur.reed5913@yahoo.com,United States,2022-10-05,Premium,2581.19
5914,Mr. Bryan Mckinney,mr.bryan.mckinney5914@yahoo.com,United States,2022-05-02,Premium,4447.31
5915,Olivia Buchholz B.A.,olivia.buchholz.b.a5915@gmail.com,Germany,2022-01-02,Premium,3605.17
5916,Purificación de Tamayo,purificacion.de.tamayo5916@gmail.com,Spain,2026-05-23,Standard,464.95
5917,Mason Smith,mason.smith5917@yahoo.com,Netherlands,2020-08-13,Standard,722.29
5918,Abdul Douglas-Lamb,abdul.douglas.lamb5918@gmail.com,United Kingdom,2024-06-25,Premium,1719.59
5919,Kim Carter,kim.carter5919@gmail.com,United States,2020-04-26,Standard,298.13
5920,Salvatore Carocci,salvatore.carocci5920@outlook.com,Italy,2025-12-28,Basic,61.54
5921,Omaja Grover,omaja.grover5921@outlook.com,India,2020-08-02,Standard,401.32
5922,Jalsa Bir,jalsa.bir5922@proton.me,India,2023-05-10,Basic,290.46
5923,Rebecca Dougherty,rebecca.dougherty5923@icloud.com,United States,2021-10-02,Standard,764.23
5924,Teresa Jones,teresa.jones5924@outlook.com,United States,2022-08-10,Standard,1490.89
5925,Evangelista Scarpetta,evangelista.scarpetta5925@icloud.com,Italy,2020-11-04,Standard,1543.39
5926,Muhammed van Tours,muhammed.van.tours5926@proton.me,Netherlands,2023-11-15,Basic,260.78
5927,Kimberly Nguyen,kimberly.nguyen5927@proton.me,Australia,2023-06-24,Standard,568.98
5928,Kerry Chavez DDS,kerry.chavez.dds5928@gmail.com,Australia,2025-04-10,Premium,3360.42
5929,Ana Júlia Ferreira,ana.julia.ferreira5929@outlook.com,Brazil,2024-01-06,Standard,350.11
5930,Jacinta Alemany Buendía,jacinta.alemany.buendia5930@hotmail.com,Spain,2022-08-02,Premium,2705.25
5931,Madhavi Singhal,madhavi.singhal5931@outlook.com,India,2024-08-04,Standard,1535.83
5932,Heidemarie Johann,heidemarie.johann5932@proton.me,Germany,2024-08-08,Premium,3952.67
5933,Benjamin Letellier,benjamin.letellier5933@icloud.com,France,2024-02-02,Basic,508.38
5934,Judith Miller,judith.miller5934@yahoo.com,United States,2020-02-07,Basic,25.52
5935,Elfie Drewes,elfie.drewes5935@gmail.com,Germany,2023-07-04,Premium,1369.22
5936,Catherine Hall,catherine.hall5936@icloud.com,United Kingdom,2024-04-27,Standard,741.52
5937,Lila Prakash,lila.prakash5937@icloud.com,India,2024-12-29,Standard,277.62
5938,Donna Frye,donna.frye5938@yahoo.com,United States,2024-09-26,Premium,4253.1
5939,Donald Terry,donald.terry5939@icloud.com,United States,2020-06-04,Premium,1090.99
5940,Valerie Barrett,valerie.barrett5940@hotmail.com,United Kingdom,2021-01-28,Basic,519.56
5941,Amol Parikh,amol.parikh5941@hotmail.com,India,2025-10-04,Standard,1069.49
5942,Lori Ingram,lori.ingram5942@yahoo.com,Canada,2020-06-05,Standard,1756.79
5943,William Higgins-Knowles,william.higgins.knowles5943@gmail.com,United Kingdom,2024-04-29,Basic,399.53
5944,Shaun Meyer DDS,shaun.meyer.dds5944@icloud.com,United States,2025-04-21,Basic,520.35
5945,Wayne Weaver,wayne.weaver5945@proton.me,United States,2023-12-17,Basic,653.4
5946,Gregory Wallace,gregory.wallace5946@outlook.com,United States,2020-05-24,Standard,779.99
5947,Georgina Israel Maya,georgina.israel.maya5947@icloud.com,Mexico,2026-01-05,Basic,281.63
5948,Dorothy Brown,dorothy.brown5948@gmail.com,United States,2020-02-19,Standard,407.54
5949,Patrik Gotthard,patrik.gotthard5949@gmail.com,Germany,2026-03-19,Premium,3274.43
5950,Bernardo Vasconcelos,bernardo.vasconcelos5950@hotmail.com,Brazil,2021-09-24,Standard,905.87
5951,John Smith,john.smith5951@outlook.com,United Kingdom,2020-03-13,Standard,518.41
5952,Gabrielle du Humbert,gabrielle.du.humbert5952@gmail.com,France,2025-12-25,Standard,1418.27
5953,Hemani Khosla,hemani.khosla5953@icloud.com,India,2026-07-20,Standard,1089.99
5954,Crystal Meza,crystal.meza5954@outlook.com,United States,2023-11-20,Basic,435.11
5955,Jennifer Cooper,jennifer.cooper5955@hotmail.com,United States,2020-11-21,Standard,943.33
5956,Evelyn Williams,evelyn.williams5956@hotmail.com,Canada,2024-04-01,Standard,1343.31
5957,Prof. Hanny Rörricht B.Sc.,prof.hanny.rorricht.b.sc5957@gmail.com,Germany,2026-04-17,Standard,960.85
5958,Erin Watkins,erin.watkins5958@hotmail.com,United States,2023-05-31,Standard,224.97
5959,Marianne Barbier,marianne.barbier5959@outlook.com,France,2024-07-05,Standard,651.06
5960,Dan Hermenegildo Hervia Medina,dan.hermenegildo.hervia.medina5960@gmail.com,Spain,2025-08-25,Premium,3115.52
5961,Pauline Heß,pauline.he5961@icloud.com,Germany,2021-08-23,Premium,919.78
5962,Carol Wright,carol.wright5962@outlook.com,United Kingdom,2024-10-21,Standard,1455.16
5963,Sarah Wallace,sarah.wallace5963@hotmail.com,United States,2025-05-07,Standard,549.22
5964,Marcelle Mace,marcelle.mace5964@gmail.com,France,2024-03-30,Standard,1069.4
5965,Carlos Clarke,carlos.clarke5965@yahoo.com,United States,2024-08-29,Premium,1847.73
5966,Dietlind Schmidtke B.Eng.,dietlind.schmidtke.b.eng5966@yahoo.com,Germany,2020-02-21,Basic,121.91
5967,Aurélie Roux,aurelie.roux5967@yahoo.com,France,2024-03-15,Basic,220.8
5968,Clifford Davies,clifford.davies5968@proton.me,United Kingdom,2020-08-24,Basic,224.66
5969,Sr(a). Citlali Corona,sr.a.citlali.corona5969@icloud.com,Mexico,2020-05-29,Standard,1117.15
5970,Robin Thompson,robin.thompson5970@yahoo.com,Canada,2026-05-15,Basic,295.99
5971,Dr. Betti Ernst B.Sc.,dr.betti.ernst.b.sc5971@icloud.com,Germany,2025-09-19,Standard,661.26
5972,David Washington,david.washington5972@yahoo.com,United States,2020-02-24,Standard,1459.36
5973,Mr Adrian Cox,mr.adrian.cox5973@icloud.com,United Kingdom,2022-06-19,Basic,65.12
5974,Patricia Williams,patricia.williams5974@gmail.com,United States,2023-04-07,Standard,409.69
5975,Dr Megan Powell,dr.megan.powell5975@yahoo.com,United Kingdom,2020-03-13,Standard,1756.54
5976,Jesus Jackson,jesus.jackson5976@hotmail.com,United States,2026-05-16,Standard,1212.3
5977,Mr Brian Heath,mr.brian.heath5977@outlook.com,United Kingdom,2024-08-19,Basic,128.01
5978,Gaurangi Deol,gaurangi.deol5978@proton.me,India,2022-03-08,Standard,1011.08
5979,Ties Barents,ties.barents5979@yahoo.com,Netherlands,2021-08-18,Standard,896.36
5980,Megan Sharp-Chandler,megan.sharp.chandler5980@hotmail.com,United Kingdom,2020-08-16,Premium,1271.36
5981,Michelle Mitchell,michelle.mitchell5981@yahoo.com,United States,2023-03-21,Premium,2214.29
5982,Christiane Trüb MBA.,christiane.trub.mba5982@gmail.com,Germany,2022-01-25,Standard,1237.84
5983,Julie Dominguez,julie.dominguez5983@proton.me,Canada,2020-06-27,Basic,94.05
5984,Robin Brown,robin.brown5984@proton.me,Canada,2021-11-10,Basic,367.12
5985,Sara Schwartz,sara.schwartz5985@outlook.com,Japan,2020-10-11,Standard,861.74
5986,Édouard Faivre,edouard.faivre5986@gmail.com,France,2022-01-06,Standard,359.7
5987,Judith Carter,judith.carter5987@outlook.com,Canada,2023-02-02,Standard,1163.45
5988,Indira Nigam,indira.nigam5988@hotmail.com,India,2022-03-04,Standard,688.54
5989,Roy Stoll,roy.stoll5989@icloud.com,Germany,2023-08-15,Basic,571.96
5990,Ana Cecília Sá,ana.cecilia.sa5990@outlook.com,Brazil,2023-05-25,Standard,174.44
5991,Brittany Young,brittany.young5991@outlook.com,United States,2026-03-24,Premium,2785.76
5992,Josué Costa,josue.costa5992@yahoo.com,Brazil,2020-10-15,Standard,911.46
5993,Marie Kensy,marie.kensy5993@outlook.com,Germany,2024-02-12,Premium,4289.18
5994,Eduardo da Costa,eduardo.da.costa5994@gmail.com,Brazil,2025-12-23,Premium,1364.25
5995,Anaïs Parent de Maillard,anais.parent.de.maillard5995@proton.me,France,2026-08-02,Basic,646.06
5996,Michael Farrell,michael.farrell5996@icloud.com,Australia,2022-10-15,Standard,824.46
5997,Miss Elaine Atkins,,United Kingdom,2022-12-16,Standard,1441.14
5998,Eugene Martinez,eugene.martinez5998@icloud.com,United States,2026-05-14,Basic,108.79
5999,Cody Hart,cody.hart5999@icloud.com,United States,2021-05-27,Basic,596.72
6000,Joyce Bishop,joyce.bishop6000@proton.me,United Kingdom,2021-08-08,Basic,515.24
6001,Karl Heinz Riehl,karl.heinz.riehl6001@icloud.com,Germany,2022-05-15,Standard,1748.56
6002,Evan Cooper,evan.cooper6002@gmail.com,United States,2023-02-24,Premium,3595.79
6003,Curtis Williams,curtis.williams6003@gmail.com,Canada,2026-04-22,Standard,664.88
6004,Sig.ra Liana Detti,sig.ra.liana.detti6004@outlook.com,Italy,2020-12-17,Standard,531.9
6005,Miss Valerie Long,miss.valerie.long6005@gmail.com,United Kingdom,2024-12-27,Basic,476.25
6006,Nicholas Johnson,nicholas.johnson6006@hotmail.com,United Kingdom,2020-06-06,Standard,833.22
6007,Kaylee Hays,kaylee.hays6007@outlook.com,Canada,2020-07-14,Basic,634.35
6008,Sylke Jacob,sylke.jacob6008@outlook.com,Germany,2025-08-23,Standard,500.92
6009,Joshua Martin,joshua.martin6009@gmail.com,United States,2022-12-11,Basic,263.74
6010,Flor Sáenz-Núñez,flor.saenz.nunez6010@outlook.com,Spain,2023-07-13,Standard,1711.5
6011,Thomas Sullivan,thomas.sullivan6011@outlook.com,United States,2025-04-18,Standard,1454.42
6012,Univ.Prof. Norbert Thies,univ.prof.norbert.thies6012@outlook.com,Germany,2020-04-21,Standard,1565.45
6013,Petrona Muro Ortiz,petrona.muro.ortiz6013@outlook.com,Spain,2022-11-23,Standard,1108.03
6014,Elba Medina Iglesias,elba.medina.iglesias6014@icloud.com,Spain,2025-01-16,Premium,4287.5
6015,Mr. Jimmy Flores Jr.,mr.jimmy.flores.jr6015@gmail.com,United States,2022-07-25,Standard,1749.96
6016,Ucchal Srinivas,ucchal.srinivas6016@gmail.com,India,2022-01-31,Basic,298.05
6017,Dr Jessica Page,dr.jessica.page6017@gmail.com,United Kingdom,2024-04-27,Premium,1420.97
6018,Patricia Le,patricia.le6018@hotmail.com,Australia,2023-12-07,Standard,257.86
6019,Krishna Bhatnagar,krishna.bhatnagar6019@gmail.com,India,2023-11-25,Standard,1714.12
6020,Vanessa Rivera,vanessa.rivera6020@proton.me,United States,2020-05-28,Premium,4486.87
6021,Balhaar Memon,balhaar.memon6021@proton.me,India,2023-09-23,Standard,1448.23
6022,Kara Roberts,kara.roberts6022@yahoo.com,United States,2024-06-10,Premium,4244.78
6023,Veronica Berry,veronica.berry6023@outlook.com,United States,2024-12-10,Standard,1009.74
6024,Ing. Jaroslav Hauffer,ing.jaroslav.hauffer6024@outlook.com,Germany,2026-04-18,Standard,1198.7
6025,Caleb Iyengar,caleb.iyengar6025@icloud.com,India,2026-08-17,Standard,566.34
6026,Keith Meadows,keith.meadows6026@gmail.com,United States,2022-10-06,Standard,325.76
6027,Juan Carlos Cristian Gallegos,juan.carlos.cristian.gallegos6027@hotmail.com,Mexico,2025-04-03,Premium,1065.72
6028,Eckhardt Zorbach,eckhardt.zorbach6028@yahoo.com,Germany,2025-05-22,Standard,1647.3
6029,Diya Mukherjee,diya.mukherjee6029@yahoo.com,India,2020-05-31,Standard,320.38
6030,Benito de Moles,benito.de.moles6030@gmail.com,Spain,2024-12-16,Premium,3402.89
6031,Ernest Zobel-Nohlmans,ernest.zobel.nohlmans6031@gmail.com,Germany,2020-05-29,Standard,188.98
6032,Ramiro Esteve Feliu,ramiro.esteve.feliu6032@outlook.com,Spain,2023-03-19,Standard,1708.94
6033,Kate van Orleans,kate.van.orleans6033@outlook.com,Netherlands,2026-08-21,Standard,610.87
6034,Michael Dennis,michael.dennis6034@proton.me,United States,2025-10-26,Standard,1081.66
6035,Hans-Adolf Röhrdanz,hans.adolf.rohrdanz6035@proton.me,Germany,2023-11-03,Standard,416.9
6036,Dawn Mullins,dawn.mullins6036@gmail.com,Canada,2025-05-20,Basic,42.9
6037,Brenda Pierce,brenda.pierce6037@yahoo.com,United States,2024-01-15,Standard,152.08
6038,Rafael Tomé,rafael.tome6038@gmail.com,Spain,2023-06-28,Standard,1465.0
6039,Urvashi Kulkarni,urvashi.kulkarni6039@hotmail.com,India,2024-07-13,Basic,169.75
6040,Albert Palmer,albert.palmer6040@gmail.com,United Kingdom,2025-05-10,Standard,903.0
6041,James Randall,james.randall6041@hotmail.com,United States,2022-06-05,Basic,611.61
6042,Jesse Perez,jesse.perez6042@proton.me,Australia,2021-09-25,Standard,967.26
6043,Pauline Vallée,pauline.vallee6043@yahoo.com,France,2026-04-13,Basic,595.91
6044,Sam Booth,sam.booth6044@outlook.com,United Kingdom,2022-09-24,Basic,128.57
6045,Irmtraut Rohleder,irmtraut.rohleder6045@hotmail.com,Germany,2026-03-16,Standard,302.61
6046,Simone Legros Le Fabre,simone.legros.le.fabre6046@yahoo.com,France,2023-01-25,Standard,1455.2
6047,Brandon Brown,brandon.brown6047@hotmail.com,Japan,2024-05-18,Standard,205.07
6048,Lauren Walker,lauren.walker6048@outlook.com,United States,2026-04-09,Standard,938.19
6049,Diana Johnson,diana.johnson6049@outlook.com,United States,2025-03-09,Standard,345.43
6050,Céline Le Perret,celine.le.perret6050@hotmail.com,France,2021-07-12,Standard,798.78
6051,Indy Leene-Carnotte,indy.leene.carnotte6051@icloud.com,Netherlands,2022-02-08,Basic,275.42
6052,Jill Powers,jill.powers6052@outlook.com,United States,2024-06-29,Standard,1127.67
6053,Guy Potier,guy.potier6053@hotmail.com,France,2020-03-04,Premium,1895.09
6054,Linda Pantoja Menéndez,linda.pantoja.menendez6054@proton.me,Mexico,2023-09-04,Standard,158.09
6055,Jorge Lee,jorge.lee6055@icloud.com,Japan,2022-08-30,Standard,368.33
6056,Véronique-Manon Lambert,veronique.manon.lambert6056@gmail.com,France,2026-01-24,Basic,293.33
6057,Jesse Perry,jesse.perry6057@yahoo.com,Australia,2024-01-23,Standard,1147.16
6058,Renan Rios,renan.rios6058@gmail.com,Brazil,2023-09-10,Premium,4218.49
6059,Ms Leanne Patel,ms.leanne.patel6059@gmail.com,United Kingdom,2020-01-30,Premium,1096.76
6060,Rosa Carocci,rosa.carocci6060@gmail.com,Italy,2020-08-14,Premium,2008.8
6061,Larry Harding,larry.harding6061@gmail.com,United States,2026-07-25,Standard,1077.05
6062,Jeffery Ortega,jeffery.ortega6062@proton.me,Australia,2025-10-07,Premium,4305.97
6063,Henrique Martins,henrique.martins6063@gmail.com,Brazil,2020-07-11,Standard,1067.47
6064,Heather Hernandez,heather.hernandez6064@yahoo.com,United States,2025-12-14,Basic,474.56
6065,Dr Trevor Baker,dr.trevor.baker6065@icloud.com,United Kingdom,2020-07-28,Basic,488.45
6066,Jaclyn Watson,jaclyn.watson6066@proton.me,Japan,2026-04-15,Basic,347.7
6067,Gregory Madden,gregory.madden6067@yahoo.com,United States,2020-10-28,Premium,3261.65
6068,Howard Norman,howard.norman6068@hotmail.com,Canada,2025-03-24,Basic,190.38
6069,Lic. Linda Bañuelos,lic.linda.banuelos6069@outlook.com,Mexico,2023-07-22,Basic,72.39
6070,Anita Luna,anita.luna6070@gmail.com,United States,2025-12-12,Standard,1600.0
6071,Willie Lara,willie.lara6071@yahoo.com,United States,2020-11-30,Standard,1773.68
6072,Vera van Ooyen,vera.van.ooyen6072@gmail.com,Netherlands,2025-05-22,Standard,1202.82
6073,Rayaan Mangal,rayaan.mangal6073@proton.me,India,2022-07-03,Basic,129.99
6074,Leonard Christoph-Bolzmann,leonard.christoph.bolzmann6074@gmail.com,Germany,2024-11-22,Standard,848.87
6075,Robert Waller,robert.waller6075@proton.me,United States,2026-08-17,Premium,3936.18
6076,Heidemarie Trupp,heidemarie.trupp6076@gmail.com,Germany,2022-09-25,Premium,3691.74
6077,Louis Joseph-Lefèvre,louis.joseph.lefevre6077@proton.me,France,2026-05-30,Basic,469.55
6078,Lucía Julio Viera,lucia.julio.viera6078@yahoo.com,Mexico,2025-12-25,Premium,4081.42
6079,Sjoerd Diesbergen,,Netherlands,2021-02-20,Premium,4085.83
6080,Steven Taylor,steven.taylor6080@icloud.com,United States,2022-12-01,Standard,1180.62
6081,Carolyn Connor-Hall,carolyn.connor.hall6081@yahoo.com,United Kingdom,2022-02-02,Standard,1646.55
6082,Prof. Henny Wilmsen MBA.,prof.henny.wilmsen.mba6082@outlook.com,Germany,2022-11-23,Standard,1008.39
6083,Christian Leblanc,christian.leblanc6083@yahoo.com,Australia,2024-10-24,Basic,517.51
6084,Calogero Junck,calogero.junck6084@gmail.com,Germany,2021-04-20,Premium,3697.67
6085,Angelica Clark,angelica.clark6085@gmail.com,United States,2024-10-11,Standard,1148.25
6086,Evelyn Martinez,evelyn.martinez6086@outlook.com,Canada,2026-04-20,Standard,290.54
6087,Heather Ali,heather.ali6087@proton.me,United Kingdom,2023-11-25,Standard,1238.88
6088,François Hernandez,francois.hernandez6088@proton.me,France,2024-05-10,Standard,425.38
6089,Helmuth Mohaupt,helmuth.mohaupt6089@hotmail.com,Germany,2020-08-01,Premium,2118.42
6090,Sean Hatfield,sean.hatfield6090@yahoo.com,United States,2020-03-05,Basic,204.85
6091,Ms Georgina Smith,ms.georgina.smith6091@yahoo.com,United Kingdom,2025-03-31,Premium,2326.09
6092,Tyler Avila,tyler.avila6092@hotmail.com,Japan,2024-06-07,Basic,171.05
6093,Jason Rocha,jason.rocha6093@icloud.com,United States,2023-05-01,Premium,3746.32
6094,Justin Page,justin.page6094@outlook.com,United States,2023-11-12,Standard,1122.57
6095,Lorenzo Cannizzaro,lorenzo.cannizzaro6095@hotmail.com,Italy,2022-07-20,Basic,679.87
6096,Kyara Eelman,kyara.eelman6096@yahoo.com,Netherlands,2024-01-10,Basic,600.58
6097,Maria Willis,maria.willis6097@outlook.com,United Kingdom,2020-10-03,Standard,1211.77
6098,Breanna Lopez,breanna.lopez6098@proton.me,United States,2025-01-23,Standard,290.81
6099,Julian Williams,julian.williams6099@proton.me,United States,2022-06-06,Basic,675.14
6100,Birgit Zahn,birgit.zahn6100@yahoo.com,Germany,2025-12-01,Standard,1736.15
6101,Jeffrey Green,jeffrey.green6101@proton.me,United Kingdom,2025-03-11,Basic,95.25
6102,Sandra Torres,sandra.torres6102@icloud.com,United States,2023-04-09,Basic,133.25
6103,Julie Johnson,julie.johnson6103@gmail.com,United States,2026-02-02,Premium,2272.31
6104,Dennis Blanchard,dennis.blanchard6104@proton.me,United States,2025-09-12,Standard,1103.76
6105,Kaitlyn Valdez,kaitlyn.valdez6105@outlook.com,United States,2026-04-07,Premium,2525.45
6106,Allegra Mazzacurati,allegra.mazzacurati6106@yahoo.com,Italy,2021-03-29,Premium,2545.3
6107,Daniel Le Charpentier,daniel.le.charpentier6107@icloud.com,France,2022-04-10,Premium,3155.7
6108,Jennifer Vasquez,jennifer.vasquez6108@hotmail.com,United States,2023-12-17,Basic,221.16
6109,Neil Barnett-Patel,neil.barnett.patel6109@yahoo.com,United Kingdom,2020-01-11,Standard,160.86
6110,Champak Narula,champak.narula6110@gmail.com,India,2026-03-04,Standard,1048.87
6111,Danielle Wilson,danielle.wilson6111@proton.me,United States,2020-10-11,Standard,1332.18
6112,Dr. Heinz-Günter Paffrath,dr.heinz.gunter.paffrath6112@proton.me,Germany,2024-10-26,Basic,166.3
6113,Josh Thomas,josh.thomas6113@gmail.com,United Kingdom,2021-10-05,Standard,1355.59
6114,Barbara Nelson,barbara.nelson6114@gmail.com,United Kingdom,2020-03-20,Premium,2144.7
6115,Zachary Jones,zachary.jones6115@icloud.com,United States,2021-04-15,Standard,1286.25
6116,Ronald Davis,ronald.davis6116@proton.me,Australia,2021-06-11,Premium,4045.32
6117,Lauren Cunningham,lauren.cunningham6117@gmail.com,United States,2020-02-22,Standard,167.71
6118,Senol Ebert,senol.ebert6118@yahoo.com,Germany,2022-09-12,Standard,403.34
6119,Jeet Pillai,jeet.pillai6119@yahoo.com,India,2020-01-12,Basic,153.52
6120,Lori Alvarez,lori.alvarez6120@yahoo.com,United States,2023-01-29,Premium,2490.52
6121,Damian Jurrijens,damian.jurrijens6121@icloud.com,Netherlands,2021-04-14,Basic,543.08
6122,Barbara Hunt,barbara.hunt6122@icloud.com,United States,2020-05-03,Basic,100.5
6123,Gerfried Gehringer-Fritsch,gerfried.gehringer.fritsch6123@hotmail.com,Germany,2022-06-24,Premium,3908.87
6124,Parker Cain,parker.cain6124@icloud.com,Australia,2024-04-28,Basic,343.09
6125,Célina Robert,celina.robert6125@gmail.com,France,2022-10-15,Standard,152.37
6126,Albert Moore,albert.moore6126@outlook.com,United Kingdom,2020-09-20,Basic,287.94
6127,Valeria Tröst,valeria.trost6127@outlook.com,Germany,2026-07-04,Standard,200.54
6128,Steve Paul,steve.paul6128@outlook.com,Canada,2023-09-18,Standard,314.76
6129,Philippine Roger,philippine.roger6129@gmail.com,France,2025-06-29,Standard,385.46
6130,Tatiana Panicucci,tatiana.panicucci6130@proton.me,Italy,2021-11-27,Standard,1117.48
6131,Stuart Taylor,stuart.taylor6131@gmail.com,United Kingdom,2024-01-09,Premium,3827.03
6132,Mugdha Sarraf,mugdha.sarraf6132@hotmail.com,India,2026-06-05,Basic,305.6
6133,Laurie Hoffman,laurie.hoffman6133@yahoo.com,Australia,2021-05-15,Standard,418.01
6134,Miss Linda Kelly,miss.linda.kelly6134@yahoo.com,United Kingdom,2022-09-28,Standard,369.71
6135,Bente Post,bente.post6135@icloud.com,Netherlands,2020-07-15,Standard,1531.8
6136,Sarah Martin,sarah.martin6136@hotmail.com,United States,2024-12-27,Standard,537.77
6137,Porfirio Zamorano-Luna,porfirio.zamorano.luna6137@proton.me,Spain,2020-08-22,Basic,599.31
6138,Elizabeth Morris,elizabeth.morris6138@hotmail.com,United Kingdom,2021-12-15,Basic,528.65
6139,Laurent Rossi,laurent.rossi6139@icloud.com,France,2024-01-31,Premium,1194.08
6140,Francisco Johns,francisco.johns6140@outlook.com,United States,2021-10-13,Basic,240.56
6141,Philippe Vaillant-Laroche,philippe.vaillant.laroche6141@yahoo.com,France,2025-03-11,Standard,1046.44
6142,Jasmine Beltran,jasmine.beltran6142@hotmail.com,Canada,2020-06-14,Standard,1772.24
6143,Christopher Nelson,christopher.nelson6143@icloud.com,United States,2020-03-17,Basic,38.41
6144,Thomas Kelly,thomas.kelly6144@outlook.com,Japan,2025-12-25,Basic,367.56
6145,Arnaude Chauvin,arnaude.chauvin6145@icloud.com,France,2025-04-12,Premium,2811.2
6146,Joseph Mayer,joseph.mayer6146@outlook.com,United States,2021-06-21,Premium,4469.12
6147,Pamela White,pamela.white6147@proton.me,United States,2023-09-07,Basic,543.51
6148,Martin Moreau,martin.moreau6148@outlook.com,France,2022-01-11,Premium,3524.87
6149,Dr Adrian Booth,dr.adrian.booth6149@hotmail.com,United Kingdom,2024-12-19,Standard,968.28
6150,Harinakshi Grover,harinakshi.grover6150@gmail.com,India,2021-03-14,Standard,1445.67
6151,René Olivares Romero,rene.olivares.romero6151@icloud.com,Mexico,2022-07-04,Premium,1930.17
6152,Timothy Frost-Smith,timothy.frost.smith6152@hotmail.com,United Kingdom,2021-08-07,Standard,562.69
6153,Bryan Gomez,bryan.gomez6153@proton.me,Australia,2021-03-02,Premium,2239.5
6154,Jonathan Glass MD,jonathan.glass.md6154@outlook.com,Canada,2025-12-13,Standard,1654.08
6155,Paul Stephens,paul.stephens6155@gmail.com,United States,2023-11-28,Standard,1741.03
6156,Samantha Cohen,samantha.cohen6156@yahoo.com,United States,2022-04-05,Standard,1010.79
6157,Nicole Parrish,nicole.parrish6157@gmail.com,Australia,2020-02-01,Basic,157.14
6158,Ing. Willfried Pohl B.Eng.,ing.willfried.pohl.b.eng6158@proton.me,Germany,2020-10-15,Premium,2678.07
6159,Monica Miller,monica.miller6159@icloud.com,Canada,2026-07-31,Standard,525.01
6160,Astrid Bouvier,astrid.bouvier6160@hotmail.com,France,2023-02-24,Standard,324.62
6161,Michael Barker,michael.barker6161@yahoo.com,United States,2026-06-01,Standard,1204.43
6162,Samantha Gardner,samantha.gardner6162@icloud.com,Canada,2021-06-02,Standard,1195.11
6163,Sigfrido Ferrera Marti,sigfrido.ferrera.marti6163@proton.me,Spain,2024-06-01,Basic,640.85
6164,Sra. Maria Eduarda Cavalcante,sra.maria.eduarda.cavalcante6164@yahoo.com,Brazil,2022-05-15,Standard,951.49
6165,Bobby Guerrero,bobby.guerrero6165@icloud.com,Canada,2023-12-15,Basic,123.24
6166,Miss Janice Hall,miss.janice.hall6166@proton.me,United Kingdom,2026-04-16,Basic,370.67
6167,Lance Simmons,lance.simmons6167@gmail.com,Canada,2026-02-14,Basic,199.29
6168,Kevin Morrow,kevin.morrow6168@icloud.com,United States,2025-03-29,Standard,550.48
6169,Pénélope-Océane Lacombe,penelope.oceane.lacombe6169@icloud.com,France,2020-02-05,Standard,925.94
6170,Fatih Gunpf,fatih.gunpf6170@outlook.com,Germany,2026-07-13,Basic,598.52
6171,Vincenza Fieramosca,vincenza.fieramosca6171@proton.me,Italy,2023-05-02,Basic,236.03
6172,Luce Noël,luce.noel6172@proton.me,France,2022-10-31,Basic,234.05
6173,Joseph Watson,joseph.watson6173@gmail.com,United States,2025-01-24,Standard,1644.28
6174,Mr. Thomas Garcia,mr.thomas.garcia6174@hotmail.com,United States,2021-07-08,Standard,1422.46
6175,Antony Herbert,antony.herbert6175@proton.me,United Kingdom,2022-08-09,Standard,895.68
6176,Dr Joan Gibson,dr.joan.gibson6176@icloud.com,United Kingdom,2021-03-22,Standard,201.14
6177,Mathijs van Beek,mathijs.van.beek6177@outlook.com,Netherlands,2022-10-18,Standard,1226.23
6178,Heather Williams,heather.williams6178@icloud.com,Canada,2025-10-13,Standard,1184.01
6179,Aimée Germain,aimee.germain6179@icloud.com,France,2020-08-09,Standard,1149.85
6180,Tracy Burke,tracy.burke6180@hotmail.com,Australia,2024-01-30,Standard,668.47
6181,Heather Bolton,heather.bolton6181@yahoo.com,Canada,2025-07-28,Standard,1248.89
6182,Samuel van den Nuwenhuijzen-de Gruil,samuel.van.den.nuwenhuijzen.de.gruil6182@gmail.com,Netherlands,2024-03-29,Standard,660.56
6183,Sylvie van Geffen-Spreeuw,sylvie.van.geffen.spreeuw6183@outlook.com,Netherlands,2020-06-08,Standard,1726.15
6184,Daniel Lopez,daniel.lopez6184@hotmail.com,United States,2021-02-04,Basic,592.13
6185,Bianca Schomber,bianca.schomber6185@hotmail.com,Germany,2021-01-19,Basic,488.11
6186,Bruna Vasconcelos,bruna.vasconcelos6186@outlook.com,Brazil,2020-04-14,Standard,154.31
6187,William Gould,william.gould6187@yahoo.com,Canada,2024-05-07,Standard,395.21
6188,Lisa Guerra,lisa.guerra6188@proton.me,United States,2025-08-14,Standard,172.53
6189,Kim Arnold,kim.arnold6189@hotmail.com,Japan,2026-07-10,Standard,711.11
6190,Gioachino Camanni,gioachino.camanni6190@outlook.com,Italy,2020-06-26,Basic,176.34
6191,Kenneth Lewis,kenneth.lewis6191@yahoo.com,Australia,2024-05-27,Standard,411.73
6192,Ashley Stevens,ashley.stevens6192@proton.me,United States,2023-09-17,Basic,217.2
6193,Lotti Reinhardt,lotti.reinhardt6193@outlook.com,Germany,2026-08-30,Standard,460.82
6194,Sig.ra Tina Casini,sig.ra.tina.casini6194@yahoo.com,Italy,2023-01-02,Standard,273.48
6195,Jan-Peter Segebahn,jan.peter.segebahn6195@icloud.com,Germany,2023-09-12,Basic,419.98
6196,Thierry Jacques,thierry.jacques6196@outlook.com,France,2024-02-16,Standard,894.95
6197,Jesús Lugo Orellana,,Mexico,2020-05-30,Premium,1220.12
6198,Robert Mclean,robert.mclean6198@yahoo.com,United States,2024-09-08,Basic,204.19
6199,Geraldo de Mate,geraldo.de.mate6199@outlook.com,Spain,2026-04-27,Standard,925.68
6200,Damian Carter-Potter,damian.carter.potter6200@yahoo.com,United Kingdom,2021-03-17,Standard,561.31
6201,Aurore Nguyen,aurore.nguyen6201@gmail.com,France,2021-08-27,Standard,1358.49
6202,Courtney Rodriguez,courtney.rodriguez6202@hotmail.com,Australia,2023-08-23,Premium,3519.29
6203,Eric Cox,eric.cox6203@yahoo.com,United States,2021-11-22,Basic,636.79
6204,Mark Cox,mark.cox6204@yahoo.com,Canada,2020-04-18,Standard,638.47
6205,Prof. Werner Salz,prof.werner.salz6205@proton.me,Germany,2023-12-15,Standard,157.21
6206,Stacy Harper,stacy.harper6206@outlook.com,United States,2023-08-19,Basic,254.57
6207,Sheila Webster,sheila.webster6207@yahoo.com,United Kingdom,2024-07-28,Standard,699.17
6208,Gloria Mckinney,gloria.mckinney6208@hotmail.com,United States,2025-06-18,Basic,433.86
6209,Gérard Nguyen,gerard.nguyen6209@yahoo.com,France,2022-08-08,Standard,955.46
6210,Leonardo Caldeira,leonardo.caldeira6210@yahoo.com,Brazil,2026-06-19,Basic,66.66
6211,Noémi-Audrey Delaunay,noemi.audrey.delaunay6211@hotmail.com,France,2020-05-24,Premium,1458.39
6212,Holly Farmer,holly.farmer6212@yahoo.com,Australia,2024-06-27,Standard,1339.44
6213,Pablo Treviño,pablo.trevino6213@yahoo.com,Mexico,2024-10-03,Basic,404.89
6214,Robert Walker,robert.walker6214@proton.me,United States,2022-01-22,Premium,2887.66
6215,Kim Taylor,kim.taylor6215@outlook.com,United Kingdom,2020-04-05,Standard,905.55
6216,Widisha Pillai,widisha.pillai6216@hotmail.com,India,2025-03-08,Premium,3468.82
6217,Angelina Napolitano,angelina.napolitano6217@proton.me,Italy,2021-03-17,Premium,1006.52
6218,Fitan Samra,fitan.samra6218@yahoo.com,India,2022-11-01,Standard,204.72
6219,Detlev Sorgatz-Scholz,detlev.sorgatz.scholz6219@hotmail.com,Germany,2021-11-01,Basic,283.11
6220,Jean Louis Le Merle,jean.louis.le.merle6220@icloud.com,France,2022-03-04,Standard,1395.6
6221,Féline Courtier,feline.courtier6221@icloud.com,Netherlands,2020-10-24,Basic,131.35
6222,Paulino Castañeda Lledó,paulino.castaneda.lledo6222@proton.me,Spain,2021-08-23,Premium,3945.37
6223,Brenda Perez,brenda.perez6223@hotmail.com,United States,2020-12-14,Premium,4202.68
6224,Carlos Miller,carlos.miller6224@gmail.com,United States,2026-04-09,Premium,1337.68
6225,Rachel Jones,rachel.jones6225@hotmail.com,United States,2024-12-25,Basic,147.74
6226,Renee Bruce,renee.bruce6226@outlook.com,Australia,2023-03-17,Standard,684.85
6227,Sabrina Austin,sabrina.austin6227@icloud.com,Australia,2024-12-27,Basic,626.2
6228,Amando Manzano Cases,amando.manzano.cases6228@gmail.com,Spain,2024-06-27,Premium,1387.48
6229,Auguste Gros,auguste.gros6229@proton.me,France,2020-04-15,Basic,687.07
6230,Nicole Williams,nicole.williams6230@icloud.com,United States,2026-03-16,Premium,1877.2
6231,Sibille Rose,sibille.rose6231@hotmail.com,Germany,2024-02-06,Standard,684.67
6232,Allison Hickman,allison.hickman6232@outlook.com,Australia,2025-07-04,Standard,1543.66
6233,Sandor Baum,sandor.baum6233@proton.me,Germany,2020-03-20,Standard,1612.09
6234,Luigina Paganini,luigina.paganini6234@hotmail.com,Italy,2021-09-29,Standard,574.16
6235,Wessel Meijer,wessel.meijer6235@outlook.com,Netherlands,2021-12-25,Standard,508.91
6236,Meghan Cisneros,meghan.cisneros6236@proton.me,Canada,2022-10-23,Standard,1053.3
6237,Lawrence Harrington,lawrence.harrington6237@gmail.com,Canada,2024-12-13,Premium,3378.45
6238,Qushi Gole,qushi.gole6238@hotmail.com,India,2023-07-26,Standard,905.94
6239,Amanda das Neves,amanda.das.neves6239@hotmail.com,Brazil,2020-12-19,Premium,3074.84
6240,Austin Osborne,austin.osborne6240@hotmail.com,Canada,2021-09-19,Standard,405.85
6241,James Bradley,james.bradley6241@icloud.com,Canada,2021-07-12,Standard,1781.69
6242,Ricky Palmer,ricky.palmer6242@proton.me,Japan,2020-10-18,Basic,535.23
6243,Bryan King,bryan.king6243@hotmail.com,United States,2020-04-19,Premium,1524.74
6244,Anatoli Segebahn,anatoli.segebahn6244@proton.me,Germany,2025-10-14,Basic,47.46
6245,Liam Brown-Fisher,liam.brown.fisher6245@proton.me,United Kingdom,2024-06-17,Standard,167.45
6246,Michael Webster,michael.webster6246@proton.me,United States,2024-07-02,Standard,1799.1
6247,Tonino Morrocco,tonino.morrocco6247@icloud.com,Italy,2024-02-15,Standard,388.17
6248,Ekani Chauhan,ekani.chauhan6248@yahoo.com,India,2021-05-19,Basic,538.65
6249,Dr. Micaela Gaona,dr.micaela.gaona6249@yahoo.com,Mexico,2026-03-30,Standard,543.07
6250,Gregory Peters,gregory.peters6250@proton.me,United Kingdom,2023-01-11,Premium,2275.97
6251,Tamara Harris,tamara.harris6251@icloud.com,United States,2020-12-16,Basic,400.55
6252,Cathy Bell,cathy.bell6252@gmail.com,United States,2025-11-09,Standard,1686.09
6253,Ryan Mcmahon,ryan.mcmahon6253@gmail.com,United States,2025-10-08,Basic,487.48
6254,Margarete Häring,margarete.haring6254@gmail.com,Germany,2024-02-12,Premium,2574.29
6255,Falak Merchant,falak.merchant6255@proton.me,India,2020-08-12,Standard,620.63
6256,Ann Chapman-Wilson,ann.chapman.wilson6256@yahoo.com,United Kingdom,2024-10-05,Basic,415.81
6257,Debra White,debra.white6257@icloud.com,Australia,2024-04-02,Standard,400.25
6258,Aroa Alberola Luís,aroa.alberola.luis6258@hotmail.com,Spain,2020-12-06,Standard,690.41
6259,Hannah Martin,hannah.martin6259@gmail.com,United States,2026-05-26,Basic,59.59
6260,Prof. Mandy Becker,prof.mandy.becker6260@gmail.com,Germany,2025-07-26,Standard,747.5
6261,Rémy Gros,remy.gros6261@gmail.com,France,2024-03-04,Premium,2087.66
6262,Adrian Morley,adrian.morley6262@hotmail.com,United Kingdom,2021-10-31,Standard,1684.98
6263,Monica Allen,monica.allen6263@proton.me,United States,2021-12-20,Premium,844.23
6264,Jérôme Le Petitjean,jerome.le.petitjean6264@icloud.com,France,2025-04-11,Standard,1180.21
6265,Sanaya Sandhu,sanaya.sandhu6265@outlook.com,India,2025-03-02,Standard,1229.02
6266,Maria Flor Gonçalves,maria.flor.goncalves6266@outlook.com,Brazil,2022-07-31,Basic,310.03
6267,Sachi Panchal,sachi.panchal6267@proton.me,India,2025-01-22,Basic,196.72
6268,Ellen Morgan,ellen.morgan6268@outlook.com,Australia,2021-09-11,Standard,1269.03
6269,Brijesh Pandit,brijesh.pandit6269@proton.me,India,2022-11-22,Standard,423.51
6270,Glenn Haynes,glenn.haynes6270@hotmail.com,United Kingdom,2023-03-10,Premium,3680.67
6271,Annette Lane,annette.lane6271@outlook.com,United States,2020-06-10,Basic,556.16
6272,Srta. Ana Vitória Pastor,srta.ana.vitoria.pastor6272@gmail.com,Brazil,2022-02-07,Standard,1696.76
6273,Marco Antonio Mercedes Anaya Ordóñez,marco.antonio.mercedes.anaya.ordonez6273@yahoo.com,Mexico,2024-12-24,Basic,562.45
6274,Dr Danny Cox,dr.danny.cox6274@icloud.com,United Kingdom,2025-01-06,Standard,340.1
6275,Georges Henry,georges.henry6275@hotmail.com,France,2020-01-20,Basic,241.16
6276,Univ.Prof. Kirstin Hoffmann B.Eng.,univ.prof.kirstin.hoffmann.b.eng6276@gmail.com,Germany,2025-02-18,Standard,1234.54
6277,Hidde Evers-Kleibrink,hidde.evers.kleibrink6277@icloud.com,Netherlands,2023-05-06,Standard,795.13
6278,Meghan Rush,meghan.rush6278@outlook.com,Canada,2023-01-22,Standard,207.52
6279,Daniel Lee,daniel.lee6279@outlook.com,United States,2025-08-23,Standard,617.35
6280,Steven Medina,steven.medina6280@outlook.com,United States,2024-12-24,Standard,695.66
6281,Phillip Berry,phillip.berry6281@icloud.com,Canada,2026-04-03,Standard,451.38
6282,Graham Hope,graham.hope6282@yahoo.com,United Kingdom,2023-07-23,Premium,2433.08
6283,Anvi Bhandari,anvi.bhandari6283@gmail.com,India,2021-04-22,Premium,4362.35
6284,Julia Saez Niño,julia.saez.nino6284@icloud.com,Spain,2024-03-03,Basic,606.58
6285,Pierpaolo Stoppani,pierpaolo.stoppani6285@outlook.com,Italy,2024-08-07,Standard,1630.16
6286,Nidra Patla,nidra.patla6286@proton.me,India,2023-08-09,Standard,1500.54
6287,Annette Lewis,annette.lewis6287@outlook.com,United States,2026-06-20,Standard,975.13
6288,Michelle Richardson,michelle.richardson6288@proton.me,United States,2025-02-02,Basic,159.03
6289,Jessica Rosario,jessica.rosario6289@icloud.com,United States,2020-02-04,Basic,51.92
6290,Henry Gray,henry.gray6290@proton.me,United States,2024-09-10,Standard,721.17
6291,Raffaele Orengo,raffaele.orengo6291@hotmail.com,Italy,2021-07-03,Premium,3950.78
6292,Ms Diane Atkinson,ms.diane.atkinson6292@yahoo.com,United Kingdom,2026-06-10,Standard,1609.21
6293,Dr. Rosa Stolze MBA.,dr.rosa.stolze.mba6293@icloud.com,Germany,2021-02-21,Basic,120.11
6294,Darren Rodriguez,darren.rodriguez6294@outlook.com,United States,2025-04-11,Basic,197.38
6295,Gilbert Philippe,gilbert.philippe6295@outlook.com,France,2025-01-04,Standard,158.12
6296,Mrs. Ashley Taylor,mrs.ashley.taylor6296@yahoo.com,United States,2025-02-09,Basic,350.2
6297,Jennifer Banks,jennifer.banks6297@outlook.com,Canada,2025-04-27,Basic,618.72
6298,Michele Hawkins,michele.hawkins6298@hotmail.com,United States,2020-11-17,Standard,973.41
6299,Brian Fitzgerald,brian.fitzgerald6299@outlook.com,Canada,2023-11-10,Basic,444.51
6300,Garrett Wilson,garrett.wilson6300@hotmail.com,Japan,2024-12-31,Basic,591.27
6301,Azaan Dhar,azaan.dhar6301@icloud.com,India,2025-10-24,Standard,900.74
6302,Yolanda Leticia de Jesús Robles,yolanda.leticia.de.jesus.robles6302@icloud.com,Mexico,2025-03-03,Basic,248.18
6303,Kyle Collins,kyle.collins6303@icloud.com,United States,2022-11-22,Basic,536.98
6304,Marina Correr-Rocca,marina.correr.rocca6304@yahoo.com,Italy,2023-02-11,Premium,4196.85
6305,Amancio Iriarte Tejedor,amancio.iriarte.tejedor6305@yahoo.com,Spain,2026-07-08,Basic,689.01
6306,Insa Briemer,insa.briemer6306@gmail.com,Germany,2023-09-06,Basic,318.6
6307,Thibaut Brunet,thibaut.brunet6307@outlook.com,France,2020-09-19,Basic,417.46
6308,Jill Spencer,jill.spencer6308@yahoo.com,United States,2025-10-14,Standard,332.95
6309,Dra. Isabelly Caldeira,dra.isabelly.caldeira6309@icloud.com,Brazil,2023-03-18,Basic,348.0
6310,Scott Lopez,scott.lopez6310@proton.me,United States,2023-12-02,Standard,1669.85
6311,Ryan Alvarez,ryan.alvarez6311@outlook.com,United States,2024-08-04,Standard,813.4
6312,Emmanuel Leleu,emmanuel.leleu6312@proton.me,France,2022-09-10,Basic,66.92
6313,Valerio Jovinelli,valerio.jovinelli6313@hotmail.com,Italy,2020-04-25,Standard,703.22
6314,Cassie Lutz,cassie.lutz6314@gmail.com,United States,2023-07-18,Basic,93.94
6315,Brian Kim DDS,brian.kim.dds6315@proton.me,United States,2021-06-18,Standard,1674.28
6316,Charles Morales,charles.morales6316@gmail.com,United States,2022-05-23,Basic,673.15
6317,Ashley Schaefer,ashley.schaefer6317@proton.me,United States,2025-07-08,Premium,2331.27
6318,Bakhshi Date,bakhshi.date6318@outlook.com,India,2023-05-06,Standard,1592.66
6319,Damian Mans,damian.mans6319@gmail.com,Germany,2021-03-06,Premium,1083.04
6320,Mr. Justin Green III,mr.justin.green.iii6320@gmail.com,Canada,2025-07-06,Standard,456.91
6321,Amy Hester,amy.hester6321@icloud.com,Japan,2020-07-13,Basic,305.93
6322,Colin Bell,colin.bell6322@outlook.com,United Kingdom,2023-11-21,Standard,992.58
6323,Zachary Mitchell,zachary.mitchell6323@hotmail.com,Canada,2022-08-06,Standard,688.07
6324,Sra. Bárbara Vieira,sra.barbara.vieira6324@gmail.com,Brazil,2025-11-11,Basic,136.54
6325,Ana Cecília Ferreira,ana.cecilia.ferreira6325@proton.me,Brazil,2025-11-09,Premium,1316.19
6326,Segismundo Bas Pérez,segismundo.bas.perez6326@proton.me,Spain,2025-11-13,Basic,282.33
6327,Warinder Peri,warinder.peri6327@outlook.com,India,2023-01-21,Standard,1671.87
6328,Leela Bali,leela.bali6328@outlook.com,India,2021-12-20,Standard,1619.43
6329,Silvia Oswaldo Amador,silvia.oswaldo.amador6329@icloud.com,Mexico,2023-03-19,Standard,209.41
6330,Kurt Ewing,kurt.ewing6330@yahoo.com,United States,2020-11-20,Standard,1535.56
6331,Ryan Hardy,ryan.hardy6331@icloud.com,United States,2026-01-22,Standard,1642.66
6332,Micheal Perkins,micheal.perkins6332@proton.me,United States,2021-11-17,Standard,412.91
6333,Richard Schneider,richard.schneider6333@hotmail.com,United States,2024-04-12,Standard,1767.27
6334,John Morrison,john.morrison6334@hotmail.com,United States,2025-05-22,Standard,374.7
6335,Ninetta Sordi,ninetta.sordi6335@proton.me,Italy,2023-10-16,Premium,1332.89
6336,Dipl.-Ing. Irmi Haase,dipl.ing.irmi.haase6336@hotmail.com,Germany,2020-04-29,Basic,125.94
6337,Katherine Martinez,katherine.martinez6337@hotmail.com,Canada,2025-01-12,Standard,1521.42
6338,Lissy Fechner,lissy.fechner6338@gmail.com,Germany,2020-01-30,Standard,1248.63
6339,John Ramirez,john.ramirez6339@yahoo.com,United States,2022-12-25,Standard,722.48
6340,Ashley King,ashley.king6340@proton.me,Japan,2024-02-17,Standard,714.5
6341,Sofia Trupp,sofia.trupp6341@yahoo.com,Germany,2021-06-12,Basic,599.67
6342,Nadeschda Kaul,nadeschda.kaul6342@proton.me,Germany,2020-05-29,Premium,2023.19
6343,Danny Andrews,danny.andrews6343@outlook.com,United Kingdom,2026-07-20,Standard,250.48
6344,Mark Taylor Jr.,,United States,2022-06-22,Basic,476.71
6345,Barry Gregory,barry.gregory6345@icloud.com,United States,2023-11-11,Basic,571.82
6346,Angelina Baeza Cordero,angelina.baeza.cordero6346@gmail.com,Spain,2023-07-02,Basic,557.35
6347,Janet Shelton,janet.shelton6347@proton.me,United States,2021-09-16,Standard,707.29
6348,Marco Davis,marco.davis6348@icloud.com,Japan,2022-07-02,Basic,562.14
6349,Paul Saunders,paul.saunders6349@hotmail.com,Japan,2020-06-07,Standard,321.6
6350,Birgitta Wesack-Koch II,birgitta.wesack.koch.ii6350@icloud.com,Germany,2026-01-10,Basic,71.68
6351,Sergio Knight,sergio.knight6351@hotmail.com,Australia,2023-03-15,Standard,1214.12
6352,Christina Bates,christina.bates6352@hotmail.com,United States,2023-11-07,Standard,166.76
6353,Marcella Inzaghi,marcella.inzaghi6353@outlook.com,Italy,2025-10-10,Standard,1631.33
6354,Charles Schultz,charles.schultz6354@hotmail.com,Australia,2025-08-07,Basic,164.88
6355,Susan Faivre,susan.faivre6355@icloud.com,France,2020-10-15,Basic,135.05
6356,Jodi Roach,jodi.roach6356@outlook.com,Canada,2023-12-13,Standard,1664.73
6357,Gisbert Hendriks,gisbert.hendriks6357@gmail.com,Germany,2024-09-29,Basic,186.43
6358,Shivani Prabhakar,shivani.prabhakar6358@outlook.com,India,2026-07-14,Basic,482.31
6359,Dennis Cooper PhD,dennis.cooper.phd6359@yahoo.com,United States,2024-09-23,Standard,955.51
6360,Tiffany Johnson,tiffany.johnson6360@icloud.com,United States,2023-08-16,Standard,290.49
6361,Dott. Calogero Liguori,dott.calogero.liguori6361@gmail.com,Italy,2022-07-12,Basic,190.33
6362,Brandon Fleming,brandon.fleming6362@proton.me,Canada,2021-04-25,Standard,1709.78
6363,Betti Hethur MBA.,betti.hethur.mba6363@hotmail.com,Germany,2021-08-11,Standard,558.79
6364,Dr. Benedikt Binner B.Eng.,dr.benedikt.binner.b.eng6364@icloud.com,Germany,2020-08-06,Standard,1614.57
6365,Paul Lewis,paul.lewis6365@gmail.com,Australia,2020-06-05,Standard,177.9
6366,Thomas Reyes,thomas.reyes6366@yahoo.com,United States,2022-04-26,Standard,1532.21
6367,James Stevens,james.stevens6367@hotmail.com,United States,2025-02-20,Premium,3152.79
6368,Solveig Schmiedt-Lindner,solveig.schmiedt.lindner6368@yahoo.com,Germany,2025-09-26,Basic,72.84
6369,Andrew Bryant,andrew.bryant6369@hotmail.com,United Kingdom,2024-02-07,Standard,1239.08
6370,Hollie Parker,hollie.parker6370@proton.me,United Kingdom,2026-07-09,Standard,638.09
6371,Flavia Scarpa,flavia.scarpa6371@outlook.com,Italy,2026-05-16,Standard,1090.57
6372,Rosalia Valle,rosalia.valle6372@gmail.com,Mexico,2023-11-04,Standard,1220.09
6373,Sophie-Margot Techer,sophie.margot.techer6373@hotmail.com,France,2021-07-02,Standard,1192.04
6374,Dr. Rudolph Junken B.Eng.,dr.rudolph.junken.b.eng6374@outlook.com,Germany,2025-10-06,Standard,1618.65
6375,Mariane Ribeiro,mariane.ribeiro6375@gmail.com,Brazil,2026-04-09,Standard,719.21
6376,Justin Dalton,justin.dalton6376@outlook.com,United States,2021-06-20,Basic,472.39
6377,Chelsea Khan,chelsea.khan6377@gmail.com,United Kingdom,2025-01-30,Basic,547.21
6378,Sachi Bose,sachi.bose6378@icloud.com,India,2021-11-02,Basic,75.16
6379,Jeevika Rao,jeevika.rao6379@gmail.com,India,2020-10-01,Standard,1321.11
6380,Michael Henry,michael.henry6380@outlook.com,United States,2025-07-05,Standard,638.16
6381,Mike Freeman,mike.freeman6381@yahoo.com,United States,2020-06-14,Basic,473.75
6382,Ralf-Dieter Freudenberger MBA.,ralf.dieter.freudenberger.mba6382@hotmail.com,Germany,2022-12-09,Standard,192.44
6383,Glen Wood,glen.wood6383@icloud.com,Australia,2021-08-02,Standard,243.53
6384,Dean Ehlert-Kisman,dean.ehlert.kisman6384@outlook.com,Netherlands,2022-09-18,Premium,4267.61
6385,Paula Bradley,paula.bradley6385@proton.me,Australia,2023-03-11,Basic,217.87
6386,Anthony Moore,anthony.moore6386@yahoo.com,Australia,2026-07-14,Standard,1425.29
6387,Michael Keller,michael.keller6387@proton.me,United States,2020-03-31,Standard,298.92
6388,Joël van Hamaland,joel.van.hamaland6388@gmail.com,Netherlands,2026-03-09,Basic,269.15
6389,Sr. Thiago Ramos,sr.thiago.ramos6389@yahoo.com,Brazil,2023-12-19,Standard,673.02
6390,Emma Reed,emma.reed6390@proton.me,Canada,2020-04-20,Standard,1498.54
6391,Arya Krish,arya.krish6391@outlook.com,India,2020-12-28,Premium,4170.32
6392,Laura Alvarez,laura.alvarez6392@yahoo.com,United States,2023-08-23,Standard,163.47
6393,Joshua Vance,joshua.vance6393@icloud.com,Canada,2020-12-22,Basic,552.67
6394,Katie Myers,katie.myers6394@outlook.com,United States,2022-08-13,Standard,978.86
6395,Connor Townsend,connor.townsend6395@gmail.com,United Kingdom,2022-04-07,Standard,1415.78
6396,Atharv Grewal,atharv.grewal6396@proton.me,India,2021-12-21,Basic,313.58
6397,Jessica Jäntsch MBA.,jessica.jantsch.mba6397@yahoo.com,Germany,2025-07-14,Standard,1501.99
6398,Wesley Jensen MD,wesley.jensen.md6398@gmail.com,United States,2021-09-09,Premium,1412.07
6399,Erica Johnson,erica.johnson6399@proton.me,United States,2022-04-14,Standard,1789.99
6400,Russell Bailey,russell.bailey6400@outlook.com,United States,2026-08-22,Basic,403.33
6401,Alyssa Vance,alyssa.vance6401@icloud.com,United States,2020-07-26,Standard,1213.8
6402,Clémence Besnard,clemence.besnard6402@icloud.com,France,2024-04-04,Standard,648.33
6403,Rebecca Lloyd,rebecca.lloyd6403@yahoo.com,United Kingdom,2021-04-24,Basic,97.69
6404,Michelle Ho,michelle.ho6404@icloud.com,Canada,2020-05-27,Standard,265.67
6405,Brent Reed,brent.reed6405@outlook.com,United States,2024-05-26,Basic,515.77
6406,Noël Pichon,noel.pichon6406@gmail.com,France,2024-12-16,Basic,182.62
6407,Baptist Kreusel,baptist.kreusel6407@proton.me,Germany,2024-06-21,Standard,1786.31
6408,Armando Porras Cervántez,armando.porras.cervantez6408@proton.me,Mexico,2020-10-10,Basic,82.43
6409,Sr. Otto Mendonça,sr.otto.mendonca6409@yahoo.com,Brazil,2026-02-22,Basic,87.26
6410,Gregory Stanley,gregory.stanley6410@icloud.com,United States,2025-05-16,Standard,679.75
6411,Pedro Fonseca,pedro.fonseca6411@gmail.com,Brazil,2022-09-06,Basic,552.66
6412,Matthew Watkins,matthew.watkins6412@yahoo.com,United States,2023-01-20,Basic,202.86
6413,Christian Howard,christian.howard6413@gmail.com,United Kingdom,2025-07-12,Premium,4109.15
6414,Wilhelmine Hendriks B.A.,wilhelmine.hendriks.b.a6414@hotmail.com,Germany,2023-11-13,Premium,3447.57
6415,Angelique Binner,angelique.binner6415@proton.me,Germany,2021-09-20,Standard,1568.44
6416,Jeannine Schenk,jeannine.schenk6416@yahoo.com,Germany,2020-11-04,Basic,535.23
6417,Ana Torres,ana.torres6417@hotmail.com,United States,2020-04-16,Basic,471.94
6418,Rosalia Parini,rosalia.parini6418@icloud.com,Italy,2020-11-10,Premium,4397.95
6419,Guillaume Maury de Benard,guillaume.maury.de.benard6419@gmail.com,France,2023-07-16,Basic,490.77
6420,Ing. Kathrin Anders B.Sc.,ing.kathrin.anders.b.sc6420@gmail.com,Germany,2022-02-08,Basic,412.0
6421,Brett McDonald,brett.mcdonald6421@yahoo.com,United Kingdom,2020-09-04,Standard,1584.92
6422,Alejandro Nguyen,alejandro.nguyen6422@outlook.com,United States,2026-08-29,Standard,814.28
6423,Zarna Ram,zarna.ram6423@hotmail.com,India,2024-06-14,Standard,555.18
6424,Arnaude Le Pinto,arnaude.le.pinto6424@yahoo.com,France,2022-06-12,Standard,247.79
6425,Dr. Susi Hettner,dr.susi.hettner6425@proton.me,Germany,2023-07-27,Standard,164.69
6426,Scott Bradley,scott.bradley6426@hotmail.com,United States,2020-09-26,Standard,230.12
6427,Ortrud Kusch,ortrud.kusch6427@yahoo.com,Germany,2022-01-17,Standard,505.56
6428,Deborah Dominguez,deborah.dominguez6428@hotmail.com,United States,2023-10-14,Basic,550.36
6429,Hugh Jones,hugh.jones6429@proton.me,United Kingdom,2026-01-27,Standard,1060.9
6430,Adweta Lad,adweta.lad6430@proton.me,India,2021-12-01,Standard,702.84
6431,Megan Nelson,megan.nelson6431@icloud.com,Australia,2025-07-11,Premium,2741.02
6432,Victoria Gray,victoria.gray6432@icloud.com,Japan,2021-08-02,Standard,1058.18
6433,Brenda Fisher,brenda.fisher6433@outlook.com,United Kingdom,2023-12-29,Standard,1585.94
6434,Kenneth Stokes,kenneth.stokes6434@gmail.com,United States,2026-06-17,Basic,552.66
6435,Dott. Simone Modiano,dott.simone.modiano6435@outlook.com,Italy,2025-10-28,Basic,550.34
6436,Michael Rogers,michael.rogers6436@hotmail.com,United States,2026-01-31,Standard,490.22
6437,Alex Boyer,alex.boyer6437@yahoo.com,France,2024-06-11,Basic,592.8
6438,Pamela Morgan,pamela.morgan6438@yahoo.com,United States,2025-12-18,Premium,1754.96
6439,Heidi Graham,heidi.graham6439@outlook.com,United States,2024-12-03,Standard,663.48
6440,Angelica Kühnert,angelica.kuhnert6440@outlook.com,Germany,2025-10-19,Standard,941.35
6441,Louise Garnier,louise.garnier6441@gmail.com,France,2024-05-28,Standard,1415.09
6442,Ryan Cobb PhD,ryan.cobb.phd6442@hotmail.com,United States,2022-07-22,Premium,2031.79
6443,Donna Williams,donna.williams6443@icloud.com,Japan,2024-12-16,Standard,211.57
6444,Jennifer Perez PhD,jennifer.perez.phd6444@icloud.com,United States,2023-05-21,Premium,1182.72
6445,Karla Ramos,karla.ramos6445@outlook.com,Australia,2022-11-02,Basic,274.66
6446,Ryan Davis,ryan.davis6446@gmail.com,United States,2023-06-30,Basic,499.56
6447,Austin Solis,austin.solis6447@gmail.com,Japan,2024-08-23,Standard,345.13
6448,Julie Hill,julie.hill6448@gmail.com,United Kingdom,2022-03-23,Basic,76.39
6449,Rebecca Hicks,rebecca.hicks6449@yahoo.com,Canada,2024-06-25,Basic,39.94
6450,Sara Stewart-Brown,sara.stewart.brown6450@outlook.com,United Kingdom,2023-01-09,Standard,728.55
6451,Daniel Flynn,daniel.flynn6451@proton.me,United States,2024-06-19,Standard,557.22
6452,Curtis Taylor,curtis.taylor6452@outlook.com,Canada,2022-08-06,Standard,297.68
6453,Elizabeth Brock,elizabeth.brock6453@gmail.com,United States,2022-03-23,Standard,1468.84
6454,Joshua Gonzalez,joshua.gonzalez6454@proton.me,United States,2023-07-13,Standard,707.64
6455,Allison Spencer,allison.spencer6455@proton.me,Canada,2024-08-07,Basic,44.35
6456,Mario Chavez,mario.chavez6456@gmail.com,United States,2020-12-19,Premium,4334.54
6457,Tanish Mangal,tanish.mangal6457@yahoo.com,India,2021-09-15,Standard,397.23
6458,Catherine Smith,catherine.smith6458@icloud.com,United States,2024-03-21,Basic,343.31
6459,Shari Ray,shari.ray6459@yahoo.com,United States,2021-02-09,Standard,1349.18
6460,Paul Wilson,paul.wilson6460@proton.me,Australia,2022-04-30,Standard,1025.12
6461,Robert Arnold,robert.arnold6461@proton.me,Canada,2020-08-14,Basic,244.27
6462,Thibault Valentin,thibault.valentin6462@hotmail.com,France,2020-03-28,Basic,420.2
6463,Victor Harmon,victor.harmon6463@proton.me,United States,2026-06-07,Premium,3326.98
6464,Timothy Patel,timothy.patel6464@gmail.com,Japan,2026-02-04,Premium,1499.21
6465,Fleur Bos-Oostveen,fleur.bos.oostveen6465@outlook.com,Netherlands,2020-03-19,Standard,1496.81
6466,Ryan Das,ryan.das6466@icloud.com,India,2023-01-19,Premium,3558.37
6467,Kasimir Rörricht,kasimir.rorricht6467@hotmail.com,Germany,2020-05-18,Premium,2353.9
6468,Milou Schulten,milou.schulten6468@icloud.com,Netherlands,2023-09-16,Basic,414.07
6469,Patricia Hamilton,patricia.hamilton6469@gmail.com,Japan,2023-06-02,Basic,425.89
6470,Dr Craig Dean,dr.craig.dean6470@outlook.com,United Kingdom,2024-05-04,Standard,693.35
6471,Lori Boyd,lori.boyd6471@gmail.com,United States,2025-05-03,Basic,496.26
6472,Marian Bray,,United Kingdom,2021-06-18,Standard,428.12
6473,Charles Hernandez,charles.hernandez6473@gmail.com,United States,2021-04-04,Standard,1684.86
6474,Elizabeth Graham,elizabeth.graham6474@proton.me,Japan,2020-09-30,Standard,887.27
6475,Ronald Brown,ronald.brown6475@hotmail.com,United States,2026-07-03,Standard,619.53
6476,Douglas Gregory,douglas.gregory6476@icloud.com,Australia,2022-01-24,Standard,1262.36
6477,Aya Otto-Rotteveel,aya.otto.rotteveel6477@proton.me,Netherlands,2022-05-21,Standard,1508.46
6478,Hans-Bernd Röhrdanz B.Eng.,hans.bernd.rohrdanz.b.eng6478@proton.me,Germany,2025-10-07,Standard,1335.41
6479,Nathalie du Blin,nathalie.du.blin6479@proton.me,France,2020-07-08,Premium,2446.34
6480,Hans-Jörg Pärtzelt,hans.jorg.partzelt6480@gmail.com,Germany,2021-05-28,Standard,1177.89
6481,Ethan Seth,ethan.seth6481@outlook.com,India,2025-01-10,Standard,273.57
6482,Mr. Andrew Foster,mr.andrew.foster6482@gmail.com,Australia,2023-01-13,Basic,550.28
6483,Santiago Mateu Blázquez,santiago.mateu.blazquez6483@outlook.com,Spain,2026-04-10,Standard,1303.1
6484,Natália Santos,natalia.santos6484@yahoo.com,Brazil,2022-10-01,Standard,728.5
6485,Jason Colon,jason.colon6485@icloud.com,United States,2022-04-07,Standard,947.6
6486,Alice Lebreton-Masse,alice.lebreton.masse6486@hotmail.com,France,2024-01-11,Basic,469.44
6487,Angelica Parker,angelica.parker6487@icloud.com,Canada,2021-05-25,Standard,229.66
6488,Dawn Burke,dawn.burke6488@outlook.com,United States,2024-03-29,Standard,902.97
6489,Isaac du Charrier,isaac.du.charrier6489@gmail.com,France,2020-12-05,Standard,1074.61
6490,Brian Lee,brian.lee6490@proton.me,Japan,2020-09-22,Basic,609.08
6491,Sergius Franzese,sergius.franzese6491@gmail.com,Italy,2025-11-07,Basic,212.38
6492,Benigno del Gonzalez,benigno.del.gonzalez6492@gmail.com,Spain,2025-06-20,Basic,106.55
6493,Dulce Arteaga,dulce.arteaga6493@gmail.com,Mexico,2020-11-07,Standard,812.19
6494,Ronald Marshall,ronald.marshall6494@proton.me,United States,2020-11-30,Basic,699.57
6495,Pedro Henrique Cavalcanti,pedro.henrique.cavalcanti6495@yahoo.com,Brazil,2020-09-04,Basic,333.8
6496,Jurre Heinrichs-van der Smeede,jurre.heinrichs.van.der.smeede6496@yahoo.com,Netherlands,2023-05-21,Basic,355.39
6497,Sig. Massimiliano Lippomano,sig.massimiliano.lippomano6497@proton.me,Italy,2025-10-15,Basic,604.14
6498,Aimee Turner,aimee.turner6498@proton.me,Australia,2022-01-26,Standard,1799.98
6499,Antoine Lebreton,antoine.lebreton6499@outlook.com,France,2026-04-10,Standard,1752.63
6500,Ortrud Rogner B.Eng.,ortrud.rogner.b.eng6500@gmail.com,Germany,2020-08-19,Standard,1074.84
6501,Jessica Lucas,jessica.lucas6501@yahoo.com,United States,2023-10-27,Standard,701.65
6502,Christopher Taylor,christopher.taylor6502@gmail.com,United States,2026-03-22,Basic,396.66
6503,Robert Hopkins,robert.hopkins6503@yahoo.com,United States,2024-07-21,Standard,1753.12
6504,Samuel Stuart,samuel.stuart6504@hotmail.com,United States,2024-07-20,Standard,182.22
6505,Dr. Kelly Hammond DVM,,Canada,2022-04-12,Standard,504.76
6506,William Day,william.day6506@outlook.com,Canada,2025-02-24,Premium,1937.52
6507,Chad Scott,chad.scott6507@proton.me,Australia,2025-12-09,Premium,1201.14
6508,Jean Delannoy,jean.delannoy6508@gmail.com,France,2022-02-12,Standard,1379.29
6509,Mr. Scott Miller,mr.scott.miller6509@proton.me,United States,2026-08-28,Basic,39.29
6510,Sharon Lester,sharon.lester6510@yahoo.com,United States,2025-06-19,Standard,250.27
6511,Sai Chahal,sai.chahal6511@proton.me,India,2024-09-03,Basic,500.91
6512,Carlo Dietz,carlo.dietz6512@icloud.com,Germany,2022-07-09,Premium,2645.23
6513,Dra. Júlia Pimenta,dra.julia.pimenta6513@proton.me,Brazil,2020-05-23,Standard,1617.35
6514,Michael Cooper,michael.cooper6514@outlook.com,Canada,2025-08-28,Standard,405.01
6515,Philippe Imbert,philippe.imbert6515@hotmail.com,France,2025-07-07,Basic,390.06
6516,Rafaela Martins,rafaela.martins6516@proton.me,Brazil,2021-12-21,Standard,723.56
6517,Juliana Duarte,juliana.duarte6517@outlook.com,Brazil,2023-01-06,Basic,291.6
6518,Gunhild Kambs-Roht,gunhild.kambs.roht6518@hotmail.com,Germany,2025-04-12,Standard,1267.02
6519,Jack Sandoval,jack.sandoval6519@icloud.com,United States,2025-09-19,Premium,1180.96
6520,Juan Itzel Galarza Rentería,juan.itzel.galarza.renteria6520@outlook.com,Mexico,2025-08-03,Standard,727.54
6521,Caio da Mota,caio.da.mota6521@gmail.com,Brazil,2022-03-04,Standard,1411.78
6522,Adam Burgess,adam.burgess6522@gmail.com,Australia,2022-01-31,Standard,446.26
6523,Idika Bhattacharyya,idika.bhattacharyya6523@yahoo.com,India,2020-08-26,Standard,1544.51
6524,Rosie Hill,rosie.hill6524@outlook.com,United Kingdom,2023-11-15,Premium,4227.7
6525,Valeria Leopardi,valeria.leopardi6525@yahoo.com,Italy,2022-09-16,Premium,4168.93
6526,James Padilla,james.padilla6526@hotmail.com,Australia,2022-11-22,Basic,51.48
6527,Dr Aaron James,dr.aaron.james6527@outlook.com,United Kingdom,2020-12-20,Standard,715.67
6528,Charita Dugar,charita.dugar6528@outlook.com,India,2025-03-19,Standard,939.75
6529,Tony Ramsey,tony.ramsey6529@outlook.com,United States,2026-04-04,Standard,1404.09
6530,Penny Bowman,penny.bowman6530@gmail.com,Canada,2020-09-10,Basic,266.76
6531,Isabelly Sá,isabelly.sa6531@yahoo.com,Brazil,2024-06-24,Basic,542.77
6532,Janaki Trivedi,janaki.trivedi6532@yahoo.com,India,2022-03-06,Premium,2407.56
6533,Brian Navarro,brian.navarro6533@outlook.com,United States,2021-06-14,Premium,4291.6
6534,Alphonse Hoarau,alphonse.hoarau6534@yahoo.com,France,2025-10-29,Standard,380.69
6535,Sandra Drake,sandra.drake6535@yahoo.com,Australia,2025-07-29,Standard,457.29
6536,Scott Williams,scott.williams6536@yahoo.com,Australia,2021-02-21,Premium,3796.68
6537,Sabine Hardy,sabine.hardy6537@proton.me,France,2020-08-05,Premium,3363.83
6538,Joanna Schofield,joanna.schofield6538@proton.me,United Kingdom,2022-04-30,Standard,1628.59
6539,Kelly Calderon,kelly.calderon6539@hotmail.com,United States,2020-02-15,Standard,465.29
6540,Tara King,tara.king6540@yahoo.com,Japan,2021-05-22,Standard,1036.72
6541,Nathan Jurrijens-Rouwenhorst,nathan.jurrijens.rouwenhorst6541@yahoo.com,Netherlands,2025-12-24,Standard,807.73
6542,Thomas Atkins,thomas.atkins6542@gmail.com,Australia,2021-06-07,Standard,953.33
6543,Vincent Reynolds,vincent.reynolds6543@gmail.com,Canada,2023-01-08,Standard,875.82
6544,Jairaj Iyer,jairaj.iyer6544@proton.me,India,2024-03-02,Basic,488.78
6545,Cynthia Martinez,cynthia.martinez6545@hotmail.com,United States,2026-05-29,Standard,1041.58
6546,Erin Silva,erin.silva6546@proton.me,Japan,2024-04-30,Standard,1542.85
6547,Lawrence Smith,lawrence.smith6547@outlook.com,United Kingdom,2021-08-13,Premium,2611.03
6548,Constance Le Guichard,constance.le.guichard6548@yahoo.com,France,2025-03-13,Standard,409.61
6549,Nathan Hodgson-Finch,nathan.hodgson.finch6549@outlook.com,United Kingdom,2022-04-24,Basic,449.74
6550,Notburga Fechner,notburga.fechner6550@proton.me,Germany,2024-10-21,Standard,748.39
6551,Paul Young,paul.young6551@proton.me,United States,2021-06-27,Standard,1067.55
6552,Warjas Tak,warjas.tak6552@icloud.com,India,2020-06-04,Standard,903.74
6553,Fortunata Sanjuan,fortunata.sanjuan6553@hotmail.com,Spain,2025-10-22,Basic,482.46
6554,Charles Thompson,charles.thompson6554@outlook.com,United States,2020-04-03,Standard,306.1
6555,Amy Martinez,amy.martinez6555@icloud.com,Canada,2024-09-18,Basic,563.56
6556,Laura Mckinney,laura.mckinney6556@proton.me,Australia,2020-05-02,Premium,843.23
6557,Kurt Pechel MBA.,kurt.pechel.mba6557@proton.me,Germany,2025-11-16,Standard,1257.31
6558,Jessica King,jessica.king6558@proton.me,United States,2025-02-17,Standard,641.15
6559,Anatoli Bender,anatoli.bender6559@gmail.com,Germany,2023-05-04,Basic,414.48
6560,Christopher Morris,christopher.morris6560@yahoo.com,Canada,2021-08-05,Standard,741.32
6561,Jalsa Pillay,jalsa.pillay6561@proton.me,India,2020-01-04,Standard,702.67
6562,Jill Chambers,jill.chambers6562@hotmail.com,United Kingdom,2024-04-10,Premium,1181.7
6563,Andrew Green,andrew.green6563@hotmail.com,United Kingdom,2022-09-18,Basic,323.19
6564,Katherine Brooks,katherine.brooks6564@proton.me,United States,2024-08-25,Standard,1146.13
6565,Kai Chadha,kai.chadha6565@icloud.com,India,2023-03-29,Premium,2858.43
6566,Dr Julia Jones,dr.julia.jones6566@proton.me,United Kingdom,2023-03-17,Standard,868.54
6567,Léon Lejeune Le Potier,leon.lejeune.le.potier6567@outlook.com,France,2022-03-23,Premium,1015.37
6568,Olaf Kade-Mühle,olaf.kade.muhle6568@gmail.com,Germany,2020-08-07,Premium,3953.04
6569,Emily Coleman,emily.coleman6569@yahoo.com,United States,2025-03-30,Basic,281.61
6570,Christopher Campbell,christopher.campbell6570@proton.me,United Kingdom,2021-11-18,Standard,794.36
6571,Ben Cosman,ben.cosman6571@yahoo.com,Netherlands,2022-01-31,Premium,3499.94
6572,Rachael Brady,rachael.brady6572@icloud.com,United Kingdom,2025-01-25,Standard,502.81
6573,Iván Juan Ledesma Pérez,ivan.juan.ledesma.perez6573@hotmail.com,Mexico,2024-05-22,Premium,1155.34
6574,Tracey Suarez,tracey.suarez6574@icloud.com,United States,2020-02-12,Standard,1007.01
6575,Roger Armstrong,roger.armstrong6575@proton.me,United Kingdom,2020-04-03,Basic,165.31
6576,Maria Helena Fernandes,maria.helena.fernandes6576@yahoo.com,Brazil,2024-08-20,Standard,1674.56
6577,Carin auch Schlauchin B.A.,carin.auch.schlauchin.b.a6577@icloud.com,Germany,2026-05-27,Standard,476.21
6578,Ute Schmidtke,ute.schmidtke6578@outlook.com,Germany,2024-01-27,Standard,611.0
6579,Cathrin Kreusel,cathrin.kreusel6579@hotmail.com,Germany,2020-08-26,Basic,441.04
6580,Heidi Baldwin,heidi.baldwin6580@yahoo.com,United States,2025-07-23,Premium,2334.88
6581,Emma Romeu Mayoral,emma.romeu.mayoral6581@proton.me,Spain,2024-02-07,Standard,1072.72
6582,Alisha Rasmussen,alisha.rasmussen6582@outlook.com,United States,2025-07-03,Basic,508.15
6583,Liliana Kallert,liliana.kallert6583@icloud.com,Germany,2023-05-14,Standard,964.7
6584,Sarah Bates,sarah.bates6584@yahoo.com,United States,2026-01-19,Standard,1056.02
6585,Melissa Mccormick,melissa.mccormick6585@proton.me,United States,2023-08-26,Premium,4290.52
6586,Juan Parker,juan.parker6586@outlook.com,United States,2024-05-12,Standard,1665.34
6587,Heidi Burnett,heidi.burnett6587@yahoo.com,United States,2024-12-17,Standard,1624.98
6588,Brian Smith,brian.smith6588@hotmail.com,Australia,2021-01-05,Standard,1671.9
6589,Hannah Everett,hannah.everett6589@yahoo.com,Canada,2024-12-27,Standard,1495.23
6590,Mr Arthur Bell,mr.arthur.bell6590@icloud.com,United Kingdom,2024-07-09,Standard,1171.3
6591,Sarah King,sarah.king6591@hotmail.com,Canada,2021-10-08,Basic,63.99
6592,Sean Mathews,sean.mathews6592@icloud.com,United States,2026-05-26,Standard,1517.35
6593,Bethany Hutchinson,bethany.hutchinson6593@hotmail.com,United Kingdom,2021-11-08,Standard,516.78
6594,Robert Montgomery,robert.montgomery6594@yahoo.com,Australia,2024-01-07,Standard,819.41
6595,Glen Jones-Parker,glen.jones.parker6595@gmail.com,United Kingdom,2022-02-03,Basic,488.07
6596,Amelia Bennett,amelia.bennett6596@yahoo.com,United Kingdom,2025-08-28,Standard,158.43
6597,Krista Martinez,krista.martinez6597@yahoo.com,Canada,2023-09-14,Basic,308.24
6598,Lawrence Slater,lawrence.slater6598@hotmail.com,United Kingdom,2020-01-03,Basic,421.5
6599,Theodore Long,theodore.long6599@hotmail.com,United States,2024-07-06,Standard,605.74
6600,Univ.Prof. Kunigunda Jacob MBA.,univ.prof.kunigunda.jacob.mba6600@icloud.com,Germany,2021-05-16,Standard,1604.21
6601,Hans-Erich Kabus,hans.erich.kabus6601@yahoo.com,Germany,2021-12-27,Premium,2050.71
6602,Ariadna Mariano Almaraz Tirado,ariadna.mariano.almaraz.tirado6602@yahoo.com,Mexico,2026-06-11,Basic,298.42
6603,Sally Brown,sally.brown6603@outlook.com,United Kingdom,2026-03-07,Basic,504.36
6604,Anastasie Lefort Le François,anastasie.lefort.le.francois6604@proton.me,France,2020-10-14,Standard,1639.85
6605,Dawn Davis,dawn.davis6605@outlook.com,United States,2021-05-17,Standard,1143.59
6606,Cynthia Clark,cynthia.clark6606@outlook.com,United States,2021-06-20,Basic,305.79
6607,Brigitte Pascal,brigitte.pascal6607@hotmail.com,France,2020-01-06,Premium,1626.67
6608,Francesca Connor,francesca.connor6608@proton.me,United Kingdom,2020-01-02,Basic,42.49
6609,Dayamai Rao,dayamai.rao6609@hotmail.com,India,2022-03-01,Basic,32.8
6610,Jerónimo Garrido Barrientos,jeronimo.garrido.barrientos6610@gmail.com,Mexico,2020-10-07,Premium,1888.92
6611,Dr Ian Burns,dr.ian.burns6611@hotmail.com,United Kingdom,2021-01-22,Basic,87.53
6612,Trevor Sullivan,trevor.sullivan6612@gmail.com,United Kingdom,2024-04-25,Basic,466.5
6613,Sydney Welch,sydney.welch6613@outlook.com,United States,2026-05-16,Basic,103.26
6614,María Teresa Barrena-Cabezas,maria.teresa.barrena.cabezas6614@proton.me,Spain,2024-03-10,Premium,2118.09
6615,Pamela Sullivan,pamela.sullivan6615@gmail.com,United States,2026-08-26,Standard,1682.36
6616,Hartmuth Säuberlich,hartmuth.sauberlich6616@hotmail.com,Germany,2020-11-29,Standard,1461.67
6617,Renata van der Dussen,renata.van.der.dussen6617@hotmail.com,Germany,2020-02-01,Standard,1209.32
6618,Nirja Rout,nirja.rout6618@yahoo.com,India,2022-04-15,Basic,532.07
6619,Adriana Traetta,adriana.traetta6619@icloud.com,Italy,2024-02-06,Premium,4198.11
6620,Lorraine Fleury,lorraine.fleury6620@icloud.com,France,2024-09-26,Premium,4362.5
6621,Sean Morrow,sean.morrow6621@yahoo.com,United States,2020-10-31,Basic,213.63
6622,Dr Declan Wheeler,dr.declan.wheeler6622@yahoo.com,United Kingdom,2020-06-21,Standard,1704.32
6623,Tamara Davis,tamara.davis6623@outlook.com,Australia,2020-06-18,Standard,1707.05
6624,Senn Takkelenburg,senn.takkelenburg6624@hotmail.com,Netherlands,2020-10-26,Basic,343.05
6625,Dr Diane Pearson,dr.diane.pearson6625@icloud.com,United Kingdom,2023-11-29,Standard,1331.97
6626,Kaitlin Gutierrez,kaitlin.gutierrez6626@gmail.com,United States,2024-05-10,Standard,262.68
6627,Matías Galván,matias.galvan6627@yahoo.com,Spain,2024-08-24,Basic,524.94
6628,Clémence Le Roux de Guillon,clemence.le.roux.de.guillon6628@proton.me,France,2022-07-29,Basic,696.41
6629,Jeremiah Nadig,jeremiah.nadig6629@outlook.com,India,2020-10-27,Standard,959.14
6630,Michelle Mcdowell,michelle.mcdowell6630@gmail.com,United States,2021-04-27,Standard,229.31
6631,Shivani Shukla,shivani.shukla6631@icloud.com,India,2020-12-01,Basic,475.38
6632,Samantha Hale,samantha.hale6632@proton.me,United States,2022-07-31,Basic,439.84
6633,Kabir Gopal,kabir.gopal6633@yahoo.com,India,2022-03-12,Premium,2000.82
6634,Rachita Thakkar,rachita.thakkar6634@proton.me,India,2025-09-11,Basic,417.05
6635,Natalio Bertrán-Crespo,natalio.bertran.crespo6635@gmail.com,Spain,2024-10-23,Basic,174.28
6636,Josephine Hoelen,josephine.hoelen6636@proton.me,Netherlands,2023-10-28,Standard,1065.7
6637,Jérôme Ruiz,jerome.ruiz6637@proton.me,France,2021-03-07,Basic,619.99
6638,Christelle Valentin,christelle.valentin6638@proton.me,France,2021-03-17,Standard,817.53
6639,Joseph Shaw,joseph.shaw6639@outlook.com,Canada,2024-01-11,Premium,1404.13
6640,Heather Guzman,heather.guzman6640@gmail.com,United States,2022-06-08,Basic,28.97
6641,Nancy Chavez,nancy.chavez6641@outlook.com,United States,2021-02-26,Basic,625.72
6642,Dana Chapman,dana.chapman6642@outlook.com,Australia,2022-11-10,Basic,569.91
6643,Thales Duarte,thales.duarte6643@icloud.com,Brazil,2020-11-04,Standard,974.28
6644,Anthony May,anthony.may6644@gmail.com,United States,2026-03-10,Basic,209.39
6645,Todd Moore,todd.moore6645@outlook.com,Canada,2023-02-22,Standard,731.45
6646,Mette Stoffelsz-den Haag,mette.stoffelsz.den.haag6646@gmail.com,Netherlands,2026-08-16,Standard,1551.91
6647,Simon Knight-Simpson,simon.knight.simpson6647@icloud.com,United Kingdom,2020-05-22,Standard,367.31
6648,Calcedonio Goldoni,calcedonio.goldoni6648@outlook.com,Italy,2023-10-26,Standard,1130.3
6649,Rachel Taylor,rachel.taylor6649@icloud.com,United States,2026-02-15,Basic,260.16
6650,Jeet Vasa,jeet.vasa6650@hotmail.com,India,2022-11-22,Premium,4436.37
6651,Mark Edwards,mark.edwards6651@yahoo.com,United States,2020-03-06,Standard,742.49
6652,Chema de Crespi,chema.de.crespi6652@proton.me,Spain,2024-12-19,Basic,145.92
6653,Ryan Cunha,ryan.cunha6653@proton.me,Brazil,2025-12-25,Standard,820.29
6654,Carol Williams,carol.williams6654@gmail.com,United Kingdom,2023-11-15,Premium,1154.19
6655,Hernando Sanjuan Soriano,hernando.sanjuan.soriano6655@outlook.com,Spain,2025-07-22,Premium,4427.52
6656,Kornelius Mühle,kornelius.muhle6656@hotmail.com,Germany,2023-04-17,Standard,769.29
6657,Michelle Jacobs,michelle.jacobs6657@icloud.com,Canada,2020-02-28,Premium,3694.58
6658,Honoré Vaillant,honore.vaillant6658@yahoo.com,France,2024-12-31,Basic,82.24
6659,Jennifer Collins,jennifer.collins6659@hotmail.com,Australia,2021-07-15,Basic,389.6
6660,Wilma Sölzer,wilma.solzer6660@yahoo.com,Germany,2023-06-17,Standard,360.33
6661,Lara van der Meulen,lara.van.der.meulen6661@hotmail.com,Netherlands,2026-02-24,Standard,1191.69
6662,Gary Jackson,gary.jackson6662@hotmail.com,Australia,2025-06-01,Standard,356.14
6663,Mr Ronald Butler,mr.ronald.butler6663@yahoo.com,United Kingdom,2025-07-31,Basic,579.53
6664,Joel Frost,joel.frost6664@yahoo.com,United Kingdom,2020-09-14,Basic,579.76
6665,Univ.Prof. Andrej Säuberlich MBA.,univ.prof.andrej.sauberlich.mba6665@yahoo.com,Germany,2022-04-24,Premium,4269.9
6666,Dr Stephen Thomson,,United Kingdom,2022-01-04,Basic,254.64
6667,Dr Duncan Wilson,dr.duncan.wilson6667@proton.me,United Kingdom,2024-05-17,Basic,25.46
6668,Roy Williams,roy.williams6668@icloud.com,United Kingdom,2023-06-19,Standard,1599.64
6669,Prof. Magnus Ullmann,prof.magnus.ullmann6669@gmail.com,Germany,2024-01-22,Basic,63.18
6670,Ashley Hicks,ashley.hicks6670@gmail.com,Australia,2024-01-14,Basic,630.54
6671,Iain Benson,iain.benson6671@gmail.com,United Kingdom,2022-02-10,Basic,372.65
6672,Rosie Harris,rosie.harris6672@hotmail.com,United Kingdom,2020-03-09,Standard,1735.12
6673,Daksha Gala,daksha.gala6673@outlook.com,India,2021-09-03,Standard,359.34
6674,Margot Rodriguez,margot.rodriguez6674@gmail.com,France,2020-01-28,Standard,1607.27
6675,Alcides David Maldonado Luna,alcides.david.maldonado.luna6675@icloud.com,Spain,2023-01-14,Basic,625.15
6676,Christopher Black,christopher.black6676@gmail.com,United States,2023-02-09,Basic,457.46
6677,Sandra Hines,sandra.hines6677@gmail.com,United States,2026-01-13,Basic,352.7
6678,Melissa Sparks,melissa.sparks6678@proton.me,United States,2022-03-17,Standard,1198.04
6679,John Moss,john.moss6679@hotmail.com,Japan,2026-08-20,Basic,127.01
6680,Michael Serrano,michael.serrano6680@gmail.com,Japan,2021-08-31,Premium,1224.6
6681,Andrea Guillen Lamas,andrea.guillen.lamas6681@yahoo.com,Spain,2022-07-23,Premium,2620.72
6682,Sig.ra Melina Vitturi,sig.ra.melina.vitturi6682@proton.me,Italy,2025-10-18,Premium,1203.48
6683,Christina Perry,christina.perry6683@gmail.com,United States,2026-05-10,Standard,1571.5
6684,Shawn Duffy,shawn.duffy6684@hotmail.com,United States,2023-11-09,Basic,375.54
6685,Ekantika Kar,ekantika.kar6685@hotmail.com,India,2022-06-08,Standard,746.68
6686,Caren Stiffel-Henk,caren.stiffel.henk6686@outlook.com,Germany,2023-11-21,Basic,306.48
6687,Hannah Luna,hannah.luna6687@outlook.com,Australia,2025-08-19,Standard,1029.76
6688,Courtney Vaughan,courtney.vaughan6688@hotmail.com,United States,2021-09-02,Standard,637.46
6689,Maria Sims,maria.sims6689@proton.me,United States,2023-08-11,Standard,342.65
6690,Valerie Gonzalez,valerie.gonzalez6690@icloud.com,Japan,2026-03-31,Basic,398.64
6691,Deborah Reeves,deborah.reeves6691@yahoo.com,United Kingdom,2022-10-28,Standard,530.16
6692,Robin Young,robin.young6692@yahoo.com,Australia,2025-09-23,Basic,132.22
6693,Alta  Gracia Gutiérrez Feliciano,alta.gracia.gutierrez.feliciano6693@hotmail.com,Mexico,2024-06-12,Standard,776.49
6694,Janice Ellis,janice.ellis6694@gmail.com,United Kingdom,2025-12-20,Premium,2820.13
6695,Kazim Thies,kazim.thies6695@outlook.com,Germany,2025-08-12,Standard,1342.88
6696,Caroline Morales,caroline.morales6696@proton.me,United States,2025-04-19,Standard,269.22
6697,Dr. Luigi da Mota,dr.luigi.da.mota6697@yahoo.com,Brazil,2024-05-16,Standard,1146.89
6698,David Davis,david.davis6698@proton.me,United States,2021-07-12,Standard,307.21
6699,Zilmil Mander,zilmil.mander6699@hotmail.com,India,2023-04-25,Basic,659.88
6700,Travis Wilson,travis.wilson6700@outlook.com,United States,2022-06-19,Premium,3830.44
6701,Jessica Mora,jessica.mora6701@hotmail.com,United States,2020-11-30,Standard,622.16
6702,Michael Wilson,michael.wilson6702@icloud.com,United States,2024-04-13,Basic,262.96
6703,Dragan Bähr,dragan.bahr6703@outlook.com,Germany,2022-04-18,Standard,1132.01
6704,Zashil Hegde,zashil.hegde6704@hotmail.com,India,2021-01-31,Basic,486.38
6705,Martin Cox,martin.cox6705@yahoo.com,United Kingdom,2022-09-22,Basic,555.21
6706,Nadia Figuerola-Rodríguez,nadia.figuerola.rodriguez6706@yahoo.com,Spain,2024-11-05,Basic,340.5
6707,Cheryl Atkins,cheryl.atkins6707@gmail.com,United States,2022-04-23,Basic,229.22
6708,Miss Michelle Green,miss.michelle.green6708@icloud.com,United Kingdom,2025-07-25,Standard,1323.87
6709,Bernadette du Grégoire,bernadette.du.gregoire6709@icloud.com,France,2024-08-20,Standard,1360.54
6710,Kristy Bryan,kristy.bryan6710@gmail.com,Canada,2025-05-04,Standard,238.58
6711,Agnès Étienne,agnes.etienne6711@yahoo.com,France,2021-04-18,Standard,1124.76
6712,Frederike Lindner B.A.,frederike.lindner.b.a6712@outlook.com,Germany,2022-06-09,Standard,1763.09
6713,Donna Snyder,donna.snyder6713@yahoo.com,United States,2025-07-04,Basic,418.78
6714,Scott Greene,scott.greene6714@yahoo.com,United States,2022-05-28,Premium,1419.3
6715,Diane Byrd MD,diane.byrd.md6715@icloud.com,United States,2023-08-09,Standard,217.58
6716,Charles Roberts,charles.roberts6716@gmail.com,Japan,2023-04-02,Standard,1281.51
6717,Silvia Corral Griego,silvia.corral.griego6717@proton.me,Mexico,2025-11-21,Standard,803.97
6718,Univ.Prof. Danica Langern,univ.prof.danica.langern6718@hotmail.com,Germany,2025-04-15,Basic,360.05
6719,Luke Solomon,luke.solomon6719@gmail.com,United States,2022-06-24,Standard,828.36
6720,Mario Yolanda Carrero,mario.yolanda.carrero6720@outlook.com,Mexico,2024-07-05,Premium,3287.18
6721,Univ.Prof. Mona Bolander B.A.,univ.prof.mona.bolander.b.a6721@proton.me,Germany,2021-07-24,Premium,4472.14
6722,Kamilly Novais,kamilly.novais6722@gmail.com,Brazil,2022-01-11,Basic,460.39
6723,Michael Ellis,michael.ellis6723@icloud.com,United States,2022-05-20,Basic,364.83
6724,Valentim Correia,valentim.correia6724@icloud.com,Brazil,2021-11-06,Standard,1453.72
6725,Craig Morrison,craig.morrison6725@yahoo.com,Australia,2024-10-13,Standard,1454.23
6726,Jeremiah Mitter,jeremiah.mitter6726@yahoo.com,India,2020-02-15,Basic,512.3
6727,Melissa Evans-Phillips,melissa.evans.phillips6727@icloud.com,United Kingdom,2024-10-30,Standard,1242.72
6728,Casey Morris,casey.morris6728@hotmail.com,United States,2024-06-30,Standard,805.2
6729,Melissa Reeves,melissa.reeves6729@icloud.com,Japan,2023-12-14,Basic,88.79
6730,Nancy Scott,nancy.scott6730@proton.me,United States,2022-12-19,Standard,711.09
6731,Josephine Estey-Briere,josephine.estey.briere6731@outlook.com,Netherlands,2026-06-26,Basic,404.63
6732,Anthony Cook,anthony.cook6732@icloud.com,United States,2023-06-20,Basic,563.88
6733,Tracey Kay,tracey.kay6733@yahoo.com,United Kingdom,2022-12-06,Premium,907.63
6734,Ricky Duffy,ricky.duffy6734@yahoo.com,United Kingdom,2025-03-30,Standard,295.77
6735,Mary Thompson,mary.thompson6735@gmail.com,Australia,2023-06-11,Standard,1347.63
6736,Terry Barajas,terry.barajas6736@hotmail.com,United States,2022-10-30,Standard,1022.89
6737,Tracy George,tracy.george6737@hotmail.com,United States,2023-10-16,Standard,1677.43
6738,Kathleen Webster,kathleen.webster6738@icloud.com,Australia,2024-03-04,Standard,575.71
6739,Amber King,amber.king6739@yahoo.com,United States,2025-08-08,Standard,475.6
6740,Elizabeth Foster,elizabeth.foster6740@hotmail.com,United States,2022-03-03,Basic,290.87
6741,Angel May,angel.may6741@yahoo.com,Canada,2025-06-25,Standard,855.66
6742,Karl-Jürgen Junk MBA.,karl.jurgen.junk.mba6742@hotmail.com,Germany,2024-02-08,Standard,745.45
6743,Marilyn Wang,marilyn.wang6743@gmail.com,Canada,2022-05-04,Basic,233.3
6744,Frederike Gerlach-Mies,frederike.gerlach.mies6744@icloud.com,Germany,2020-10-25,Standard,513.1
6745,Nikki Vastenhouw,nikki.vastenhouw6745@icloud.com,Netherlands,2020-04-06,Basic,465.34
6746,Amelia Geerling,amelia.geerling6746@yahoo.com,Netherlands,2024-11-05,Basic,602.1
6747,Walter Hansen,walter.hansen6747@icloud.com,United States,2020-02-23,Standard,958.51
6748,Klara Klapp,klara.klapp6748@outlook.com,Germany,2020-04-22,Premium,1077.48
6749,Debbie Gordon,debbie.gordon6749@gmail.com,United States,2023-10-01,Standard,1745.58
6750,Mrs Laura Archer,mrs.laura.archer6750@yahoo.com,United Kingdom,2022-03-25,Standard,564.34
6751,Yadavi Ganguly,yadavi.ganguly6751@gmail.com,India,2022-12-07,Basic,432.5
6752,Sherry Anderson,sherry.anderson6752@proton.me,United States,2025-11-18,Basic,90.64
6753,Lalo Gomila Company,lalo.gomila.company6753@outlook.com,Spain,2025-02-28,Basic,37.52
6754,Isaque Silveira,isaque.silveira6754@proton.me,Brazil,2026-05-26,Basic,256.27
6755,Joseph Thomas,joseph.thomas6755@yahoo.com,Japan,2025-12-12,Standard,194.16
6756,Ljudmila Nette,ljudmila.nette6756@icloud.com,Germany,2024-04-09,Standard,531.42
6757,Woldemar Hentschel B.Eng.,woldemar.hentschel.b.eng6757@gmail.com,Germany,2026-07-20,Standard,344.98
6758,Xavi Bezemer-Sanders,xavi.bezemer.sanders6758@yahoo.com,Netherlands,2025-02-19,Premium,1930.54
6759,Éric Benoit Le Gosselin,eric.benoit.le.gosselin6759@gmail.com,France,2024-01-30,Standard,788.47
6760,Mark Jimenez,mark.jimenez6760@yahoo.com,Canada,2022-12-29,Basic,443.8
6761,Dorota Huhn,dorota.huhn6761@proton.me,Germany,2024-01-31,Standard,1275.34
6762,Onveer Nazareth,onveer.nazareth6762@yahoo.com,India,2025-06-25,Standard,345.6
6763,Élise Jean,elise.jean6763@outlook.com,France,2021-01-27,Basic,339.92
6764,Melissa Hänel,melissa.hanel6764@proton.me,Germany,2022-01-19,Basic,598.78
6765,Andrew Anderson,andrew.anderson6765@icloud.com,United States,2024-10-02,Standard,820.4
6766,Donna Frye,donna.frye6766@icloud.com,Canada,2026-03-04,Standard,253.68
6767,Severiano Cisneros-Bellido,,Spain,2023-11-06,Standard,932.57
6768,Salvi Stradivari,salvi.stradivari6768@icloud.com,Italy,2024-03-30,Basic,348.22
6769,Ryan Kunen,ryan.kunen6769@icloud.com,Netherlands,2023-04-16,Basic,665.5
6770,Celestino Meléndez Malo,celestino.melendez.malo6770@hotmail.com,Spain,2023-01-26,Standard,968.7
6771,Sandy Adkins,sandy.adkins6771@yahoo.com,United States,2021-09-07,Standard,1535.43
6772,Ayush Bumb,ayush.bumb6772@outlook.com,India,2024-05-31,Basic,563.98
6773,Joann Glass,joann.glass6773@icloud.com,Australia,2024-12-25,Standard,788.96
6774,Alka Kade,alka.kade6774@icloud.com,India,2022-12-21,Basic,527.59
6775,Jordan Anderson,jordan.anderson6775@proton.me,United Kingdom,2022-09-04,Standard,881.53
6776,Diane Mcdowell,diane.mcdowell6776@outlook.com,United States,2020-05-27,Basic,112.55
6777,Pam Baker,pam.baker6777@outlook.com,United States,2022-09-15,Standard,429.93
6778,Azaan Tank,azaan.tank6778@icloud.com,India,2023-01-22,Standard,1384.26
6779,Chasmum Subramanian,chasmum.subramanian6779@outlook.com,India,2022-07-18,Standard,576.85
6780,Steven Stewart,steven.stewart6780@yahoo.com,Japan,2024-12-11,Basic,260.84
6781,Dr. Michael Evans,dr.michael.evans6781@gmail.com,Canada,2025-05-28,Standard,768.09
6782,Anthony Gonzales,anthony.gonzales6782@yahoo.com,Canada,2025-12-25,Standard,814.81
6783,Pamela Hernandez DVM,pamela.hernandez.dvm6783@proton.me,United States,2021-05-10,Standard,1141.38
6784,Dr Alex Brown,dr.alex.brown6784@proton.me,United Kingdom,2025-11-19,Premium,4199.57
6785,Lena van Geest-Schilt,lena.van.geest.schilt6785@gmail.com,Netherlands,2025-04-28,Standard,494.9
6786,Alessia Caboto,alessia.caboto6786@outlook.com,Italy,2020-12-23,Standard,1340.82
6787,Dr Patricia Wood,dr.patricia.wood6787@yahoo.com,United Kingdom,2022-11-20,Basic,237.1
6788,Rebecca Brown,rebecca.brown6788@proton.me,United States,2021-08-01,Standard,1002.27
6789,Rebeca Novais,rebeca.novais6789@hotmail.com,Brazil,2026-07-09,Standard,483.45
6790,Adrian Bradshaw,adrian.bradshaw6790@hotmail.com,United Kingdom,2025-03-28,Standard,854.62
6791,Denis Garnier,denis.garnier6791@hotmail.com,France,2024-11-03,Basic,192.16
6792,Renan Ramos,renan.ramos6792@yahoo.com,Brazil,2025-06-12,Premium,3700.02
6793,Nidra Mishra,nidra.mishra6793@outlook.com,India,2021-04-01,Standard,391.95
6794,David Johnson,david.johnson6794@icloud.com,United States,2023-03-07,Basic,72.13
6795,Michael Graham,michael.graham6795@gmail.com,Japan,2022-01-03,Standard,869.75
6796,Ing. Jadwiga Keudel B.Eng.,ing.jadwiga.keudel.b.eng6796@icloud.com,Germany,2021-03-27,Standard,1133.94
6797,Tammy Williams MD,tammy.williams.md6797@outlook.com,United States,2025-10-21,Standard,1603.9
6798,Betina Ruppersberger,betina.ruppersberger6798@proton.me,Germany,2025-04-06,Standard,473.92
6799,Karina Vasquez,karina.vasquez6799@gmail.com,United States,2024-10-15,Premium,1730.96
6800,Sharon Martinez,sharon.martinez6800@hotmail.com,Japan,2024-02-29,Standard,1711.69
6801,Mr. Lawrence Edwards,mr.lawrence.edwards6801@yahoo.com,Canada,2023-10-30,Premium,3791.68
6802,Amelia Palmer,amelia.palmer6802@proton.me,United Kingdom,2022-01-21,Standard,456.45
6803,Tabea Kroker-Kaul,tabea.kroker.kaul6803@proton.me,Germany,2024-07-10,Basic,342.5
6804,Frithjof Berger-Hövel,frithjof.berger.hovel6804@hotmail.com,Germany,2020-09-04,Standard,1200.24
6805,Beatriz Solís Mateu,beatriz.solis.mateu6805@icloud.com,Spain,2021-05-05,Basic,429.81
6806,Sean White,sean.white6806@proton.me,United States,2024-06-22,Basic,607.32
6807,Morgan Valencia,morgan.valencia6807@yahoo.com,Canada,2022-02-07,Standard,568.36
6808,Elijah Bhasin,elijah.bhasin6808@icloud.com,India,2025-11-03,Basic,672.97
6809,Jordan Nelson,jordan.nelson6809@proton.me,United States,2022-04-28,Basic,192.71
6810,Hajo Margraf,hajo.margraf6810@icloud.com,Germany,2024-12-31,Premium,4191.67
6811,Bianca Wood,bianca.wood6811@gmail.com,Canada,2025-06-27,Standard,1401.52
6812,Ria Sagar,ria.sagar6812@hotmail.com,India,2024-01-28,Premium,910.86
6813,Nelli Naser,nelli.naser6813@gmail.com,Germany,2025-07-24,Premium,2483.75
6814,Laurie Silva,laurie.silva6814@icloud.com,United States,2023-05-19,Standard,1355.74
6815,Emma Owens,emma.owens6815@yahoo.com,Canada,2020-02-13,Standard,1003.95
6816,Madison Weber,,Australia,2022-05-22,Standard,1579.01
6817,Ucchal Jani,ucchal.jani6817@proton.me,India,2020-01-30,Basic,617.41
6818,Maanas Munshi,maanas.munshi6818@hotmail.com,India,2022-01-26,Standard,1163.66
6819,Kelly Duncan,kelly.duncan6819@hotmail.com,United States,2026-03-19,Basic,366.58
6820,Mees van Eck,mees.van.eck6820@hotmail.com,Netherlands,2022-11-15,Standard,1714.57
6821,Eckhart Renner B.Eng.,eckhart.renner.b.eng6821@proton.me,Germany,2025-10-27,Standard,1179.89
6822,Zeynep Garret-van Mook,zeynep.garret.van.mook6822@outlook.com,Netherlands,2022-12-30,Basic,396.81
6823,Hemani Rastogi,hemani.rastogi6823@outlook.com,India,2026-08-03,Standard,479.84
6824,Billy Tate,billy.tate6824@proton.me,United States,2020-05-17,Standard,1614.32
6825,Brigitte Dörr,brigitte.dorr6825@proton.me,Germany,2023-11-02,Premium,3091.46
6826,Lori Hernandez,lori.hernandez6826@gmail.com,Australia,2024-01-21,Premium,3883.6
6827,Kamala Varma,kamala.varma6827@yahoo.com,India,2024-07-05,Standard,511.26
6828,Gianfrancesco Pirandello-Gonzaga,gianfrancesco.pirandello.gonzaga6828@yahoo.com,Italy,2022-10-04,Standard,1741.14
6829,Wendy Hodgson,wendy.hodgson6829@gmail.com,United Kingdom,2022-09-29,Premium,3009.8
6830,Eiravati Khurana,eiravati.khurana6830@outlook.com,India,2023-02-01,Basic,593.07
6831,Jennifer Vermeulen,jennifer.vermeulen6831@proton.me,Netherlands,2025-03-11,Standard,419.53
6832,Stacy Johnson,stacy.johnson6832@proton.me,United States,2024-01-03,Standard,1071.4
6833,Elena Vall Uribe,elena.vall.uribe6833@gmail.com,Spain,2020-03-31,Standard,480.79
6834,Benoît Guillou de Peltier,benoit.guillou.de.peltier6834@icloud.com,France,2021-07-27,Standard,1400.8
6835,Christelle Godard,christelle.godard6835@hotmail.com,France,2025-10-19,Premium,4161.69
6836,Liam Collins,liam.collins6836@gmail.com,United Kingdom,2020-05-13,Standard,1651.58
6837,Melanie Long,melanie.long6837@outlook.com,United States,2023-05-02,Standard,1319.55
6838,Tiffany Hood,tiffany.hood6838@icloud.com,United States,2024-01-10,Standard,1510.52
6839,Jason Loke,jason.loke6839@yahoo.com,India,2026-07-31,Basic,660.29
6840,Brad Rivas,brad.rivas6840@proton.me,United States,2023-09-11,Standard,690.24
6841,David Davis,david.davis6841@gmail.com,Canada,2024-03-14,Basic,386.65
6842,Dr. Andrei Staude B.A.,dr.andrei.staude.b.a6842@proton.me,Germany,2022-02-08,Basic,612.48
6843,Herr Berend Lehmann B.Eng.,herr.berend.lehmann.b.eng6843@outlook.com,Germany,2021-06-22,Standard,1582.32
6844,Jordan Moses,jordan.moses6844@outlook.com,United States,2022-01-26,Basic,271.46
6845,Frau Marisa Winkler B.A.,frau.marisa.winkler.b.a6845@hotmail.com,Germany,2025-12-02,Basic,471.43
6846,Abigail Booker,abigail.booker6846@outlook.com,United States,2026-08-20,Premium,998.46
6847,James Gilbert,james.gilbert6847@icloud.com,Canada,2024-09-29,Basic,600.36
6848,Yug Dhaliwal,yug.dhaliwal6848@outlook.com,India,2022-12-08,Basic,331.1
6849,Tiffany Nguyen,tiffany.nguyen6849@outlook.com,United States,2020-03-02,Basic,539.49
6850,Sean Moore,sean.moore6850@outlook.com,Canada,2026-07-24,Basic,622.22
6851,Sra. Melissa Vieira,sra.melissa.vieira6851@proton.me,Brazil,2020-05-04,Standard,374.78
6852,Morgan Bernard,morgan.bernard6852@hotmail.com,United States,2023-04-04,Premium,4194.57
6853,Christine Williams,christine.williams6853@hotmail.com,United States,2024-01-19,Standard,731.29
6854,Colette Goncalves,colette.goncalves6854@yahoo.com,France,2024-02-17,Basic,368.1
6855,Erica Brown,erica.brown6855@gmail.com,United States,2025-09-10,Basic,115.52
6856,Trevor James,trevor.james6856@hotmail.com,United States,2023-09-12,Standard,1416.6
6857,Wolfram Rogner,wolfram.rogner6857@hotmail.com,Germany,2025-07-12,Standard,1097.8
6858,Christopher Hanna,christopher.hanna6858@outlook.com,United States,2021-04-26,Premium,2702.96
6859,Ann Phelps,ann.phelps6859@outlook.com,United States,2026-07-31,Basic,192.62
6860,Chandresh Mannan,chandresh.mannan6860@icloud.com,India,2020-06-06,Premium,1029.86
6861,Miss Anna Hodgson,miss.anna.hodgson6861@outlook.com,United Kingdom,2024-01-31,Standard,618.94
6862,Caleb da Rocha,caleb.da.rocha6862@icloud.com,Brazil,2024-08-31,Standard,587.5
6863,Thierry Gaillard,thierry.gaillard6863@gmail.com,France,2024-11-22,Standard,475.84
6864,Kenneth Edwards,kenneth.edwards6864@hotmail.com,Canada,2025-06-24,Premium,2020.6
6865,Omya Kothari,omya.kothari6865@outlook.com,India,2020-05-02,Basic,549.15
6866,Dipl.-Ing. Mathias Mülichen,dipl.ing.mathias.mulichen6866@outlook.com,Germany,2020-03-26,Standard,354.48
6867,Richard Mitchell,richard.mitchell6867@yahoo.com,United States,2025-07-03,Premium,2585.9
6868,Mr Jeremy Smith,mr.jeremy.smith6868@gmail.com,United Kingdom,2023-03-05,Basic,665.19
6869,Amélie Bouchet,amelie.bouchet6869@yahoo.com,France,2023-02-05,Premium,4153.69
6870,Falak Munshi,falak.munshi6870@gmail.com,India,2020-08-16,Standard,1734.63
6871,Aimee Hughes,aimee.hughes6871@yahoo.com,United Kingdom,2023-04-01,Standard,1177.1
6872,Nigel Murphy,nigel.murphy6872@outlook.com,United Kingdom,2024-11-17,Basic,671.8
6873,Univ.Prof. Dagmar Wernecke B.Eng.,univ.prof.dagmar.wernecke.b.eng6873@icloud.com,Germany,2022-05-29,Standard,1460.65
6874,Anita Ariño Rosales,anita.arino.rosales6874@hotmail.com,Spain,2024-08-25,Standard,239.05
6875,Megan Grondel,megan.grondel6875@icloud.com,Netherlands,2023-12-29,Basic,228.53
6876,Jayson van Allemanië,jayson.van.allemanie6876@icloud.com,Netherlands,2021-01-10,Premium,2344.29
6877,Inès Hebert,ines.hebert6877@outlook.com,France,2022-04-02,Premium,1128.54
6878,María Del Carmen Ibáñez Amigó,maria.del.carmen.ibanez.amigo6878@proton.me,Spain,2025-04-15,Standard,1413.83
6879,Martha Martinez,martha.martinez6879@proton.me,United States,2026-06-29,Standard,532.0
6880,Kathleen Bailey,kathleen.bailey6880@hotmail.com,United Kingdom,2020-07-08,Basic,440.84
6881,Nanni Sforza-Visconti,nanni.sforza.visconti6881@gmail.com,Italy,2024-09-17,Premium,2930.29
6882,Isabella Ravaglioli,isabella.ravaglioli6882@icloud.com,Italy,2025-09-04,Standard,1216.28
6883,Jeffrey Drake MD,jeffrey.drake.md6883@gmail.com,United States,2020-05-16,Standard,1453.59
6884,Kathleen Robertson,kathleen.robertson6884@icloud.com,Canada,2020-11-16,Premium,2166.87
6885,Bonnie Wade,bonnie.wade6885@gmail.com,United States,2021-10-24,Standard,230.0
6886,Nathaniel Tara,nathaniel.tara6886@yahoo.com,India,2022-08-30,Basic,659.79
6887,Eva Seidel,eva.seidel6887@hotmail.com,Germany,2026-08-03,Premium,4165.69
6888,Lorraine Chrétien du Rey,lorraine.chretien.du.rey6888@yahoo.com,France,2026-02-03,Standard,888.45
6889,Kayla Burns,kayla.burns6889@proton.me,United States,2020-09-14,Standard,1164.65
6890,Mr. Alexander Landry MD,mr.alexander.landry.md6890@outlook.com,Canada,2025-01-16,Standard,1391.94
6891,Udo Wilmsen,udo.wilmsen6891@hotmail.com,Germany,2024-11-05,Standard,1383.76
6892,Karen Hart,karen.hart6892@yahoo.com,United States,2020-02-02,Standard,643.31
6893,Isabelle Ruiz-Lelièvre,isabelle.ruiz.lelievre6893@yahoo.com,France,2023-04-19,Premium,3633.92
6894,Massimo Ruppersberger,massimo.ruppersberger6894@hotmail.com,Germany,2023-02-13,Premium,3819.84
6895,Miss Rosie Palmer,miss.rosie.palmer6895@gmail.com,United Kingdom,2022-11-21,Standard,1072.03
6896,Jeremy Turner,jeremy.turner6896@yahoo.com,Australia,2025-07-20,Standard,866.26
6897,Peter Shepherd,peter.shepherd6897@icloud.com,United States,2023-09-02,Standard,1277.11
6898,Cindy Gomez,cindy.gomez6898@hotmail.com,Canada,2023-05-23,Standard,1084.69
6899,Dr Gerald Shepherd,dr.gerald.shepherd6899@icloud.com,United Kingdom,2024-12-31,Standard,654.83
6900,Sig.ra Lara Sansoni,sig.ra.lara.sansoni6900@hotmail.com,Italy,2022-06-08,Basic,409.1
6901,Julien du Pinto,julien.du.pinto6901@yahoo.com,France,2021-01-11,Basic,247.94
6902,Prof. Paul-Heinz Ullrich B.Sc.,prof.paul.heinz.ullrich.b.sc6902@outlook.com,Germany,2021-08-13,Premium,1832.85
6903,Liberto Gregorio-Gianetti,liberto.gregorio.gianetti6903@proton.me,Italy,2024-03-31,Basic,418.75
6904,Jessica Simmons,jessica.simmons6904@icloud.com,United States,2026-05-04,Basic,206.08
6905,Fredo Mennea,fredo.mennea6905@hotmail.com,Italy,2024-05-18,Standard,1793.4
6906,Johnny Khan,johnny.khan6906@gmail.com,Canada,2026-01-11,Premium,1314.69
6907,Anthony Romero,anthony.romero6907@yahoo.com,Australia,2022-09-22,Standard,1222.38
6908,Dr. Martha Hidalgo,dr.martha.hidalgo6908@proton.me,Mexico,2021-07-12,Standard,1074.31
6909,Glenn Ford,glenn.ford6909@gmail.com,United States,2022-07-16,Standard,530.17
6910,Laurent Gaudin du Renard,laurent.gaudin.du.renard6910@outlook.com,France,2020-08-06,Basic,480.96
6911,Michael Moore,michael.moore6911@icloud.com,United States,2024-08-21,Standard,646.32
6912,Mark Warren IV,mark.warren.iv6912@icloud.com,Japan,2023-08-31,Standard,553.6
6913,Darío Almansa Leon,dario.almansa.leon6913@outlook.com,Spain,2023-09-04,Standard,1282.7
6914,Almudena Díez-Sosa,almudena.diez.sosa6914@outlook.com,Spain,2025-01-14,Standard,1225.35
6915,Thibaut de la Deschamps,thibaut.de.la.deschamps6915@outlook.com,France,2025-02-28,Standard,1076.68
6916,Terry Woods,terry.woods6916@outlook.com,United States,2023-10-13,Premium,3518.61
6917,Modesta Salamanca,modesta.salamanca6917@proton.me,Spain,2025-05-15,Standard,580.88
6918,Carl Leach,carl.leach6918@icloud.com,United States,2022-12-17,Standard,833.48
6919,Kelly Phillips,kelly.phillips6919@hotmail.com,United States,2020-05-29,Standard,327.16
6920,Fiorino Fermi,fiorino.fermi6920@outlook.com,Italy,2022-03-01,Basic,564.75
6921,Billy Williams,billy.williams6921@gmail.com,United States,2023-04-10,Premium,4428.54
6922,Julie Herrera,julie.herrera6922@hotmail.com,Canada,2022-10-21,Standard,314.59
6923,Mr Kieran Potter,mr.kieran.potter6923@gmail.com,United Kingdom,2022-10-19,Standard,1192.09
6924,Jeffery Davis,jeffery.davis6924@icloud.com,United States,2023-11-24,Standard,1234.71
6925,Fiene de Wit-van der Ven,fiene.de.wit.van.der.ven6925@hotmail.com,Netherlands,2024-03-12,Standard,538.46
6926,Oliver Jones-Williamson,oliver.jones.williamson6926@icloud.com,United Kingdom,2023-08-01,Premium,1124.09
6927,Laura King,laura.king6927@yahoo.com,United States,2022-01-30,Basic,503.96
6928,Jessica Khan,jessica.khan6928@hotmail.com,Canada,2024-09-29,Standard,1791.92
6929,Brad Gordon,brad.gordon6929@hotmail.com,United States,2026-08-17,Standard,228.57
6930,Matthew White,matthew.white6930@yahoo.com,United States,2022-04-17,Standard,152.58
6931,James Miller,james.miller6931@proton.me,United States,2025-09-01,Standard,277.74
6932,Koen Frerichs,koen.frerichs6932@gmail.com,Netherlands,2020-06-05,Standard,359.4
6933,Elizabeth Matthews,elizabeth.matthews6933@outlook.com,United States,2023-12-02,Standard,1533.68
6934,Jesse Brown,jesse.brown6934@outlook.com,Australia,2026-07-05,Basic,299.34
6935,Wishi Morar,wishi.morar6935@gmail.com,India,2023-09-29,Basic,344.33
6936,Tristan Leduc,tristan.leduc6936@outlook.com,France,2024-10-24,Premium,1218.34
6937,Miss Donna Newman,,United Kingdom,2025-08-25,Basic,55.2
6938,Saverio Lercari,saverio.lercari6938@gmail.com,Italy,2025-06-05,Standard,1629.8
6939,Caroline Mendès,caroline.mendes6939@gmail.com,France,2022-06-23,Premium,1084.2
6940,Arin Chana,arin.chana6940@yahoo.com,India,2021-07-27,Premium,2834.11
6941,Dipl.-Ing. Thilo Gierschner,dipl.ing.thilo.gierschner6941@outlook.com,Germany,2022-04-03,Basic,99.41
6942,Daniela Samuel Zepeda Carrero,daniela.samuel.zepeda.carrero6942@yahoo.com,Mexico,2021-09-26,Premium,1709.57
6943,Yashasvi Shankar,yashasvi.shankar6943@hotmail.com,India,2023-03-01,Standard,293.53
6944,Sergio Kruschwitz,sergio.kruschwitz6944@hotmail.com,Germany,2023-12-10,Standard,221.34
6945,Michael Hanson,michael.hanson6945@hotmail.com,United States,2020-12-20,Basic,678.41
6946,Duncan Morgan,duncan.morgan6946@gmail.com,United Kingdom,2024-09-10,Basic,194.12
6947,Mr Ben Patel,mr.ben.patel6947@outlook.com,United Kingdom,2021-09-05,Standard,1701.29
6948,Vincent Savage,vincent.savage6948@proton.me,Japan,2022-09-18,Standard,1621.22
6949,Angela Lin,angela.lin6949@yahoo.com,Australia,2025-02-05,Basic,101.1
6950,Cody Burgess,cody.burgess6950@outlook.com,United States,2024-11-23,Standard,218.75
6951,Pamela Diaz,pamela.diaz6951@outlook.com,Canada,2025-03-08,Basic,546.51
6952,Hugo Bianca Véliz,hugo.bianca.veliz6952@gmail.com,Mexico,2025-11-10,Premium,2217.36
6953,Nathan Sales,nathan.sales6953@icloud.com,Brazil,2022-04-09,Basic,680.99
6954,Dr Justin Clark,dr.justin.clark6954@yahoo.com,United Kingdom,2026-06-10,Basic,538.16
6955,Cipriano Ruano-Téllez,cipriano.ruano.tellez6955@gmail.com,Spain,2024-02-26,Standard,615.1
6956,Tanveer Pandit,tanveer.pandit6956@outlook.com,India,2020-12-01,Basic,307.56
6957,Dr. Valeska Weiß B.Eng.,dr.valeska.wei.b.eng6957@gmail.com,Germany,2024-12-16,Standard,460.77
6958,Leandro Ribeiro,leandro.ribeiro6958@proton.me,Brazil,2025-12-02,Standard,394.04
6959,Shelby Rodriguez,shelby.rodriguez6959@proton.me,United States,2022-12-21,Standard,1021.73
6960,Oliver Wright,oliver.wright6960@proton.me,United Kingdom,2023-09-17,Basic,412.14
6961,Abigail Wilson,abigail.wilson6961@gmail.com,United States,2023-06-01,Premium,3666.82
6962,John Holt,john.holt6962@outlook.com,Japan,2023-06-02,Standard,204.08
6963,George Richardson,george.richardson6963@gmail.com,United Kingdom,2022-06-25,Premium,2248.0
6964,James Watson,james.watson6964@yahoo.com,United Kingdom,2022-07-07,Basic,162.08
6965,Tracy Guzman,tracy.guzman6965@outlook.com,United States,2025-05-28,Basic,273.61
6966,Owen Kelly,owen.kelly6966@hotmail.com,United Kingdom,2020-08-04,Premium,3832.64
6967,Mr. William Ward,mr.william.ward6967@gmail.com,Japan,2024-07-19,Basic,202.89
6968,Adelbert Huhn,adelbert.huhn6968@hotmail.com,Germany,2020-05-15,Standard,392.09
6969,Lisa Hunter,lisa.hunter6969@gmail.com,Australia,2023-01-09,Standard,333.68
6970,Melissa Foster,melissa.foster6970@proton.me,United States,2021-11-25,Standard,1271.94
6971,Fatima Veenstra,fatima.veenstra6971@yahoo.com,Netherlands,2026-05-04,Basic,87.46
6972,Chandresh Manda,chandresh.manda6972@icloud.com,India,2024-03-12,Standard,328.93
6973,Dr Denis Rees,dr.denis.rees6973@hotmail.com,United Kingdom,2024-03-15,Premium,3035.93
6974,Vitali Käster,vitali.kaster6974@proton.me,Germany,2022-08-27,Basic,547.61
6975,Calvin Smith,calvin.smith6975@proton.me,United States,2020-10-10,Basic,487.8
6976,Chantal Le Perez,chantal.le.perez6976@icloud.com,France,2020-12-09,Basic,434.44
6977,Kelly Lee,kelly.lee6977@yahoo.com,Canada,2020-10-28,Standard,499.61
6978,Alan Waller,alan.waller6978@outlook.com,Japan,2025-08-08,Premium,3027.99
6979,Youssef die Bont,youssef.die.bont6979@proton.me,Netherlands,2023-05-13,Premium,2096.43
6980,Grégoire Lebreton,gregoire.lebreton6980@proton.me,France,2023-04-27,Basic,612.33
6981,Niek van der Pouw,niek.van.der.pouw6981@proton.me,Netherlands,2023-09-30,Standard,1686.8
6982,Dr Tom Morley,dr.tom.morley6982@gmail.com,United Kingdom,2025-07-30,Basic,693.57
6983,Maria Eduarda Melo,maria.eduarda.melo6983@gmail.com,Brazil,2026-06-19,Standard,446.88
6984,Christine Wong,christine.wong6984@icloud.com,United States,2023-08-05,Standard,1226.71
6985,Claudine du Robin,claudine.du.robin6985@hotmail.com,France,2021-03-29,Standard,1500.98
6986,Ira Segebahn,ira.segebahn6986@yahoo.com,Germany,2024-04-17,Basic,577.88
6987,Jessica Garrett,jessica.garrett6987@icloud.com,United States,2024-11-21,Standard,1577.44
6988,Julian Conner,julian.conner6988@gmail.com,Australia,2022-06-21,Standard,155.33
6989,Upma Mangal,upma.mangal6989@icloud.com,India,2023-02-14,Basic,27.35
6990,Angel Gordon,angel.gordon6990@proton.me,Canada,2025-03-29,Premium,4027.72
6991,Hugo Velásquez Núñez,,Mexico,2024-07-21,Standard,1020.18
6992,Derek Smith,derek.smith6992@proton.me,United Kingdom,2025-11-15,Standard,1508.41
6993,Vitória Ferreira,vitoria.ferreira6993@gmail.com,Brazil,2020-12-12,Standard,1121.3
6994,Cheryl Turner,cheryl.turner6994@hotmail.com,United States,2025-09-05,Premium,4347.74
6995,John Johnson,john.johnson6995@outlook.com,United States,2024-10-14,Standard,1425.3
6996,Hritik Sankar,hritik.sankar6996@hotmail.com,India,2023-06-07,Standard,1740.83
6997,Dr. Sigrun Pärtzelt MBA.,dr.sigrun.partzelt.mba6997@proton.me,Germany,2023-07-26,Basic,269.36
6998,Maurice Lévêque-Michel,maurice.leveque.michel6998@icloud.com,France,2021-04-04,Basic,576.77
6999,Christian Park,christian.park6999@outlook.com,United States,2021-05-07,Basic,273.67
7000,Kaitlyn Heath,kaitlyn.heath7000@proton.me,United States,2026-05-19,Basic,472.45
7001,Jente Claesdr-Lieshout,jente.claesdr.lieshout7001@proton.me,Netherlands,2025-12-13,Basic,436.62
7002,Martin Edwards,martin.edwards7002@gmail.com,United Kingdom,2025-07-24,Standard,850.29
7003,Joanna Pacheco,joanna.pacheco7003@proton.me,Australia,2025-11-20,Standard,930.26
7004,Dr Alan Patterson,dr.alan.patterson7004@gmail.com,United Kingdom,2026-03-06,Premium,1218.12
7005,Anastasie Delaunay,anastasie.delaunay7005@outlook.com,France,2025-09-18,Standard,1767.62
7006,Corinne Dowerg,corinne.dowerg7006@icloud.com,Germany,2022-09-04,Standard,1775.09
7007,Joel Oliveras Real,joel.oliveras.real7007@proton.me,Spain,2023-09-26,Standard,656.38
7008,Diana Hays,diana.hays7008@outlook.com,Canada,2024-05-02,Standard,1123.92
7009,Erica Alvarez,erica.alvarez7009@yahoo.com,Australia,2023-12-07,Premium,933.56
7010,Christina Hudson,christina.hudson7010@yahoo.com,United States,2020-09-09,Standard,1621.9
7011,Cathrin Wagenknecht,cathrin.wagenknecht7011@icloud.com,Germany,2021-05-19,Premium,3796.47
7012,Amber Smith,amber.smith7012@gmail.com,United States,2026-05-17,Standard,1115.69
7013,Michelle Petty,michelle.petty7013@outlook.com,United States,2022-09-05,Standard,501.26
7014,Nancy Larson,nancy.larson7014@icloud.com,United States,2025-05-13,Standard,215.35
7015,Aishani Pau,aishani.pau7015@icloud.com,India,2021-06-27,Standard,1367.77
7016,Antonio Garcia,antonio.garcia7016@outlook.com,Australia,2022-08-08,Standard,1541.12
7017,Donna Freeman,donna.freeman7017@proton.me,United States,2021-12-04,Premium,3013.42
7018,Mr. Logan Gregory,mr.logan.gregory7018@icloud.com,United States,2025-07-03,Standard,981.9
7019,Katherine Klein,katherine.klein7019@icloud.com,United States,2021-10-07,Standard,1559.91
7020,Jasmit Bath,jasmit.bath7020@outlook.com,India,2024-02-17,Premium,1653.81
7021,Elvia Benítez,elvia.benitez7021@yahoo.com,Mexico,2021-07-16,Standard,286.46
7022,Charan Hayer,charan.hayer7022@icloud.com,India,2024-11-02,Standard,1688.96
7023,Lynn van Wel,lynn.van.wel7023@icloud.com,Netherlands,2023-02-08,Standard,1488.34
7024,Marga Hertrampf B.A.,marga.hertrampf.b.a7024@proton.me,Germany,2020-08-15,Standard,1742.97
7025,Michelle de la Collin,michelle.de.la.collin7025@hotmail.com,France,2025-05-30,Basic,404.72
7026,Paul Kallert,paul.kallert7026@yahoo.com,Germany,2020-10-30,Basic,476.79
7027,Jennifer Stewart,jennifer.stewart7027@proton.me,United States,2023-07-31,Standard,558.6
7028,Estrella Calvo Cuevas,estrella.calvo.cuevas7028@gmail.com,Spain,2020-10-08,Standard,966.67
7029,Steven Butler,steven.butler7029@icloud.com,United States,2021-07-30,Basic,335.11
7030,Johnny Mcmillan,johnny.mcmillan7030@outlook.com,United States,2025-10-12,Premium,3712.71
7031,Shane Jackson,shane.jackson7031@proton.me,United Kingdom,2024-03-08,Standard,731.36
7032,Laila Steuer,laila.steuer7032@icloud.com,Germany,2022-11-16,Premium,2933.49
7033,Diethard Schmidt MBA.,diethard.schmidt.mba7033@hotmail.com,Germany,2025-03-01,Basic,569.45
7034,Barbara Hester,barbara.hester7034@outlook.com,Canada,2020-03-08,Standard,1402.38
7035,Michael Smith,michael.smith7035@icloud.com,United States,2023-01-21,Standard,325.16
7036,Gwendolyn Klein,gwendolyn.klein7036@gmail.com,Australia,2020-03-05,Standard,1565.88
7037,Carrie Wright,carrie.wright7037@icloud.com,Australia,2025-04-25,Standard,468.37
7038,Corey Cooper,corey.cooper7038@icloud.com,United States,2021-09-07,Premium,4343.58
7039,Daniel Stout,daniel.stout7039@icloud.com,United States,2020-10-17,Standard,1597.53
7040,Bhavya Borah,bhavya.borah7040@icloud.com,India,2021-04-10,Standard,406.78
7041,Luísa Fogaça,luisa.fogaca7041@proton.me,Brazil,2026-07-29,Standard,889.69
7042,Sig.ra Bettina Ferrara,sig.ra.bettina.ferrara7042@yahoo.com,Italy,2025-12-05,Standard,979.62
7043,Yamini Seshadri,yamini.seshadri7043@gmail.com,India,2020-12-31,Standard,974.15
7044,Sra. Júlia das Neves,sra.julia.das.neves7044@outlook.com,Brazil,2025-02-19,Standard,237.8
7045,Lance Kirby,lance.kirby7045@hotmail.com,United States,2023-03-18,Basic,618.18
7046,Bonnie Carter,bonnie.carter7046@yahoo.com,United States,2023-05-21,Basic,250.67
7047,Howard Bennett,howard.bennett7047@hotmail.com,United Kingdom,2021-10-28,Premium,1458.11
7048,Toni Whitaker,toni.whitaker7048@yahoo.com,United States,2023-10-31,Basic,560.31
7049,Jagat Dave,jagat.dave7049@proton.me,India,2021-11-25,Premium,1724.85
7050,Dr Abdul Sims,dr.abdul.sims7050@hotmail.com,United Kingdom,2020-12-07,Basic,191.13
7051,Mrs Michelle Hilton,mrs.michelle.hilton7051@outlook.com,United Kingdom,2024-04-25,Standard,252.4
7052,Gianluigi Onisto-Errani,gianluigi.onisto.errani7052@icloud.com,Italy,2023-10-26,Basic,199.95
7053,Julien Hubert,julien.hubert7053@proton.me,France,2020-07-26,Standard,1463.58
7054,Morgan Flynn,morgan.flynn7054@icloud.com,United States,2025-11-22,Basic,76.97
7055,Prof. Gaby Christoph,prof.gaby.christoph7055@outlook.com,Germany,2021-03-19,Standard,706.54
7056,Sarah Howell,sarah.howell7056@proton.me,United States,2020-12-15,Basic,25.31
7057,Paul Estrada,paul.estrada7057@outlook.com,United States,2021-03-13,Standard,808.94
7058,Brett Evans,brett.evans7058@gmail.com,United Kingdom,2023-10-14,Standard,1246.35
7059,Curtis Obrien,curtis.obrien7059@proton.me,United States,2023-10-07,Standard,466.38
7060,Hugues Perrin,hugues.perrin7060@hotmail.com,France,2024-05-24,Standard,1475.97
7061,Jason Chaney,jason.chaney7061@outlook.com,United States,2020-10-02,Standard,861.31
7062,Jeffrey Mills,jeffrey.mills7062@outlook.com,Australia,2026-03-10,Premium,3193.15
7063,Daniel Williams,daniel.williams7063@outlook.com,United States,2025-04-23,Standard,1083.6
7064,Claudine Dos Santos,claudine.dos.santos7064@yahoo.com,France,2023-05-30,Standard,430.8
7065,Noortje Carnotte-Massa,noortje.carnotte.massa7065@gmail.com,Netherlands,2021-02-24,Standard,414.05
7066,Meera Prakash,meera.prakash7066@icloud.com,India,2023-01-12,Standard,628.82
7067,Stewart Thomas,stewart.thomas7067@gmail.com,United Kingdom,2022-06-05,Basic,674.0
7068,Guy Georges,guy.georges7068@hotmail.com,France,2026-06-22,Standard,1107.8
7069,Declan Willis,declan.willis7069@yahoo.com,United Kingdom,2024-08-15,Standard,159.44
7070,Stanley Kelly,stanley.kelly7070@yahoo.com,United States,2020-05-05,Premium,1917.29
7071,Ronald Kline,ronald.kline7071@gmail.com,United States,2025-09-03,Standard,1308.04
7072,Marie-Luise Dehmel-Gorlitz,marie.luise.dehmel.gorlitz7072@icloud.com,Germany,2025-10-04,Basic,288.93
7073,Dr Robin Whitehouse,dr.robin.whitehouse7073@outlook.com,United Kingdom,2026-02-05,Premium,2807.11
7074,Ignatz Junitz-Hering,ignatz.junitz.hering7074@icloud.com,Germany,2021-05-25,Standard,786.22
7075,Arthur Jordan,arthur.jordan7075@outlook.com,Japan,2021-02-20,Basic,235.72
7076,Barbara Walker,barbara.walker7076@proton.me,United States,2026-06-20,Premium,4162.78
7077,Danielle Morton,danielle.morton7077@yahoo.com,United Kingdom,2021-04-10,Standard,191.97
7078,Gerald Kelly,gerald.kelly7078@yahoo.com,United States,2020-09-09,Standard,1606.4
7079,Shawn Adams,shawn.adams7079@outlook.com,United States,2024-07-07,Basic,385.19
7080,Michael Robertson,michael.robertson7080@yahoo.com,United States,2023-04-02,Premium,1727.61
7081,Noël Pons,noel.pons7081@gmail.com,France,2021-05-28,Premium,3488.15
7082,Jake Campbell,jake.campbell7082@outlook.com,Australia,2024-06-04,Premium,2254.34
7083,Igor Campos,igor.campos7083@proton.me,Brazil,2022-09-21,Basic,131.72
7084,Dr. Benjamín Madera,dr.benjamin.madera7084@outlook.com,Mexico,2022-10-08,Basic,678.08
7085,Michelle House,michelle.house7085@yahoo.com,Japan,2022-09-17,Standard,877.67
7086,Jim Skinner,jim.skinner7086@hotmail.com,United States,2025-04-25,Standard,663.05
7087,Brian Bishop,brian.bishop7087@proton.me,United States,2022-03-21,Standard,1196.89
7088,Adèle Chevalier de Boucher,adele.chevalier.de.boucher7088@icloud.com,France,2026-01-01,Standard,1315.03
7089,Theresa Colon,theresa.colon7089@proton.me,Japan,2024-06-06,Basic,229.11
7090,Sr(a). Raúl Arguello,sr.a.raul.arguello7090@proton.me,Mexico,2025-08-06,Standard,371.25
7091,Brian Soto,brian.soto7091@proton.me,United States,2023-10-16,Premium,1880.82
7092,Denis du Masson,denis.du.masson7092@gmail.com,France,2022-09-14,Basic,496.8
7093,Susan Moore,susan.moore7093@outlook.com,Japan,2020-10-26,Premium,3290.89
7094,Lisa Huijbrechts,lisa.huijbrechts7094@icloud.com,Netherlands,2025-07-12,Basic,122.63
7095,Josephine van Saksen,josephine.van.saksen7095@yahoo.com,Netherlands,2023-11-12,Standard,863.23
7096,Garry Bevan-Holmes,garry.bevan.holmes7096@gmail.com,United Kingdom,2024-11-24,Basic,474.84
7097,Robert Morgan,robert.morgan7097@proton.me,Canada,2022-04-29,Standard,950.9
7098,Srta. Luara Campos,srta.luara.campos7098@proton.me,Brazil,2022-08-16,Standard,676.45
7099,Jeremy Hunter,jeremy.hunter7099@icloud.com,United States,2021-02-27,Basic,139.25
7100,Guiomar Valbuena Maldonado,guiomar.valbuena.maldonado7100@icloud.com,Spain,2022-02-20,Basic,462.47
7101,Óscar Luis Miguel Nevárez Barrientos,oscar.luis.miguel.nevarez.barrientos7101@proton.me,Mexico,2021-11-12,Basic,335.11
7102,Jasmit Dhawan,jasmit.dhawan7102@icloud.com,India,2020-03-28,Standard,1773.27
7103,Ruth Arco Sanz,ruth.arco.sanz7103@outlook.com,Spain,2022-01-09,Standard,533.21
7104,Annette Holland,annette.holland7104@hotmail.com,Japan,2022-08-04,Premium,3072.53
7105,Rosemary Patel,rosemary.patel7105@yahoo.com,United Kingdom,2020-10-16,Basic,514.69
7106,Georges Hernandez de Rousseau,georges.hernandez.de.rousseau7106@icloud.com,France,2022-02-05,Standard,1223.82
7107,Declan Fox,declan.fox7107@outlook.com,United Kingdom,2025-03-30,Basic,258.67
7108,Amin Pauwels,amin.pauwels7108@proton.me,Netherlands,2020-01-14,Standard,768.68
7109,Marc Riou-Loiseau,marc.riou.loiseau7109@icloud.com,France,2023-05-03,Standard,1236.73
7110,Yashodhara Ratti,yashodhara.ratti7110@hotmail.com,India,2022-03-21,Basic,332.85
7111,Nicole Gonzalez,nicole.gonzalez7111@proton.me,Canada,2024-08-25,Premium,1061.56
7112,Kathryn Williams,kathryn.williams7112@gmail.com,Canada,2023-08-25,Basic,266.92
7113,Chakradev Barad,chakradev.barad7113@outlook.com,India,2026-03-12,Standard,742.34
7114,George Harper,george.harper7114@yahoo.com,Australia,2024-02-27,Standard,705.47
7115,Chad Allison,chad.allison7115@yahoo.com,United States,2020-05-21,Basic,438.33
7116,Keith Ward,keith.ward7116@gmail.com,United Kingdom,2026-07-11,Standard,1238.09
7117,Jodie Webb,jodie.webb7117@proton.me,United Kingdom,2021-02-11,Premium,2319.67
7118,Mrs Amy Holden,mrs.amy.holden7118@gmail.com,United Kingdom,2022-08-01,Basic,569.51
7119,Francesco Kraus,francesco.kraus7119@hotmail.com,Germany,2023-12-27,Basic,31.63
7120,Dra. Ester Correia,dra.ester.correia7120@proton.me,Brazil,2020-05-04,Standard,960.54
7121,Dipl.-Ing. Pierre Hethur B.Eng.,dipl.ing.pierre.hethur.b.eng7121@yahoo.com,Germany,2021-07-30,Standard,371.61
7122,Rodrigo da Mota,rodrigo.da.mota7122@hotmail.com,Brazil,2025-08-19,Basic,339.63
7123,Alberto Udinese-Celentano,alberto.udinese.celentano7123@gmail.com,Italy,2022-03-24,Basic,582.59
7124,Jason Mack,jason.mack7124@proton.me,United States,2026-02-10,Premium,2709.03
7125,Liane Ullrich,liane.ullrich7125@icloud.com,Germany,2026-05-24,Basic,263.48
7126,Dra. Valentina Peixoto,dra.valentina.peixoto7126@proton.me,Brazil,2024-12-20,Basic,599.84
7127,Steven Stone-Ward,steven.stone.ward7127@yahoo.com,United Kingdom,2021-05-06,Premium,1396.56
7128,Maria Jones,maria.jones7128@icloud.com,Australia,2024-09-29,Standard,1563.44
7129,Robert Peterson,robert.peterson7129@yahoo.com,Japan,2020-10-15,Premium,3043.4
7130,Antonino Berrè-Visconti,antonino.berre.visconti7130@yahoo.com,Italy,2021-03-06,Basic,697.51
7131,Gary Wells,gary.wells7131@yahoo.com,Canada,2022-09-13,Premium,2398.34
7132,Michael Mitchell,michael.mitchell7132@icloud.com,Australia,2022-11-28,Standard,193.47
7133,Angela Watson,angela.watson7133@icloud.com,United States,2021-01-26,Standard,180.88
7134,Anouk Masson,anouk.masson7134@outlook.com,France,2026-02-19,Basic,507.8
7135,Agnès Lefort,agnes.lefort7135@gmail.com,France,2021-06-12,Premium,1366.34
7136,Heather Ortega,heather.ortega7136@outlook.com,United States,2020-04-07,Standard,888.77
7137,Paul Fisher,paul.fisher7137@outlook.com,United States,2024-09-27,Premium,3147.31
7138,Francesco Söding,francesco.soding7138@hotmail.com,Germany,2022-02-23,Premium,1037.65
7139,Larry Robertson,larry.robertson7139@icloud.com,Canada,2025-05-12,Basic,601.47
7140,Robert Gutierrez,robert.gutierrez7140@yahoo.com,United States,2020-03-25,Standard,1212.97
7141,Isabelle de la Klein,isabelle.de.la.klein7141@outlook.com,France,2022-05-22,Basic,232.08
7142,Jimmy Phelps,jimmy.phelps7142@gmail.com,United States,2024-08-11,Standard,1586.8
7143,Jari van der Zijl,jari.van.der.zijl7143@outlook.com,Netherlands,2024-06-06,Premium,844.35
7144,Mr Elliot Jones,mr.elliot.jones7144@yahoo.com,United Kingdom,2021-05-14,Standard,754.54
7145,Dino Stradivari-Camilleri,dino.stradivari.camilleri7145@hotmail.com,Italy,2026-05-28,Standard,228.09
7146,Martha Heinz,martha.heinz7146@yahoo.com,Germany,2021-06-07,Standard,1134.71
7147,Anthony Williams,anthony.williams7147@proton.me,United Kingdom,2025-03-16,Premium,1114.82
7148,Eric Newton-Hodgson,eric.newton.hodgson7148@gmail.com,United Kingdom,2025-11-11,Basic,429.94
7149,Mary Escobar,mary.escobar7149@icloud.com,Australia,2026-03-20,Standard,1063.65
7150,Carlos Eduardo Correia,carlos.eduardo.correia7150@hotmail.com,Brazil,2025-07-04,Standard,1363.66
7151,Fausto Iniesta Morales,fausto.iniesta.morales7151@gmail.com,Spain,2022-06-10,Standard,916.79
7152,Heidi Johnson,heidi.johnson7152@yahoo.com,United States,2026-01-08,Premium,4392.56
7153,Adam Drake,adam.drake7153@hotmail.com,United States,2021-10-20,Premium,2674.71
7154,Angela Edwards,angela.edwards7154@outlook.com,United States,2024-01-19,Premium,1735.78
7155,Mr Mark Baker,mr.mark.baker7155@icloud.com,United Kingdom,2024-08-05,Basic,570.73
7156,Mrs. Amy Malone,mrs.amy.malone7156@proton.me,United States,2025-02-11,Basic,175.76
7157,Margaret Orr,margaret.orr7157@icloud.com,United States,2020-05-05,Standard,1757.89
7158,Gauri Som,gauri.som7158@outlook.com,India,2020-06-13,Standard,1195.57
7159,Mark Reeves,mark.reeves7159@hotmail.com,United States,2023-07-30,Standard,1172.7
7160,Kelly Phillips,kelly.phillips7160@gmail.com,Japan,2026-01-18,Standard,543.4
7161,Alexander Davies,alexander.davies7161@yahoo.com,United Kingdom,2020-05-15,Standard,610.23
7162,Lesley Lewis,lesley.lewis7162@yahoo.com,United Kingdom,2022-08-22,Standard,889.3
7163,Adélaïde Bonneau,adelaide.bonneau7163@outlook.com,France,2022-10-27,Premium,2319.14
7164,Louis Martin,louis.martin7164@hotmail.com,Canada,2025-02-11,Premium,4415.35
7165,Felicia Aguilar,felicia.aguilar7165@proton.me,Australia,2020-11-01,Basic,158.12
7166,Nancy Evans MD,nancy.evans.md7166@outlook.com,Canada,2022-01-31,Premium,4112.71
7167,Jason Butcher,jason.butcher7167@proton.me,United Kingdom,2023-11-27,Basic,535.14
7168,Isabelle Masse,isabelle.masse7168@outlook.com,France,2023-03-02,Basic,598.36
7169,Meinolf Drubin,meinolf.drubin7169@icloud.com,Germany,2026-08-27,Standard,902.45
7170,Éléonore Chartier,eleonore.chartier7170@icloud.com,France,2025-11-22,Standard,1474.11
7171,Rolando Quintero Vilar,rolando.quintero.vilar7171@yahoo.com,Spain,2021-07-08,Basic,564.36
7172,Gregory Ponce,gregory.ponce7172@gmail.com,Australia,2020-06-07,Standard,380.73
7173,Rémy Alves,remy.alves7173@outlook.com,France,2020-03-29,Basic,442.52
7174,Florentine Freudenberger MBA.,florentine.freudenberger.mba7174@gmail.com,Germany,2021-05-26,Basic,224.16
7175,Michael Spencer,michael.spencer7175@hotmail.com,United States,2024-02-12,Standard,1036.73
7176,Patrick Blankenship,,United States,2021-01-23,Basic,40.52
7177,Rémy Devaux,remy.devaux7177@outlook.com,France,2026-03-10,Standard,947.73
7178,Kim Erickson,kim.erickson7178@outlook.com,Canada,2023-01-24,Premium,2403.59
7179,Jenna Larson,jenna.larson7179@outlook.com,Australia,2025-07-31,Premium,1757.42
7180,Robert Richardson,robert.richardson7180@hotmail.com,Canada,2020-12-02,Premium,857.99
7181,Douglas Rose,douglas.rose7181@hotmail.com,United States,2025-03-24,Basic,180.88
7182,Melody Griffin,melody.griffin7182@hotmail.com,United States,2020-07-11,Standard,1238.36
7183,Joshua Kramer,joshua.kramer7183@gmail.com,United States,2025-03-13,Standard,658.13
7184,Dr Megan Roberts,dr.megan.roberts7184@hotmail.com,United Kingdom,2025-12-11,Standard,1162.38
7185,Marliese Drubin,marliese.drubin7185@outlook.com,Germany,2020-09-02,Basic,456.38
7186,Melissa Barron,melissa.barron7186@yahoo.com,United States,2025-10-03,Basic,566.89
7187,Gudrun Schmiedecke,gudrun.schmiedecke7187@icloud.com,Germany,2025-08-10,Basic,412.06
7188,Jennifer Gonzalez,jennifer.gonzalez7188@icloud.com,United States,2021-10-20,Standard,186.85
7189,Ian Fonseca,ian.fonseca7189@gmail.com,Brazil,2021-03-07,Basic,484.06
7190,Andrew Cook,andrew.cook7190@icloud.com,United States,2024-10-10,Basic,219.68
7191,Natalie Martinez,natalie.martinez7191@gmail.com,United States,2022-12-18,Basic,490.3
7192,Mason le Luc,mason.le.luc7192@gmail.com,Netherlands,2025-09-20,Basic,137.08
7193,Colin Birch,colin.birch7193@gmail.com,United Kingdom,2025-04-28,Premium,1709.2
7194,Diane Davis DDS,diane.davis.dds7194@hotmail.com,United States,2023-01-14,Premium,3918.64
7195,Robin Byrne,robin.byrne7195@hotmail.com,United Kingdom,2025-04-05,Standard,1754.63
7196,Finn Heijman,finn.heijman7196@proton.me,Netherlands,2023-09-16,Standard,377.82
7197,Nicole Moore,nicole.moore7197@proton.me,United States,2021-09-26,Standard,270.52
7198,Mohammad Young-Power,mohammad.young.power7198@gmail.com,United Kingdom,2020-09-29,Premium,3893.08
7199,Robert Vargas,robert.vargas7199@proton.me,Japan,2021-07-17,Premium,842.85
7200,Raymond Barber,raymond.barber7200@proton.me,United States,2024-07-04,Standard,486.44
7201,Emily Bennett,emily.bennett7201@outlook.com,Australia,2021-06-10,Premium,4417.75
7202,Dr Sarah Cole,,United Kingdom,2024-10-02,Basic,320.47
7203,Mtro. Adán Peres,mtro.adan.peres7203@yahoo.com,Mexico,2024-02-06,Basic,403.36
7204,Claude de Perrier,claude.de.perrier7204@outlook.com,France,2024-10-04,Premium,3880.32
7205,Mrs. Amy Watson,mrs.amy.watson7205@proton.me,United States,2023-07-04,Standard,1174.94
7206,Amélie Bousquet,amelie.bousquet7206@outlook.com,France,2023-01-11,Basic,303.83
7207,Michelle Fleury,michelle.fleury7207@icloud.com,France,2023-02-01,Basic,247.38
7208,Heather Williams,heather.williams7208@outlook.com,United States,2026-01-01,Basic,296.0
7209,Belinda Evans,belinda.evans7209@proton.me,United States,2024-02-19,Premium,1193.93
7210,Kevin Albuquerque,kevin.albuquerque7210@icloud.com,Brazil,2023-06-27,Basic,148.51
7211,Jody Bird,jody.bird7211@yahoo.com,United States,2023-11-23,Standard,1128.72
7212,Yara Hendricks-Keltenie,yara.hendricks.keltenie7212@icloud.com,Netherlands,2020-08-17,Standard,1715.86
7213,Robin Santiago,robin.santiago7213@proton.me,Australia,2023-09-27,Basic,140.69
7214,Veronica Silva,veronica.silva7214@outlook.com,Canada,2020-04-24,Basic,359.69
7215,Virginia Cunningham,virginia.cunningham7215@hotmail.com,United States,2025-09-13,Premium,3338.67
7216,Lori Ferguson,lori.ferguson7216@hotmail.com,Japan,2022-05-17,Standard,1450.8
7217,Valerie Smit-van de Pol,valerie.smit.van.de.pol7217@yahoo.com,Netherlands,2024-01-06,Premium,3403.85
7218,Dr. Woldemar Eimer MBA.,dr.woldemar.eimer.mba7218@hotmail.com,Germany,2025-05-30,Standard,1434.7
7219,Hayley Mitchell,hayley.mitchell7219@hotmail.com,United States,2022-12-19,Basic,190.57
7220,Olivia Mitchell,olivia.mitchell7220@outlook.com,United Kingdom,2020-08-04,Premium,832.22
7221,Molly Watts,molly.watts7221@icloud.com,Canada,2021-07-09,Standard,1051.46
7222,Michelle Chambers,michelle.chambers7222@proton.me,United States,2025-02-16,Standard,752.26
7223,Kelly Wright,kelly.wright7223@hotmail.com,United States,2026-08-28,Standard,1611.85
7224,Bernabé Prieto,bernabe.prieto7224@outlook.com,Mexico,2023-04-03,Standard,776.73
7225,Manthan Varma,manthan.varma7225@yahoo.com,India,2021-05-11,Premium,3931.84
7226,Kevin Carson,kevin.carson7226@yahoo.com,United States,2024-01-16,Standard,1763.31
7227,Nancy Jennings,nancy.jennings7227@icloud.com,Australia,2024-11-17,Premium,3595.96
7228,Brent Dawson,brent.dawson7228@icloud.com,United States,2022-06-30,Premium,3139.26
7229,Angela Brown,angela.brown7229@gmail.com,United States,2024-12-08,Standard,805.28
7230,Karen Griffin,karen.griffin7230@proton.me,United States,2021-03-02,Basic,225.24
7231,Joseph Chapman,joseph.chapman7231@hotmail.com,United States,2020-08-20,Standard,763.36
7232,Falak Nagar,falak.nagar7232@yahoo.com,India,2026-07-22,Standard,1262.08
7233,Maya Mistry,maya.mistry7233@icloud.com,India,2022-11-25,Basic,658.04
7234,Henry Weinhold-auch Schlauchin,henry.weinhold.auch.schlauchin7234@icloud.com,Germany,2024-01-04,Premium,4221.19
7235,Herma Tintzmann,herma.tintzmann7235@hotmail.com,Germany,2026-08-19,Basic,409.69
7236,Joseph Mercier,joseph.mercier7236@outlook.com,France,2023-06-08,Standard,1384.95
7237,Mr Gerard Warner,mr.gerard.warner7237@icloud.com,United Kingdom,2023-12-21,Basic,519.81
7238,Jennifer Baker,jennifer.baker7238@yahoo.com,Japan,2025-01-11,Basic,514.81
7239,Prof. Rita Stadelmann B.A.,prof.rita.stadelmann.b.a7239@outlook.com,Germany,2021-08-11,Standard,325.68
7240,Mr. Jeremiah Galvan MD,mr.jeremiah.galvan.md7240@yahoo.com,United States,2023-02-20,Basic,133.95
7241,Yashica Upadhyay,yashica.upadhyay7241@yahoo.com,India,2024-06-02,Basic,642.1
7242,Univ.Prof. Pietro Schenk B.Sc.,univ.prof.pietro.schenk.b.sc7242@gmail.com,Germany,2025-03-05,Standard,1495.91
7243,Isabelle Peron,isabelle.peron7243@proton.me,France,2023-02-07,Basic,212.76
7244,Nando Sevilla Reyes,nando.sevilla.reyes7244@outlook.com,Spain,2024-02-10,Premium,1404.47
7245,Mr Justin Rose,mr.justin.rose7245@icloud.com,United Kingdom,2020-11-21,Basic,676.26
7246,Kevin Smith,kevin.smith7246@yahoo.com,United Kingdom,2021-06-21,Standard,1145.12
7247,Samantha Thomas,samantha.thomas7247@proton.me,United States,2023-04-10,Standard,708.54
7248,Dr Arthur Morgan,dr.arthur.morgan7248@icloud.com,United Kingdom,2021-07-06,Standard,1686.57
7249,Katalin Tlustek B.Eng.,katalin.tlustek.b.eng7249@hotmail.com,Germany,2023-01-22,Premium,3112.32
7250,Dr Irene Gilbert,dr.irene.gilbert7250@outlook.com,United Kingdom,2022-06-07,Basic,179.73
7251,Chandani Soman,chandani.soman7251@hotmail.com,India,2022-03-03,Basic,114.91
7252,Valentin Rose,valentin.rose7252@yahoo.com,Germany,2024-09-09,Basic,415.47
7253,Michael Anderson,michael.anderson7253@outlook.com,United States,2021-05-05,Premium,1310.43
7254,Sharon Wilson,sharon.wilson7254@hotmail.com,United States,2021-11-07,Premium,1516.73
7255,Jyoti Narula,jyoti.narula7255@outlook.com,India,2025-11-07,Standard,1597.39
7256,Stéphane Guyon,stephane.guyon7256@hotmail.com,France,2023-11-07,Standard,969.59
7257,Melanie Parsons,melanie.parsons7257@outlook.com,United Kingdom,2025-05-05,Standard,1749.83
7258,Dylan Thompson,dylan.thompson7258@gmail.com,United Kingdom,2026-04-14,Standard,471.0
7259,John Coffey,john.coffey7259@yahoo.com,Canada,2020-05-04,Standard,1087.77
7260,Jay Roberts,jay.roberts7260@hotmail.com,United Kingdom,2022-05-08,Basic,340.27
7261,Dra. Carolina da Mota,dra.carolina.da.mota7261@yahoo.com,Brazil,2021-03-07,Basic,438.3
7262,Teresa María Luisa Corral Puga,teresa.maria.luisa.corral.puga7262@outlook.com,Mexico,2020-12-16,Basic,374.11
7263,John Francis,john.francis7263@yahoo.com,United States,2025-02-02,Standard,1796.18
7264,Omaja Morar,omaja.morar7264@proton.me,India,2020-04-19,Standard,829.76
7265,Christiane Bertrand,christiane.bertrand7265@gmail.com,France,2020-08-28,Standard,435.16
7266,Paula Lane,paula.lane7266@proton.me,Canada,2025-05-10,Premium,1379.5
7267,Maria Henderson,maria.henderson7267@icloud.com,Australia,2026-07-21,Basic,683.45
7268,Bryan Cunningham,bryan.cunningham7268@yahoo.com,United Kingdom,2023-08-17,Standard,1424.5
7269,Jaclyn Crane,jaclyn.crane7269@yahoo.com,United States,2020-11-04,Basic,572.22
7270,Jennifer Martinez,jennifer.martinez7270@icloud.com,Japan,2025-10-14,Basic,663.6
7271,Amanda Hernandez,amanda.hernandez7271@outlook.com,United States,2024-12-29,Basic,44.95
7272,William Turner,william.turner7272@gmail.com,United States,2026-03-06,Standard,243.53
7273,Anthony Rogge,anthony.rogge7273@gmail.com,Germany,2023-03-05,Basic,338.78
7274,Dr. Charles Lawrence,dr.charles.lawrence7274@proton.me,United States,2023-02-19,Premium,1617.83
7275,Steven Small,steven.small7275@hotmail.com,United States,2025-10-03,Standard,848.27
7276,Urvi Lanka,urvi.lanka7276@icloud.com,India,2025-06-07,Standard,1276.57
7277,Sally Hardy,sally.hardy7277@gmail.com,United Kingdom,2026-08-04,Standard,1392.54
7278,Amy Akhtar-Faulkner,amy.akhtar.faulkner7278@gmail.com,United Kingdom,2023-04-30,Standard,1649.41
7279,Robert Burns,robert.burns7279@yahoo.com,United States,2024-05-19,Standard,630.59
7280,Gordon Fletcher,gordon.fletcher7280@hotmail.com,United Kingdom,2021-12-30,Standard,1726.47
7281,Gregory Harrell,gregory.harrell7281@gmail.com,United States,2023-03-25,Basic,115.68
7282,Carly Cooper,carly.cooper7282@yahoo.com,United Kingdom,2026-03-16,Standard,1242.51
7283,Ciríaco Villegas Pardo,ciriaco.villegas.pardo7283@proton.me,Spain,2022-11-27,Basic,123.71
7284,Kazim Reising B.A.,kazim.reising.b.a7284@hotmail.com,Germany,2022-12-04,Standard,1682.96
7285,Charan Srinivasan,charan.srinivasan7285@yahoo.com,India,2026-06-09,Basic,96.97
7286,Jack White,jack.white7286@proton.me,Australia,2024-03-26,Standard,1748.28
7287,Ing. Slobodan Pölitz,ing.slobodan.politz7287@proton.me,Germany,2026-04-11,Standard,1296.71
7288,Lauren Jackson,lauren.jackson7288@proton.me,Canada,2024-01-14,Standard,886.76
7289,Lajita Divan,lajita.divan7289@gmail.com,India,2020-08-11,Standard,1488.23
7290,Berit Stiffel B.A.,berit.stiffel.b.a7290@proton.me,Germany,2021-09-11,Basic,220.55
7291,Kenneth Knight,kenneth.knight7291@hotmail.com,United States,2022-08-25,Standard,892.53
7292,Azad Choudhary,azad.choudhary7292@outlook.com,India,2022-06-06,Standard,236.44
7293,Ippazio Seddio,ippazio.seddio7293@outlook.com,Italy,2026-06-13,Standard,1541.79
7294,Frau Tanja Pergande MBA.,frau.tanja.pergande.mba7294@outlook.com,Germany,2023-12-30,Standard,1136.1
7295,Octavio Uriel Jimínez,octavio.uriel.jiminez7295@outlook.com,Mexico,2022-10-08,Basic,321.01
7296,Rachael Alvarez,rachael.alvarez7296@hotmail.com,United States,2020-01-12,Standard,946.08
7297,Anirudh Sastry,anirudh.sastry7297@hotmail.com,India,2023-11-12,Premium,2683.16
7298,Henrik Eigenwillig,henrik.eigenwillig7298@hotmail.com,Germany,2026-07-03,Premium,2398.81
7299,Maggie Weiss,maggie.weiss7299@icloud.com,France,2021-07-25,Basic,587.73
7300,Travis Tucker,travis.tucker7300@yahoo.com,Australia,2021-10-13,Standard,493.77
7301,June Woods,june.woods7301@hotmail.com,United Kingdom,2021-04-27,Premium,2240.75
7302,Dipl.-Ing. Kunigunde Bohlander,dipl.ing.kunigunde.bohlander7302@yahoo.com,Germany,2020-10-23,Premium,1721.92
7303,Lisa Gill,lisa.gill7303@outlook.com,United States,2025-02-18,Standard,1573.16
7304,Brandon Begum-Lord,brandon.begum.lord7304@icloud.com,United Kingdom,2021-04-16,Standard,384.07
7305,Grace Barber,grace.barber7305@outlook.com,United Kingdom,2024-05-09,Standard,161.4
7306,Lisa Randall,lisa.randall7306@proton.me,Canada,2020-01-04,Basic,250.21
7307,Mariechen Jäntsch B.Sc.,mariechen.jantsch.b.sc7307@icloud.com,Germany,2022-05-21,Standard,1149.49
7308,Zacharie Barthelemy,zacharie.barthelemy7308@yahoo.com,France,2020-05-06,Standard,1651.57
7309,Julia Cole,julia.cole7309@yahoo.com,United States,2024-07-19,Standard,461.93
7310,Omya Doshi,omya.doshi7310@outlook.com,India,2024-11-11,Basic,386.87
7311,Samar Roy,samar.roy7311@proton.me,India,2024-12-22,Basic,566.82
7312,Jet van Rijthoven,jet.van.rijthoven7312@gmail.com,Netherlands,2025-08-03,Basic,312.68
7313,Sean Nguyen,sean.nguyen7313@outlook.com,United States,2024-03-25,Premium,1828.59
7314,Mary Ortiz,mary.ortiz7314@hotmail.com,United States,2020-05-08,Basic,554.16
7315,Chad Jones,chad.jones7315@gmail.com,Australia,2025-06-22,Basic,626.92
7316,Sally Gray,sally.gray7316@hotmail.com,United Kingdom,2026-04-12,Standard,1239.52
7317,David Devi,david.devi7317@hotmail.com,India,2022-09-03,Standard,1309.18
7318,Elisabeth Adler-Weinhage,elisabeth.adler.weinhage7318@gmail.com,Germany,2024-01-05,Basic,502.81
7319,Evy van Kempen-van der Zijl,evy.van.kempen.van.der.zijl7319@gmail.com,Netherlands,2023-08-24,Standard,768.18
7320,Michael Johnson,michael.johnson7320@hotmail.com,Canada,2021-05-14,Standard,629.28
7321,Ashley Smith,ashley.smith7321@hotmail.com,Canada,2023-06-13,Premium,1430.26
7322,Christian Vaughn,christian.vaughn7322@yahoo.com,Canada,2020-09-17,Standard,1347.56
7323,Ekta Sridhar,ekta.sridhar7323@icloud.com,India,2025-04-09,Premium,1566.79
7324,James Weaver,james.weaver7324@icloud.com,United States,2021-12-05,Premium,1395.82
7325,Stacy Fitzgerald,stacy.fitzgerald7325@yahoo.com,United States,2026-06-18,Basic,588.29
7326,Reginald Knapp,reginald.knapp7326@yahoo.com,Canada,2021-05-17,Standard,1446.04
7327,Sharon Mann,sharon.mann7327@proton.me,United States,2021-05-18,Standard,1750.23
7328,Édith Dufour,edith.dufour7328@gmail.com,France,2023-03-31,Basic,664.95
7329,Rebecca Zimmerman,rebecca.zimmerman7329@outlook.com,United States,2024-09-15,Standard,1461.86
7330,Becky Hansen,becky.hansen7330@proton.me,United States,2022-12-25,Premium,4317.28
7331,Dipta Ghose,dipta.ghose7331@hotmail.com,India,2024-05-18,Premium,1967.91
7332,Nancy Brown,nancy.brown7332@yahoo.com,Canada,2026-06-20,Premium,1165.3
7333,Michel Da Silva,michel.da.silva7333@proton.me,France,2023-06-24,Standard,1227.3
7334,Klaas Briemer B.Sc.,klaas.briemer.b.sc7334@proton.me,Germany,2025-01-17,Basic,294.66
7335,Richard Taylor,richard.taylor7335@hotmail.com,United Kingdom,2024-11-08,Standard,1571.19
7336,Ing. Mechthilde Bolnbach,ing.mechthilde.bolnbach7336@hotmail.com,Germany,2020-07-10,Standard,357.44
7337,Daniel Nguyen,daniel.nguyen7337@proton.me,Canada,2023-11-01,Basic,119.28
7338,Volkhard Bohnbach,volkhard.bohnbach7338@outlook.com,Germany,2023-08-06,Basic,72.66
7339,June Khan,june.khan7339@outlook.com,United Kingdom,2026-06-05,Standard,1007.02
7340,Kelly Edwards,kelly.edwards7340@icloud.com,Canada,2026-04-05,Standard,1793.51
7341,Frau Eva-Maria Lange B.A.,frau.eva.maria.lange.b.a7341@outlook.com,Germany,2023-02-03,Premium,818.3
7342,Luke Ray,luke.ray7342@proton.me,United States,2026-03-19,Standard,216.98
7343,Kelly Lopez,kelly.lopez7343@yahoo.com,Japan,2026-01-05,Standard,1271.07
7344,Hema Pandya,hema.pandya7344@hotmail.com,India,2023-02-02,Premium,2205.64
7345,Ramazan Segebahn-Vollbrecht,ramazan.segebahn.vollbrecht7345@outlook.com,Germany,2024-08-26,Basic,316.46
7346,Veda Handa,veda.handa7346@yahoo.com,India,2021-10-26,Basic,84.21
7347,Steven Martinez,steven.martinez7347@yahoo.com,United States,2020-12-30,Standard,463.37
7348,Thomas Peterson,thomas.peterson7348@yahoo.com,Canada,2022-09-17,Basic,630.37
7349,Catherine Smith,catherine.smith7349@gmail.com,United States,2025-09-13,Standard,185.4
7350,Dr Leonard Lowe,dr.leonard.lowe7350@icloud.com,United Kingdom,2025-12-18,Standard,1013.07
7351,Dennis Richardson,dennis.richardson7351@yahoo.com,United Kingdom,2023-03-31,Standard,1089.7
7352,Danielle Thornton,danielle.thornton7352@gmail.com,United States,2023-02-06,Premium,3051.87
7353,Prudencia Leticia Salamanca Aznar,prudencia.leticia.salamanca.aznar7353@outlook.com,Spain,2025-02-05,Basic,378.22
7354,Dr Grace Thompson,dr.grace.thompson7354@hotmail.com,United Kingdom,2026-05-31,Basic,159.81
7355,Raymond Le,raymond.le7355@proton.me,Canada,2020-12-30,Standard,691.49
7356,Margherita Morricone,margherita.morricone7356@hotmail.com,Italy,2024-11-04,Basic,192.02
7357,Ing. Maximiliano Rivero,ing.maximiliano.rivero7357@icloud.com,Mexico,2026-06-13,Standard,1610.62
7358,Melissa Bishop,melissa.bishop7358@proton.me,Canada,2022-10-22,Premium,3217.31
7359,Eliseo Castro,eliseo.castro7359@outlook.com,Spain,2024-05-04,Basic,492.44
7360,Arya Misra,arya.misra7360@proton.me,India,2026-07-16,Basic,548.07
7361,Isidoro Valerio Tormo Carrión,isidoro.valerio.tormo.carrion7361@hotmail.com,Spain,2021-06-12,Standard,850.54
7362,Chameli Mani,chameli.mani7362@proton.me,India,2025-04-11,Standard,1715.81
7363,Vrinda Nadig,vrinda.nadig7363@hotmail.com,India,2026-01-07,Standard,862.16
7364,Benjamim Novaes,benjamim.novaes7364@gmail.com,Brazil,2025-06-10,Basic,333.86
7365,Ing. Sylke Kranz,ing.sylke.kranz7365@icloud.com,Germany,2020-07-18,Premium,4047.59
7366,Jill Roman,jill.roman7366@hotmail.com,United States,2020-11-11,Standard,245.91
7367,Ashley Wise,ashley.wise7367@icloud.com,Australia,2023-07-05,Basic,525.31
7368,Davi Lucas Porto,davi.lucas.porto7368@gmail.com,Brazil,2022-02-08,Standard,1239.67
7369,Jennifer Williams,jennifer.williams7369@yahoo.com,United States,2021-05-23,Basic,566.11
7370,Ikshita Mahal,ikshita.mahal7370@icloud.com,India,2020-06-18,Standard,1633.41
7371,Sophia Johnson,sophia.johnson7371@hotmail.com,Australia,2021-12-03,Basic,575.47
7372,Eugène Bertrand de la Dupont,eugene.bertrand.de.la.dupont7372@hotmail.com,France,2022-01-19,Premium,1147.25
7373,Stephen Coles,stephen.coles7373@hotmail.com,United Kingdom,2022-06-08,Standard,539.11
7374,Allison Kim,allison.kim7374@proton.me,United States,2023-12-16,Premium,1375.94
7375,Scott Stewart,scott.stewart7375@yahoo.com,United States,2024-04-18,Premium,1690.15
7376,David Grant,david.grant7376@outlook.com,Canada,2020-02-29,Standard,1211.29
7377,Donna Rhodes,donna.rhodes7377@icloud.com,United Kingdom,2025-11-28,Basic,69.24
7378,Brian Garcia,brian.garcia7378@yahoo.com,United States,2020-09-08,Premium,1847.41
7379,Sara Barber,sara.barber7379@outlook.com,United Kingdom,2020-07-20,Standard,758.97
7380,Ralph Anderson,ralph.anderson7380@proton.me,Australia,2022-05-19,Basic,191.56
7381,Charles Scott,charles.scott7381@gmail.com,United States,2026-07-21,Standard,1605.25
7382,Jairaj Raghavan,jairaj.raghavan7382@hotmail.com,India,2020-04-10,Premium,1798.37
7383,Dr Lawrence Cox,dr.lawrence.cox7383@yahoo.com,United Kingdom,2020-12-18,Premium,3093.02
7384,Stefani Kostolzin MBA.,stefani.kostolzin.mba7384@gmail.com,Germany,2026-04-01,Premium,3307.41
7385,Marcelle Buisson,marcelle.buisson7385@yahoo.com,France,2021-06-13,Basic,355.05
7386,Hemani Dhingra,hemani.dhingra7386@yahoo.com,India,2025-06-28,Standard,716.19
7387,Mirko Speer,mirko.speer7387@gmail.com,Germany,2024-11-27,Premium,2120.78
7388,Arnaldo Grimani,arnaldo.grimani7388@outlook.com,Italy,2023-08-05,Standard,1679.14
7389,Dr Henry Lewis,dr.henry.lewis7389@gmail.com,United Kingdom,2022-01-06,Basic,299.24
7390,Eric Russell,eric.russell7390@proton.me,United States,2022-10-08,Standard,1467.75
7391,William Evans,william.evans7391@yahoo.com,Canada,2022-12-26,Premium,3418.87
7392,Bella Albuquerque,bella.albuquerque7392@gmail.com,Brazil,2023-11-17,Premium,3174.17
7393,Lucas Nguyen,lucas.nguyen7393@outlook.com,United States,2022-06-30,Standard,1089.5
7394,Mato Keudel-Drubin,mato.keudel.drubin7394@hotmail.com,Germany,2026-01-19,Basic,459.72
7395,Kevin Phillips,kevin.phillips7395@yahoo.com,United Kingdom,2023-03-25,Basic,344.38
7396,Anthony Price,anthony.price7396@icloud.com,United States,2020-10-13,Basic,432.04
7397,Brijesh Mani,brijesh.mani7397@gmail.com,India,2022-06-24,Standard,334.67
7398,Hiral Sathe,hiral.sathe7398@yahoo.com,India,2024-12-13,Standard,549.99
7399,Thérèse Fleury,therese.fleury7399@outlook.com,France,2023-07-14,Standard,1668.14
7400,Carla Bocelli,carla.bocelli7400@yahoo.com,Italy,2020-12-11,Basic,85.46
7401,Melina Borgia,melina.borgia7401@yahoo.com,Italy,2021-12-27,Premium,4226.71
7402,Justin Freeman,justin.freeman7402@proton.me,United Kingdom,2023-08-25,Standard,225.67
7403,Tristan Aubert,tristan.aubert7403@outlook.com,France,2022-02-15,Standard,1596.31
7404,Mr Gerald Kaur,mr.gerald.kaur7404@outlook.com,United Kingdom,2022-10-25,Standard,414.61
7405,Christopher Guerra,christopher.guerra7405@hotmail.com,Australia,2026-08-06,Premium,1345.21
7406,Joseph Valette de Bègue,joseph.valette.de.begue7406@proton.me,France,2020-01-31,Standard,914.59
7407,Jason Nguyen,jason.nguyen7407@hotmail.com,United States,2024-06-18,Basic,186.31
7408,Ronald Martinez,ronald.martinez7408@icloud.com,United States,2020-07-11,Basic,367.41
7409,Paul Willis,paul.willis7409@hotmail.com,Japan,2026-02-11,Standard,945.97
7410,Paul Cruz Jr.,paul.cruz.jr7410@yahoo.com,United States,2022-02-10,Standard,764.02
7411,John Russell,john.russell7411@gmail.com,United States,2026-08-05,Premium,1021.99
7412,Prof. Hans-Peter Rädel,prof.hans.peter.radel7412@proton.me,Germany,2021-07-29,Standard,1355.96
7413,Otto Hauffer-Adler,otto.hauffer.adler7413@hotmail.com,Germany,2024-12-31,Basic,216.49
7414,Mrs Jill Myers,mrs.jill.myers7414@hotmail.com,United Kingdom,2021-05-08,Standard,1062.02
7415,Christine Power-Stone,christine.power.stone7415@hotmail.com,United Kingdom,2020-04-23,Standard,602.46
7416,George Mitschke,george.mitschke7416@yahoo.com,Germany,2022-06-21,Premium,1862.06
7417,Mr Gerald Taylor,mr.gerald.taylor7417@proton.me,United Kingdom,2024-08-19,Basic,381.64
7418,Maxi Heras Cuadrado,maxi.heras.cuadrado7418@gmail.com,Spain,2023-09-30,Standard,827.85
7419,Mr. David Mercado,mr.david.mercado7419@gmail.com,United States,2025-03-21,Standard,486.62
7420,Rosalia Jasso,rosalia.jasso7420@gmail.com,Mexico,2025-10-09,Standard,1449.55
7421,Larissa Melo,larissa.melo7421@hotmail.com,Brazil,2024-06-09,Standard,787.9
7422,Laetitia Denis,laetitia.denis7422@icloud.com,France,2024-01-18,Basic,300.66
7423,Rhonda Martin,rhonda.martin7423@gmail.com,Australia,2020-06-20,Basic,457.38
7424,Jason Rhodes,jason.rhodes7424@yahoo.com,Australia,2022-06-15,Standard,669.38
7425,Victor Leonard,victor.leonard7425@hotmail.com,United States,2023-01-19,Standard,1201.76
7426,Justin Glover,justin.glover7426@icloud.com,United States,2021-10-16,Premium,4083.02
7427,Elaine Kelly,elaine.kelly7427@proton.me,United Kingdom,2022-12-23,Standard,941.93
7428,Varenya Kala,varenya.kala7428@outlook.com,India,2022-03-21,Standard,365.26
7429,Prof. Halina Hein,prof.halina.hein7429@hotmail.com,Germany,2020-07-03,Standard,619.82
7430,Leoncio Adrián Raya Buendía,leoncio.adrian.raya.buendia7430@outlook.com,Spain,2022-05-26,Premium,3089.66
7431,Dipl.-Ing. Hajo Förster B.Eng.,dipl.ing.hajo.forster.b.eng7431@icloud.com,Germany,2020-11-13,Standard,953.04
7432,Jason Miller,jason.miller7432@icloud.com,United States,2021-08-07,Premium,3093.75
7433,Christina Faulkner,christina.faulkner7433@proton.me,United States,2021-08-31,Standard,1765.25
7434,William Casey,william.casey7434@yahoo.com,United States,2021-11-11,Standard,759.31
7435,Jessica Buck,jessica.buck7435@proton.me,United States,2023-06-05,Standard,1631.32
7436,Daniel Bush,daniel.bush7436@gmail.com,Canada,2025-03-02,Basic,481.89
7437,Renée Alexandre,renee.alexandre7437@outlook.com,France,2022-03-22,Standard,1669.89
7438,Waldemar van der Dussen B.Sc.,waldemar.van.der.dussen.b.sc7438@yahoo.com,Germany,2023-04-19,Basic,296.94
7439,Nathalie Maillot,nathalie.maillot7439@gmail.com,France,2020-07-25,Basic,320.85
7440,Aaron Marshall,aaron.marshall7440@outlook.com,United States,2024-06-23,Standard,797.02
7441,Anika Magar,anika.magar7441@proton.me,India,2026-04-20,Standard,1683.32
7442,Joost Loep,joost.loep7442@proton.me,Netherlands,2026-05-03,Standard,497.1
7443,Rouven Speer,rouven.speer7443@yahoo.com,Germany,2023-12-29,Basic,36.07
7444,Billy Conway-Taylor,billy.conway.taylor7444@icloud.com,United Kingdom,2022-01-10,Standard,1194.8
7445,Donna Stanton,donna.stanton7445@hotmail.com,United States,2022-01-25,Standard,1083.18
7446,Maysa Fernandes,maysa.fernandes7446@yahoo.com,Brazil,2021-08-07,Standard,1361.77
7447,Timothy Olson,timothy.olson7447@yahoo.com,United States,2023-05-30,Basic,620.33
7448,Sosimo de Serrano,sosimo.de.serrano7448@proton.me,Spain,2021-11-09,Standard,240.51
7449,Paul Jacquot,paul.jacquot7449@hotmail.com,France,2021-12-25,Premium,3286.3
7450,Sara James,sara.james7450@proton.me,United States,2022-10-26,Basic,685.25
7451,Prof. Ottilie Bachmann,prof.ottilie.bachmann7451@gmail.com,Germany,2020-07-07,Standard,1696.61
7452,Guy Rowe,guy.rowe7452@proton.me,United Kingdom,2024-05-01,Premium,978.33
7453,Brian McKenzie,brian.mckenzie7453@icloud.com,United Kingdom,2024-06-09,Premium,3810.9
7454,Mr Robert Pearce,mr.robert.pearce7454@proton.me,United Kingdom,2025-10-30,Standard,1726.95
7455,Serafina Bernetti,serafina.bernetti7455@icloud.com,Italy,2021-11-24,Standard,563.46
7456,Mark Richards,mark.richards7456@outlook.com,Japan,2020-03-18,Basic,484.12
7457,Thom Dorsman,thom.dorsman7457@proton.me,Netherlands,2024-01-15,Premium,4341.18
7458,Ikbal Khatri,ikbal.khatri7458@outlook.com,India,2024-09-04,Basic,179.94
7459,Bradley Anderson,bradley.anderson7459@gmail.com,United Kingdom,2026-04-18,Basic,178.8
7460,Chandresh Wali,chandresh.wali7460@gmail.com,India,2026-02-08,Standard,195.64
7461,Georgia Robinson,georgia.robinson7461@proton.me,United Kingdom,2022-02-19,Standard,844.37
7462,Amber Stevenson,amber.stevenson7462@yahoo.com,United States,2022-04-13,Standard,964.83
7463,Enzio Zanichelli,enzio.zanichelli7463@yahoo.com,Italy,2026-03-07,Basic,86.46
7464,Michèle Paul,michele.paul7464@yahoo.com,France,2021-10-17,Basic,43.77
7465,Donna Allen-Watson,donna.allen.watson7465@gmail.com,United Kingdom,2025-08-14,Basic,146.76
7466,Elizabeth Foster,elizabeth.foster7466@yahoo.com,United States,2022-09-11,Standard,750.29
7467,Charles Hawkins,charles.hawkins7467@yahoo.com,United States,2022-09-19,Basic,291.61
7468,Jeremy Mitchell,jeremy.mitchell7468@yahoo.com,Australia,2020-09-29,Standard,158.04
7469,Gregory Peck,gregory.peck7469@gmail.com,Canada,2021-11-18,Standard,452.93
7470,Jeffrey Bishop,jeffrey.bishop7470@icloud.com,United States,2024-10-12,Standard,207.69
7471,Emily Fleming,emily.fleming7471@icloud.com,United States,2023-11-25,Standard,1630.98
7472,Calcedonio Grassi-Casale,calcedonio.grassi.casale7472@gmail.com,Italy,2025-02-12,Standard,678.33
7473,Dean Mullins,dean.mullins7473@proton.me,Japan,2020-02-26,Premium,821.1
7474,David Bird,david.bird7474@icloud.com,United States,2020-11-20,Basic,278.95
7475,Declan Sharp,declan.sharp7475@yahoo.com,United Kingdom,2021-12-14,Basic,598.71
7476,Denise Martinez,denise.martinez7476@outlook.com,Canada,2022-06-14,Basic,369.46
7477,Joann Ferguson,joann.ferguson7477@gmail.com,Australia,2024-03-06,Basic,236.02
7478,Augustin-Marcel Chevalier,augustin.marcel.chevalier7478@outlook.com,France,2024-11-18,Standard,337.38
7479,Felipe Asunción Leiva Raya,felipe.asuncion.leiva.raya7479@gmail.com,Mexico,2026-03-12,Standard,370.07
7480,Joe Greene,joe.greene7480@yahoo.com,United States,2020-05-15,Basic,60.93
7481,Viraj Ben,viraj.ben7481@proton.me,India,2025-10-29,Premium,4017.41
7482,Moisés Correa Valentín,moises.correa.valentin7482@yahoo.com,Spain,2023-03-05,Standard,1087.04
3302,Michael Lucas,michael.lucas7483@yahoo.com,United States,2021-11-18,Premium,3264.44
7484,John Valenzuela,john.valenzuela7484@outlook.com,United States,2022-05-29,Premium,3382.21
7485,Jamie Baird,jamie.baird7485@yahoo.com,Canada,2023-12-05,Premium,2468.21
7486,Jennifer Woodard,jennifer.woodard7486@yahoo.com,United States,2020-06-24,Basic,84.57
7487,Pamela Medina,pamela.medina7487@hotmail.com,United States,2025-03-29,Standard,1347.15
7488,Mariah Jones,mariah.jones7488@proton.me,United States,2022-05-31,Premium,2229.24
7489,Édith Morvan,edith.morvan7489@gmail.com,France,2020-12-07,Standard,984.14
7490,Ronnie Powers,ronnie.powers7490@hotmail.com,United States,2025-04-02,Basic,525.83
7491,Dr. Antonios Ditschlerin B.Sc.,dr.antonios.ditschlerin.b.sc7491@yahoo.com,Germany,2020-01-29,Premium,1154.65
7492,Heather Hess,heather.hess7492@hotmail.com,United States,2022-11-16,Basic,316.81
7493,Heather Thompson,heather.thompson7493@gmail.com,United States,2021-11-29,Premium,3074.73
7494,Chelsea Bell,chelsea.bell7494@hotmail.com,United Kingdom,2023-10-16,Standard,1564.26
7495,Jill Clarke-Taylor,jill.clarke.taylor7495@proton.me,United Kingdom,2020-02-18,Standard,475.69
7496,Odika Narayanan,odika.narayanan7496@outlook.com,India,2020-10-31,Premium,2068.05
7497,Lilo Steinberg B.Sc.,lilo.steinberg.b.sc7497@outlook.com,Germany,2020-01-11,Standard,977.97
7498,Melissa Smith,melissa.smith7498@outlook.com,United States,2024-08-18,Basic,326.44
7499,Timothy Wallace,timothy.wallace7499@hotmail.com,United States,2025-08-27,Standard,895.94
7500,Univ.Prof. Anatol Kühnert MBA.,univ.prof.anatol.kuhnert.mba7500@proton.me,Germany,2020-01-29,Standard,1348.03
7501,Marisol Rebeca Ojeda,marisol.rebeca.ojeda7501@proton.me,Mexico,2025-01-15,Standard,1238.8
7502,Benjamim da Cunha,benjamim.da.cunha7502@outlook.com,Brazil,2025-09-19,Standard,690.66
7503,Alejandro Campbell,alejandro.campbell7503@gmail.com,Japan,2025-07-30,Basic,323.26
7504,Prof. Elias Wende B.Sc.,prof.elias.wende.b.sc7504@icloud.com,Germany,2024-12-18,Standard,1346.39
7505,Tina Ballard,tina.ballard7505@icloud.com,Canada,2020-04-15,Premium,3351.54
7506,Heather Davis,heather.davis7506@yahoo.com,Japan,2020-02-14,Standard,298.48
7507,Elizabeth Robbins,elizabeth.robbins7507@yahoo.com,United States,2022-11-13,Premium,4112.95
7508,Bruna Azevedo,bruna.azevedo7508@icloud.com,Brazil,2020-05-07,Premium,3086.42
7509,Johnny Cox,johnny.cox7509@gmail.com,United States,2022-01-02,Standard,812.03
7510,Tanner Mann,tanner.mann7510@proton.me,United States,2025-04-05,Standard,1522.67
7511,Rebeca Barbosa,rebeca.barbosa7511@hotmail.com,Brazil,2020-11-14,Basic,336.1
7512,Isaac Henry de Millet,isaac.henry.de.millet7512@outlook.com,France,2026-01-23,Standard,1489.79
7513,Janko Hoffmann-Heintze,janko.hoffmann.heintze7513@hotmail.com,Germany,2025-09-20,Standard,1721.01
7514,Harish Devan,harish.devan7514@gmail.com,India,2021-10-31,Basic,555.16
7515,Craig Nicholson,craig.nicholson7515@gmail.com,United States,2025-01-08,Basic,432.81
7516,Anne Ellis,anne.ellis7516@outlook.com,United Kingdom,2026-02-02,Standard,1701.06
7517,Dwayne Klein,dwayne.klein7517@proton.me,Canada,2025-11-04,Premium,1031.03
7518,Sergio Carroll,sergio.carroll7518@outlook.com,United States,2023-10-05,Standard,974.75
7519,Honoré Cohen du Brun,honore.cohen.du.brun7519@hotmail.com,France,2024-12-03,Standard,267.52
7520,Ana Júlia Cassiano,ana.julia.cassiano7520@yahoo.com,Brazil,2023-01-02,Standard,1367.36
7521,Juan Keller MD,juan.keller.md7521@gmail.com,United States,2026-05-16,Premium,1149.86
7522,Leonie Scheuermann,leonie.scheuermann7522@outlook.com,Germany,2020-11-03,Basic,351.14
7523,Luciana Gelli,luciana.gelli7523@gmail.com,Italy,2021-06-12,Basic,474.2
7524,Jeremy Scott,jeremy.scott7524@outlook.com,Canada,2023-12-04,Basic,231.1
7525,Dale Ryan,dale.ryan7525@yahoo.com,Canada,2024-12-08,Standard,374.38
7526,Kevin Barros,kevin.barros7526@proton.me,Brazil,2021-09-01,Premium,4194.4
7527,Nakul Ray,nakul.ray7527@proton.me,India,2022-01-17,Standard,1014.82
7528,Melissa Taylor,melissa.taylor7528@yahoo.com,Canada,2024-01-17,Basic,361.72
7529,Alicia Miguel Ángel Meléndez Echeverría,alicia.miguel.angel.melendez.echeverria7529@yahoo.com,Mexico,2022-02-17,Standard,1345.84
7530,Marine Cohen,marine.cohen7530@proton.me,France,2020-03-06,Premium,4134.22
7531,Krystal Jones,krystal.jones7531@icloud.com,United States,2022-09-21,Standard,811.46
7532,Edeltrud Jacobi Jäckel,edeltrud.jacobi.jackel7532@proton.me,Germany,2025-12-04,Standard,783.8
7533,Laurie Sanchez,laurie.sanchez7533@outlook.com,Canada,2021-07-08,Standard,559.96
7534,Kiara Little,kiara.little7534@outlook.com,Canada,2024-05-28,Basic,259.09
7535,Joseph Bonneau,joseph.bonneau7535@icloud.com,France,2020-11-13,Standard,1062.21
7536,Laure Riou,laure.riou7536@hotmail.com,France,2021-11-11,Basic,129.98
7537,Austin Green,austin.green7537@yahoo.com,United States,2022-08-19,Basic,629.09
7538,José Manuel Patricio Llano Ribes,jose.manuel.patricio.llano.ribes7538@proton.me,Spain,2021-10-09,Premium,1186.13
7539,Max Pölitz-Hartung,max.politz.hartung7539@yahoo.com,Germany,2023-01-11,Basic,103.77
7540,Auguste Leconte,auguste.leconte7540@yahoo.com,France,2021-01-11,Standard,1288.03
7541,Crystal Mills,crystal.mills7541@proton.me,United States,2023-11-07,Premium,4032.57
7542,Cheryl Gregory,cheryl.gregory7542@yahoo.com,United States,2025-12-03,Standard,450.21
7543,Melissa Patel MD,melissa.patel.md7543@outlook.com,United States,2025-02-24,Premium,1820.97
7544,Mr Declan Gilbert,mr.declan.gilbert7544@proton.me,United Kingdom,2021-04-25,Basic,621.72
7545,Liliana Salieri,liliana.salieri7545@yahoo.com,Italy,2023-01-14,Basic,655.46
7546,Jordan Pace,jordan.pace7546@gmail.com,United States,2025-03-28,Standard,1617.52
7547,Terri Williams,terri.williams7547@icloud.com,United States,2023-09-23,Standard,626.55
7548,Robert Harrison,robert.harrison7548@gmail.com,Australia,2026-03-20,Standard,643.82
7549,Dante Novais,dante.novais7549@outlook.com,Brazil,2024-03-30,Standard,330.94
7550,Carly Donnelly,carly.donnelly7550@yahoo.com,United Kingdom,2021-03-31,Premium,4166.45
7551,Jessica Carney,jessica.carney7551@hotmail.com,United States,2021-12-12,Basic,470.92
7552,Gavin Patel,gavin.patel7552@icloud.com,United Kingdom,2025-08-14,Basic,142.13
7553,Ing. Emmy Bolander,ing.emmy.bolander7553@yahoo.com,Germany,2023-08-16,Standard,1647.23
7554,Vansha Iyengar,vansha.iyengar7554@hotmail.com,India,2024-03-14,Basic,409.7
7555,Michael Owens,michael.owens7555@yahoo.com,United States,2020-01-09,Premium,1969.51
7556,Peter Stephenson,peter.stephenson7556@outlook.com,United States,2020-11-04,Basic,173.66
7557,Donald Fisher,donald.fisher7557@icloud.com,United States,2021-12-27,Basic,630.94
7558,Aaron Lee,aaron.lee7558@hotmail.com,United States,2026-04-03,Premium,1999.84
7559,Kenneth Johnson,kenneth.johnson7559@gmail.com,United States,2020-04-15,Basic,86.96
7560,Vanessa Coleman,vanessa.coleman7560@outlook.com,United States,2022-09-04,Basic,386.17
7561,Mathilde Blanchet,mathilde.blanchet7561@hotmail.com,France,2021-11-19,Standard,1378.88
7562,Eric Mota,eric.mota7562@proton.me,Mexico,2020-10-17,Basic,451.54
7563,David Martin,david.martin7563@hotmail.com,United States,2026-08-15,Standard,1346.9
7564,Ellie James,ellie.james7564@icloud.com,United Kingdom,2024-08-19,Standard,885.69
7565,Mr Reece Lewis,mr.reece.lewis7565@gmail.com,United Kingdom,2021-08-25,Basic,562.17
7566,Jason Love,jason.love7566@hotmail.com,Canada,2020-05-31,Standard,164.77
7567,Mark Davis,mark.davis7567@outlook.com,United States,2024-11-28,Premium,2950.84
7568,Robert Watkins,robert.watkins7568@yahoo.com,United States,2023-07-28,Premium,3490.44
7569,Felicia Wright,felicia.wright7569@hotmail.com,United States,2020-06-29,Premium,1740.98
7570,David Peterson,david.peterson7570@hotmail.com,United States,2021-11-07,Standard,1488.74
7571,Randy Smith,randy.smith7571@icloud.com,Canada,2022-07-18,Standard,336.15
7572,Gavin Bauer,gavin.bauer7572@icloud.com,United States,2024-05-20,Basic,203.38
7573,Alexandre Meunier,alexandre.meunier7573@icloud.com,France,2023-04-24,Premium,935.74
7574,Univ.Prof. Milan Loos,univ.prof.milan.loos7574@hotmail.com,Germany,2024-04-08,Standard,1493.78
7575,Holly Valentine,holly.valentine7575@hotmail.com,Australia,2025-08-31,Basic,135.65
7576,Jovita Hervás Saura,jovita.hervas.saura7576@proton.me,Spain,2020-10-03,Standard,609.14
7577,Patricia Harvey,patricia.harvey7577@outlook.com,United States,2024-05-25,Premium,2560.04
7578,Heloisa Vasconcelos,heloisa.vasconcelos7578@yahoo.com,Brazil,2022-10-07,Basic,384.95
7579,Frau Yvette Kaul MBA.,frau.yvette.kaul.mba7579@proton.me,Germany,2023-12-20,Standard,429.93
7580,Sabine Fontaine de la Mercier,sabine.fontaine.de.la.mercier7580@outlook.com,France,2023-01-24,Standard,684.05
7581,Marzena Lindau,marzena.lindau7581@hotmail.com,Germany,2022-05-23,Basic,630.93
7582,Tristan Poulain-Étienne,tristan.poulain.etienne7582@icloud.com,France,2025-08-25,Premium,1649.6
7583,Rita Hudson-Connolly,rita.hudson.connolly7583@hotmail.com,United Kingdom,2025-05-11,Standard,1239.13
7584,Ekani Mangal,ekani.mangal7584@icloud.com,India,2022-05-05,Standard,867.0
7585,Dr. Fatma Kohl,dr.fatma.kohl7585@proton.me,Germany,2021-02-12,Premium,2970.53
7586,Gaurav Kata,gaurav.kata7586@proton.me,India,2026-01-02,Premium,816.44
7587,Ben Jackson,ben.jackson7587@yahoo.com,United Kingdom,2026-05-22,Premium,1674.61
7588,Jacinto Gilberto Ybarra Leal,jacinto.gilberto.ybarra.leal7588@hotmail.com,Mexico,2020-04-14,Basic,383.25
7589,Mrs. Diane Reyes,mrs.diane.reyes7589@proton.me,Australia,2024-08-05,Standard,1740.32
7590,Prof. Hugo Hendriks,prof.hugo.hendriks7590@gmail.com,Germany,2024-09-12,Standard,656.97
7591,Ing. Stavros Trommler B.A.,ing.stavros.trommler.b.a7591@hotmail.com,Germany,2020-03-11,Basic,245.49
7592,Lori Riley,lori.riley7592@yahoo.com,United States,2020-12-22,Premium,2651.51
7593,Antonio Johnson,antonio.johnson7593@yahoo.com,United States,2021-07-14,Standard,1533.46
7594,Mr Bernard Thomson,mr.bernard.thomson7594@gmail.com,United Kingdom,2025-11-26,Premium,3704.7
7595,Maria Helena Machado,maria.helena.machado7595@outlook.com,Brazil,2026-07-13,Standard,977.82
7596,Sr(a). Noemí Espino,sr.a.noemi.espino7596@icloud.com,Mexico,2022-08-17,Standard,766.28
7597,Antony Baker-Coles,antony.baker.coles7597@outlook.com,United Kingdom,2022-09-27,Standard,897.71
7598,Alexandria Texier,alexandria.texier7598@icloud.com,France,2023-09-17,Premium,2454.87
7599,Ryan Brown,ryan.brown7599@proton.me,Japan,2024-01-24,Basic,242.85
7600,Thomas Ramos,thomas.ramos7600@hotmail.com,Japan,2022-10-29,Standard,1386.65
7601,Yves Lebreton,yves.lebreton7601@proton.me,France,2021-09-25,Standard,431.26
7602,Giulietta Respighi,giulietta.respighi7602@proton.me,Italy,2026-03-06,Basic,308.03
7603,Nova van Beaumont,nova.van.beaumont7603@proton.me,Netherlands,2020-07-29,Premium,2619.56
7604,Ms Shirley West,ms.shirley.west7604@yahoo.com,United Kingdom,2021-10-08,Basic,422.57
7605,Parth Sahni,parth.sahni7605@yahoo.com,India,2023-01-26,Standard,1405.3
7606,Fabiola Palomo Sáenz,fabiola.palomo.saenz7606@outlook.com,Mexico,2021-10-25,Standard,1179.89
7607,Traudel Bohlander MBA.,traudel.bohlander.mba7607@proton.me,Germany,2026-07-23,Basic,405.52
7608,Mark Jones,mark.jones7608@gmail.com,United States,2022-07-06,Standard,710.04
7609,Kristin Phillips,kristin.phillips7609@gmail.com,United States,2020-08-29,Standard,1403.35
7610,Aaron Stanley,aaron.stanley7610@proton.me,United Kingdom,2020-12-02,Basic,215.94
7611,Prof. Katarzyna Eimer,prof.katarzyna.eimer7611@proton.me,Germany,2023-08-03,Standard,678.27
7612,Letícia Pastor,leticia.pastor7612@icloud.com,Brazil,2023-10-27,Premium,4474.8
7613,Michelle Hebert,michelle.hebert7613@icloud.com,France,2025-05-28,Standard,558.64
7614,Brendan Walton,brendan.walton7614@outlook.com,United States,2024-09-04,Premium,1284.11
7615,Ekaterina Hermighausen-Haase,ekaterina.hermighausen.haase7615@yahoo.com,Germany,2020-03-30,Standard,993.35
7616,Kyle Keller,kyle.keller7616@hotmail.com,United States,2022-10-04,Standard,1610.49
7617,James Pope,james.pope7617@icloud.com,United States,2025-08-02,Standard,461.61
7618,Lisa Morgan,lisa.morgan7618@yahoo.com,United States,2024-04-15,Basic,697.71
7619,Rachel Gibson,rachel.gibson7619@yahoo.com,Japan,2022-06-14,Standard,217.76
7620,Corey Garcia,corey.garcia7620@icloud.com,United States,2020-09-27,Standard,1477.34
7621,Veerle van de Noordmark,veerle.van.de.noordmark7621@gmail.com,Netherlands,2022-10-01,Standard,1516.65
7622,Romy Adriaansen,romy.adriaansen7622@yahoo.com,Netherlands,2020-09-07,Standard,766.61
7623,Judith French-Clarke,judith.french.clarke7623@icloud.com,United Kingdom,2023-05-19,Standard,1226.94
7624,Lorena Nunes,lorena.nunes7624@gmail.com,Brazil,2022-01-10,Standard,1190.26
7625,Blanca del Farré,blanca.del.farre7625@gmail.com,Spain,2022-06-30,Standard,1062.99
7626,Andrea Clarke,andrea.clarke7626@yahoo.com,United States,2020-09-30,Premium,1689.09
7627,Maren Budig,maren.budig7627@proton.me,Germany,2024-08-19,Standard,905.18
7628,Siegried Koch II B.Sc.,siegried.koch.ii.b.sc7628@yahoo.com,Germany,2024-08-31,Standard,1724.32
7629,Dr Ronald Lawrence,dr.ronald.lawrence7629@outlook.com,United Kingdom,2023-11-28,Standard,1168.84
7630,Kenneth Walsh,kenneth.walsh7630@outlook.com,United States,2025-08-27,Premium,2024.05
7631,Ana Liz Pimenta,ana.liz.pimenta7631@outlook.com,Brazil,2022-04-07,Standard,1369.48
7632,Jason Hardy,jason.hardy7632@gmail.com,United States,2021-07-26,Standard,487.13
7633,Mr Daniel Spencer,mr.daniel.spencer7633@yahoo.com,United Kingdom,2022-08-20,Basic,387.72
7634,Tracy Montoya,tracy.montoya7634@yahoo.com,Australia,2022-02-26,Standard,461.18
7635,Atenulf Calbo-Foletti,atenulf.calbo.foletti7635@gmail.com,Italy,2022-04-22,Standard,1379.59
7636,David Robles,david.robles7636@proton.me,United States,2025-10-31,Standard,1382.07
7637,Eric Graham,eric.graham7637@gmail.com,United States,2021-08-09,Standard,178.65
7638,Nicole Collins,nicole.collins7638@hotmail.com,United States,2020-02-28,Standard,614.38
7639,Patricia Hernandez,patricia.hernandez7639@proton.me,United States,2021-05-20,Basic,225.44
7640,Nadine Spruyt,nadine.spruyt7640@hotmail.com,Netherlands,2024-11-24,Premium,4250.42
7641,Grant Wood,grant.wood7641@hotmail.com,Japan,2023-03-16,Standard,553.73
7642,Dr. Martín Salas,dr.martin.salas7642@proton.me,Mexico,2021-07-10,Standard,1599.94
7643,Kevin Gregory,kevin.gregory7643@hotmail.com,Japan,2022-10-17,Premium,2957.59
7644,Jonathon Conley,jonathon.conley7644@icloud.com,United States,2023-09-02,Basic,644.8
7645,Dr John Harvey,dr.john.harvey7645@proton.me,United Kingdom,2020-05-17,Premium,3539.95
7646,Brenda Wright,brenda.wright7646@outlook.com,Australia,2025-09-08,Standard,899.02
7647,Shelly Spencer,shelly.spencer7647@yahoo.com,Australia,2024-03-12,Standard,1036.07
7648,Tanya Russell,tanya.russell7648@icloud.com,Canada,2020-12-12,Standard,1619.06
7649,Sébastien Dos Santos,sebastien.dos.santos7649@outlook.com,France,2024-01-07,Basic,284.26
7650,Mathilde du Bouvier,mathilde.du.bouvier7650@icloud.com,France,2026-07-13,Premium,3415.42
7651,Balhaar Ranganathan,balhaar.ranganathan7651@outlook.com,India,2024-05-31,Standard,633.79
7652,Mr Gerald Murphy,mr.gerald.murphy7652@outlook.com,United Kingdom,2023-08-09,Premium,3851.27
7653,Jennifer Gonzalez,jennifer.gonzalez7653@outlook.com,United States,2020-10-24,Basic,139.67
7654,Terry Glover,terry.glover7654@proton.me,Japan,2025-11-25,Standard,1038.27
7655,Ms Beth Walker,ms.beth.walker7655@hotmail.com,United Kingdom,2020-02-08,Basic,363.92
7656,Andrej Heuser MBA.,andrej.heuser.mba7656@hotmail.com,Germany,2023-11-20,Basic,109.33
7657,Gérard-Bertrand Michel,gerard.bertrand.michel7657@hotmail.com,France,2025-01-23,Basic,530.31
7658,Quincy Mann,quincy.mann7658@yahoo.com,India,2024-09-30,Standard,1401.97
7659,Eva Iannucci-Bova,eva.iannucci.bova7659@gmail.com,Italy,2021-06-09,Basic,495.93
7660,Michael Neal,michael.neal7660@proton.me,United States,2023-06-22,Standard,911.35
7661,Ms. Erin Lane,ms.erin.lane7661@gmail.com,Japan,2025-07-21,Standard,1306.74
7662,Süleyman Briemer,suleyman.briemer7662@proton.me,Germany,2022-10-13,Premium,1161.65
7663,Paul Paul,paul.paul7663@gmail.com,France,2025-06-19,Standard,360.38
7664,Célina Charles,celina.charles7664@gmail.com,France,2024-04-27,Basic,261.28
7665,Derek Walsh,derek.walsh7665@yahoo.com,United Kingdom,2025-06-21,Standard,1218.54
7666,Maurice-Franck Raymond,maurice.franck.raymond7666@proton.me,France,2022-04-04,Basic,538.19
7667,Ryan Rosales,ryan.rosales7667@hotmail.com,Australia,2025-08-18,Standard,299.01
7668,Joanne Waters-Smith,joanne.waters.smith7668@gmail.com,United Kingdom,2024-09-28,Basic,289.1
7669,Liliana Piedad Cerezo Baños,liliana.piedad.cerezo.banos7669@gmail.com,Spain,2023-11-24,Standard,922.36
7670,Patrick Bourgeois de Dufour,patrick.bourgeois.de.dufour7670@outlook.com,France,2024-08-30,Standard,283.57
7671,Roman Wesack B.A.,roman.wesack.b.a7671@icloud.com,Germany,2026-07-12,Basic,686.74
7672,Sherry Woods,sherry.woods7672@hotmail.com,Canada,2022-09-05,Standard,822.1
7673,Lisa Barnes,lisa.barnes7673@icloud.com,United States,2024-02-26,Standard,1297.74
7674,Jesse Mccormick,jesse.mccormick7674@gmail.com,United States,2022-06-16,Standard,701.46
7675,Adriana Cabán,adriana.caban7675@yahoo.com,Mexico,2021-06-23,Standard,762.89
7676,Daniel Smith,daniel.smith7676@yahoo.com,United States,2024-03-08,Standard,816.75
7677,Aditya Misra,aditya.misra7677@gmail.com,India,2021-08-18,Standard,858.93
7678,Victor Morris,victor.morris7678@proton.me,Canada,2023-07-01,Standard,1403.69
7679,David Hanson,david.hanson7679@icloud.com,Japan,2025-06-14,Standard,1017.23
7680,Susan Davis,susan.davis7680@icloud.com,Canada,2024-07-30,Basic,82.56
7681,Dr. Stefani Kade B.Eng.,dr.stefani.kade.b.eng7681@yahoo.com,Germany,2020-08-27,Standard,966.19
7682,Nicholas Cisneros,nicholas.cisneros7682@proton.me,United States,2022-04-19,Standard,1593.84
7683,Estela Leticia Guerrero Malave,estela.leticia.guerrero.malave7683@yahoo.com,Mexico,2023-11-24,Basic,518.95
7684,Ehrenfried Grein Groth,ehrenfried.grein.groth7684@yahoo.com,Germany,2022-08-20,Premium,1245.86
7685,Peter Wende,peter.wende7685@hotmail.com,Germany,2026-07-29,Basic,542.15
7686,Patrick Harris,patrick.harris7686@hotmail.com,United States,2022-04-14,Basic,533.37
7687,William Cox,william.cox7687@icloud.com,United States,2024-10-07,Standard,1793.72
7688,Gautami Mane,gautami.mane7688@icloud.com,India,2024-01-26,Standard,523.27
7689,Ms Margaret Frost,ms.margaret.frost7689@hotmail.com,United Kingdom,2021-09-06,Premium,844.66
7690,Alvin Wilson,alvin.wilson7690@hotmail.com,United States,2025-04-10,Standard,1365.9
7691,Dr. Mary Schleich B.A.,dr.mary.schleich.b.a7691@outlook.com,Germany,2024-05-22,Standard,627.4
7692,Phillip Nelson,phillip.nelson7692@icloud.com,Australia,2023-06-21,Basic,26.26
7693,Diana Mitchell-Mahmood,diana.mitchell.mahmood7693@gmail.com,United Kingdom,2020-05-24,Standard,1378.41
7694,Traudl Henck-Rohleder,traudl.henck.rohleder7694@gmail.com,Germany,2022-06-11,Basic,233.26
7695,Kimberly Sharp,kimberly.sharp7695@proton.me,Canada,2024-12-25,Standard,1296.36
7696,Lindsey Green,lindsey.green7696@proton.me,United Kingdom,2023-08-23,Premium,3481.12
7697,Brittany Kim,brittany.kim7697@hotmail.com,Australia,2020-11-27,Premium,2704.95
7698,Courtney Hayes,courtney.hayes7698@gmail.com,Australia,2022-09-21,Basic,389.53
7699,Maurice Giraud,maurice.giraud7699@hotmail.com,France,2026-07-14,Standard,1249.22
7700,Peggy Holzapfel,peggy.holzapfel7700@yahoo.com,Germany,2020-10-01,Standard,479.79
7701,Wakeeta Desai,wakeeta.desai7701@proton.me,India,2020-09-19,Basic,88.37
7702,Rolando Ribera-Nieto,rolando.ribera.nieto7702@icloud.com,Spain,2020-11-17,Standard,1462.03
7703,Cory Willis,cory.willis7703@yahoo.com,United States,2024-05-21,Standard,798.85
7704,Marilyn Hamilton,marilyn.hamilton7704@proton.me,United Kingdom,2023-05-29,Standard,986.75
7705,Anjali Hans,anjali.hans7705@yahoo.com,India,2024-08-23,Basic,245.3
7706,Susan Thompson,susan.thompson7706@outlook.com,Canada,2020-02-11,Premium,4415.56
7707,Irmtraud Reinhardt-Seip,irmtraud.reinhardt.seip7707@gmail.com,Germany,2021-12-09,Standard,1142.01
7708,Mtro. Mario Uribe,mtro.mario.uribe7708@gmail.com,Mexico,2022-07-10,Standard,510.87
7709,Ganga Gaba,ganga.gaba7709@yahoo.com,India,2021-03-16,Standard,406.25
7710,Amanda Johnson,amanda.johnson7710@outlook.com,United States,2021-05-31,Basic,327.54
7711,Aurore Normand,aurore.normand7711@hotmail.com,France,2025-01-23,Basic,417.88
7712,Nathan Reynolds,nathan.reynolds7712@proton.me,United Kingdom,2022-10-19,Premium,2290.39
7713,Franca Heß,franca.he7713@gmail.com,Germany,2025-02-11,Basic,109.92
7714,Srta. Giovanna Pires,srta.giovanna.pires7714@hotmail.com,Brazil,2023-09-12,Premium,3942.1
7715,Aarini Grewal,aarini.grewal7715@icloud.com,India,2020-10-22,Standard,413.96
7716,Marie Lacombe,marie.lacombe7716@icloud.com,France,2022-09-01,Standard,1634.11
7717,Christopher Mcclure,christopher.mcclure7717@proton.me,Japan,2020-10-29,Standard,606.29
7718,Juliana Oestrovsky,juliana.oestrovsky7718@hotmail.com,Germany,2024-08-21,Standard,297.27
7719,Christopher Bailey,christopher.bailey7719@gmail.com,United Kingdom,2024-07-30,Basic,322.31
7720,João Ribeiro,joao.ribeiro7720@yahoo.com,Brazil,2025-09-12,Basic,137.4
7721,Gina Spencer,gina.spencer7721@hotmail.com,United States,2021-03-20,Basic,467.47
7722,Geetika Merchant,geetika.merchant7722@proton.me,India,2026-04-27,Standard,189.1
7723,Emanuel da Costa,emanuel.da.costa7723@yahoo.com,Brazil,2026-04-23,Standard,1562.16
7724,Parth Ravi,parth.ravi7724@outlook.com,India,2022-02-16,Standard,1378.72
7725,Alex Cameron,alex.cameron7725@outlook.com,United States,2025-02-19,Standard,1484.5
7726,Arzu Ullmann MBA.,arzu.ullmann.mba7726@hotmail.com,Germany,2020-11-10,Basic,185.46
7727,Casey Gillespie,casey.gillespie7727@hotmail.com,Canada,2023-11-06,Standard,177.15
7728,Alexander Brown,alexander.brown7728@gmail.com,Australia,2026-07-14,Basic,495.77
7729,Yutika Narang,yutika.narang7729@proton.me,India,2024-06-27,Basic,373.01
7730,Alisha Byrd,alisha.byrd7730@yahoo.com,United States,2026-04-30,Standard,1755.41
7731,Cynthia Vang,cynthia.vang7731@outlook.com,Australia,2026-08-18,Basic,283.95
7732,Richard Rodriguez,richard.rodriguez7732@gmail.com,United States,2026-06-30,Basic,83.7
7733,Nandini Chandran,nandini.chandran7733@gmail.com,India,2024-08-27,Standard,1077.17
7734,Mrs Kirsty Garner,mrs.kirsty.garner7734@yahoo.com,United Kingdom,2024-08-05,Premium,2764.9
7735,Jennifer Simpson DVM,jennifer.simpson.dvm7735@hotmail.com,Canada,2021-07-10,Premium,1317.46
7736,Elizabeth Allen,elizabeth.allen7736@yahoo.com,Japan,2022-05-29,Standard,1056.07
7737,Gino Dovara,gino.dovara7737@yahoo.com,Italy,2020-02-16,Basic,415.04
7738,Traudel Haase,traudel.haase7738@hotmail.com,Germany,2024-10-21,Basic,323.94
7739,Antonina Crisafulli,antonina.crisafulli7739@yahoo.com,Italy,2024-12-22,Standard,1427.67
7740,Tammy Mcdowell,tammy.mcdowell7740@hotmail.com,Canada,2024-01-21,Standard,151.59
7741,Logan Sood,logan.sood7741@icloud.com,India,2020-01-11,Standard,1237.93
7742,Alan Wilson,alan.wilson7742@outlook.com,United Kingdom,2022-03-04,Standard,957.05
7743,Mary Pugh,mary.pugh7743@outlook.com,United States,2024-05-20,Basic,160.83
7744,Yolanda Keith,yolanda.keith7744@hotmail.com,United States,2022-10-26,Basic,28.81
7745,Pierangelo Salieri,pierangelo.salieri7745@outlook.com,Italy,2023-01-13,Basic,628.63
7746,Yuvraj Ahuja,yuvraj.ahuja7746@hotmail.com,India,2022-09-14,Basic,58.8
7747,Jane Webb,jane.webb7747@icloud.com,United Kingdom,2024-10-22,Standard,245.92
7748,Ana Thomas,ana.thomas7748@yahoo.com,United States,2021-01-22,Premium,2982.25
7749,Rebecca Lee,rebecca.lee7749@hotmail.com,United States,2021-06-07,Standard,1774.32
7750,Alfred Galvan,alfred.galvan7750@gmail.com,Australia,2020-05-13,Standard,1000.87
7751,Miss Diane Cooper,miss.diane.cooper7751@gmail.com,United Kingdom,2023-04-18,Standard,1522.77
7752,Leela Keer,leela.keer7752@hotmail.com,India,2020-02-23,Premium,1060.26
7753,Keith Rodriguez,keith.rodriguez7753@gmail.com,Canada,2020-05-23,Standard,1006.44
7754,Débora Acedo,debora.acedo7754@outlook.com,Spain,2024-05-26,Standard,1401.16
7755,James Greene,james.greene7755@outlook.com,United States,2025-07-25,Standard,1543.51
7756,Marie Moody,marie.moody7756@yahoo.com,Australia,2026-06-08,Standard,203.51
7757,Amara Narayan,amara.narayan7757@gmail.com,India,2022-05-12,Premium,2765.18
7758,Sig.ra Giulia Balbo,sig.ra.giulia.balbo7758@hotmail.com,Italy,2025-08-01,Premium,1610.43
7759,Dana Williams,dana.williams7759@gmail.com,United States,2023-12-05,Standard,1688.65
7760,Mrs. Virginia Daniels,mrs.virginia.daniels7760@outlook.com,Canada,2021-12-18,Standard,261.81
7761,Chelsea Nichols,chelsea.nichols7761@icloud.com,United States,2020-06-20,Premium,2107.48
7762,Mr Danny Turner,mr.danny.turner7762@proton.me,United Kingdom,2020-02-28,Standard,423.99
7763,Todd Rosales MD,todd.rosales.md7763@gmail.com,Canada,2022-01-13,Standard,889.99
7764,Advay Lal,advay.lal7764@icloud.com,India,2020-05-28,Basic,179.08
7765,Dustin Gallegos,dustin.gallegos7765@yahoo.com,Australia,2026-04-03,Standard,888.64
7766,Frauke Lehmann,frauke.lehmann7766@hotmail.com,Germany,2024-05-13,Basic,49.48
7767,Warinder Bhatia,warinder.bhatia7767@yahoo.com,India,2025-11-14,Standard,678.3
7768,Mtro. Luz Urbina,mtro.luz.urbina7768@gmail.com,Mexico,2022-04-07,Basic,586.23
7769,Erin Brown,erin.brown7769@yahoo.com,United States,2026-04-29,Standard,1756.73
7770,Brian Martin,brian.martin7770@icloud.com,Canada,2025-03-03,Standard,1254.05
7771,Udyati Mohanty,udyati.mohanty7771@gmail.com,India,2025-12-02,Premium,1527.25
7772,Shelley York,shelley.york7772@proton.me,United States,2026-05-17,Standard,1195.5
7773,Stacey Clark,stacey.clark7773@hotmail.com,Japan,2020-02-04,Premium,3582.81
7774,John Alvarado,john.alvarado7774@yahoo.com,United States,2020-01-19,Standard,724.61
7775,Janet Hill,janet.hill7775@gmail.com,United Kingdom,2026-03-06,Standard,517.06
7776,Senna Jorrisen-van Goerle,senna.jorrisen.van.goerle7776@gmail.com,Netherlands,2020-11-14,Basic,368.81
7777,Jordan Potter,jordan.potter7777@hotmail.com,United States,2025-01-13,Standard,896.33
7778,Katrina Jimenez,katrina.jimenez7778@yahoo.com,United States,2026-04-07,Standard,372.38
7779,Frank Brooks,frank.brooks7779@yahoo.com,United States,2020-08-29,Basic,383.2
7780,Jesús María Elena Juárez Malave,jesus.maria.elena.juarez.malave7780@hotmail.com,Mexico,2023-08-02,Basic,207.13
7781,Irene Brooks,irene.brooks7781@icloud.com,United Kingdom,2022-01-30,Standard,1529.34
7782,Michelle Simpson,michelle.simpson7782@gmail.com,United States,2024-03-28,Standard,1024.28
7783,James Morse,james.morse7783@proton.me,United States,2021-11-26,Standard,1135.21
7784,Robert Allard,robert.allard7784@yahoo.com,France,2024-03-28,Standard,1388.57
7785,Karl-Otto Hartung,karl.otto.hartung7785@yahoo.com,Germany,2024-07-16,Standard,1538.52
7786,Alan Heß-Röhrdanz,alan.he.rohrdanz7786@outlook.com,Germany,2024-01-28,Premium,3556.87
7787,Clive Wood,clive.wood7787@hotmail.com,United Kingdom,2023-12-30,Basic,264.92
7788,Henri Barbier de la Étienne,henri.barbier.de.la.etienne7788@outlook.com,France,2025-10-23,Standard,1772.11
7789,Keith Bell,keith.bell7789@proton.me,United Kingdom,2024-09-13,Standard,1714.43
7790,David Lopez,david.lopez7790@gmail.com,Canada,2021-04-05,Basic,271.58
7791,Amanda Robinson,amanda.robinson7791@gmail.com,United States,2021-04-04,Standard,864.09
7792,Scott Foster,scott.foster7792@yahoo.com,Japan,2026-02-03,Basic,75.33
7793,Ing. Carmen Gunpf,ing.carmen.gunpf7793@outlook.com,Germany,2024-09-18,Standard,211.18
7794,Glenn Williams,glenn.williams7794@proton.me,United Kingdom,2024-08-21,Basic,596.33
7795,Rachel Bradley,rachel.bradley7795@icloud.com,Canada,2026-02-08,Standard,1363.13
7796,Esther Carla Espinoza Mata,esther.carla.espinoza.mata7796@icloud.com,Mexico,2022-07-03,Standard,683.96
7797,Stephen Duncan,stephen.duncan7797@hotmail.com,United States,2023-08-03,Standard,856.74
7798,Jacqueline Pierce,jacqueline.pierce7798@proton.me,United States,2023-05-10,Basic,632.47
7799,Tracey Wheeler,tracey.wheeler7799@proton.me,United Kingdom,2022-09-14,Basic,549.76
7800,Casey Chase,casey.chase7800@yahoo.com,Canada,2023-05-16,Standard,1611.47
7801,Bradley Wallace,bradley.wallace7801@outlook.com,United States,2025-01-25,Premium,1085.38
7802,Yuri Barbosa,yuri.barbosa7802@outlook.com,Brazil,2025-04-11,Basic,658.53
7803,Nidra Thakkar,nidra.thakkar7803@hotmail.com,India,2022-02-26,Standard,162.47
7804,Jacob Merchant,jacob.merchant7804@yahoo.com,India,2023-01-08,Basic,523.82
7805,Kevin Marshall,kevin.marshall7805@hotmail.com,Japan,2020-12-29,Standard,1247.4
7806,Brenda Thornton,brenda.thornton7806@hotmail.com,Australia,2021-10-20,Basic,489.41
7807,Jessica Mcdonald,jessica.mcdonald7807@hotmail.com,Japan,2026-07-03,Basic,672.04
7808,Robert Stewart,robert.stewart7808@hotmail.com,United States,2022-01-06,Basic,698.42
7809,Timothy Kanda,timothy.kanda7809@gmail.com,India,2022-05-06,Standard,718.5
7810,Omar Escalante Espinosa,omar.escalante.espinosa7810@hotmail.com,Mexico,2026-04-13,Basic,532.67
7811,Hélène de Bourgeois,helene.de.bourgeois7811@hotmail.com,France,2025-11-26,Premium,4466.24
7812,Christopher Hall,christopher.hall7812@gmail.com,United States,2021-09-26,Premium,2916.07
7813,Helen Wright,helen.wright7813@proton.me,United Kingdom,2021-12-20,Basic,498.65
7814,Heather Miller,heather.miller7814@proton.me,United States,2020-01-04,Basic,540.9
7815,Alexandre Jesus,alexandre.jesus7815@yahoo.com,Brazil,2023-11-28,Standard,1106.61
7816,Olivia da Rocha,olivia.da.rocha7816@gmail.com,Brazil,2025-08-17,Standard,713.85
7817,Kayla Schneider,kayla.schneider7817@icloud.com,United States,2021-11-03,Standard,1630.94
7818,Tammy Garcia,tammy.garcia7818@yahoo.com,Japan,2020-12-16,Standard,155.94
7819,Andrew Gonzalez,andrew.gonzalez7819@outlook.com,Japan,2024-07-05,Standard,484.99
7820,Primitivo Eustaquio Tovar Comas,primitivo.eustaquio.tovar.comas7820@icloud.com,Spain,2021-09-09,Standard,464.79
7821,Georges Teixeira,georges.teixeira7821@icloud.com,France,2020-02-07,Standard,887.18
7822,Iris Verkade-van der Sande,iris.verkade.van.der.sande7822@icloud.com,Netherlands,2024-04-06,Standard,315.43
7823,Julie Vandenbergh,julie.vandenbergh7823@icloud.com,Netherlands,2026-07-20,Basic,466.62
7824,Gary Turner,gary.turner7824@yahoo.com,United States,2024-02-10,Premium,2345.96
7825,Igor da Paz,igor.da.paz7825@hotmail.com,Brazil,2026-01-05,Standard,632.08
7826,Vanya Dua,vanya.dua7826@outlook.com,India,2024-11-30,Standard,1280.62
7827,Samantha Robertson,samantha.robertson7827@icloud.com,Canada,2021-12-17,Standard,1101.42
7828,Sra. Mirella Barbosa,sra.mirella.barbosa7828@icloud.com,Brazil,2024-12-04,Premium,3012.54
7829,Kashvi Sagar,kashvi.sagar7829@outlook.com,India,2024-06-06,Standard,1593.95
7830,Melinda Hill,melinda.hill7830@yahoo.com,United States,2020-11-15,Standard,552.74
7831,Isabel da Luz,isabel.da.luz7831@outlook.com,Brazil,2024-05-05,Premium,2535.63
7832,Aaron Miller,aaron.miller7832@yahoo.com,Australia,2025-10-06,Basic,184.04
7833,Yolanda Murillo,yolanda.murillo7833@hotmail.com,United States,2023-06-30,Standard,1000.69
7834,Philip Pastoors-de Heer,philip.pastoors.de.heer7834@proton.me,Netherlands,2025-08-08,Standard,283.21
7835,Nancy Gaines,nancy.gaines7835@yahoo.com,United States,2022-11-06,Basic,502.47
7836,Fernanda Lima,fernanda.lima7836@proton.me,Brazil,2020-05-21,Standard,306.78
7837,Jules Lenoir,jules.lenoir7837@proton.me,France,2021-02-05,Standard,537.53
7838,Miss Shirley McLean,miss.shirley.mclean7838@yahoo.com,United Kingdom,2021-08-11,Standard,748.67
7839,Catherine White,catherine.white7839@gmail.com,United Kingdom,2023-04-03,Basic,385.06
7840,Catherine Fisher,catherine.fisher7840@icloud.com,United Kingdom,2024-03-29,Premium,4111.74
7841,Leon Kirby,leon.kirby7841@gmail.com,United Kingdom,2020-01-08,Standard,1019.63
7842,Elijah Short,elijah.short7842@hotmail.com,United States,2024-08-25,Basic,524.35
7843,Thijn van 't Wel-Broeshart,thijn.van.t.wel.broeshart7843@yahoo.com,Netherlands,2024-05-14,Basic,224.93
7844,Tejas Kota,tejas.kota7844@proton.me,India,2021-03-01,Standard,1160.6
7845,James Baker-Slater,james.baker.slater7845@icloud.com,United Kingdom,2021-03-09,Basic,510.36
7846,Jennifer Sullivan,jennifer.sullivan7846@yahoo.com,Japan,2023-07-03,Standard,1741.27
7847,Dunja Kramer,dunja.kramer7847@proton.me,Germany,2025-07-06,Standard,625.02
7848,Maximiliano Gerónimo Villalpando,maximiliano.geronimo.villalpando7848@yahoo.com,Mexico,2021-08-27,Basic,315.64
7849,Mary Kennedy,mary.kennedy7849@yahoo.com,United States,2023-01-26,Premium,1582.4
7850,Michael Lopez,michael.lopez7850@yahoo.com,Canada,2023-11-20,Standard,569.5
7851,Yago Câmara,yago.camara7851@hotmail.com,Brazil,2020-11-08,Basic,458.51
7852,Paige Hernandez,paige.hernandez7852@hotmail.com,United States,2021-12-03,Standard,768.52
7853,Darrell Curry,darrell.curry7853@proton.me,United States,2020-04-14,Basic,456.12
7854,Ruben Dunn,ruben.dunn7854@hotmail.com,Australia,2024-11-11,Standard,566.76
7855,Clare Weston-Bond,clare.weston.bond7855@yahoo.com,United Kingdom,2022-03-26,Basic,362.24
7856,Jose Hartman,jose.hartman7856@hotmail.com,United States,2026-06-12,Basic,265.86
7857,Kelsey Rodriguez,kelsey.rodriguez7857@gmail.com,Australia,2021-11-30,Standard,1469.41
7858,Franklin Wright,franklin.wright7858@yahoo.com,Canada,2023-04-13,Basic,415.82
7859,Miranda Murray,miranda.murray7859@yahoo.com,United States,2025-09-10,Basic,632.82
7860,Emily Lopez,emily.lopez7860@proton.me,United States,2022-01-11,Premium,2970.09
7861,Ing. Guillermina Camarillo,ing.guillermina.camarillo7861@outlook.com,Mexico,2021-07-22,Premium,2429.8
7862,Dominic Harris-Holloway,dominic.harris.holloway7862@gmail.com,United Kingdom,2021-05-07,Basic,131.6
7863,Sanya Wable,sanya.wable7863@yahoo.com,India,2023-09-30,Basic,599.45
7864,Eric Williams,eric.williams7864@hotmail.com,Australia,2022-07-22,Basic,116.71
7865,Riley Bryant,riley.bryant7865@icloud.com,Australia,2020-09-16,Standard,1141.29
7866,Melissa Clark,melissa.clark7866@yahoo.com,United States,2021-11-22,Standard,1374.08
7867,Justin Brooks,justin.brooks7867@outlook.com,United States,2024-06-15,Basic,557.12
7868,Bethany Harding,bethany.harding7868@yahoo.com,United States,2025-09-02,Basic,224.59
7869,Taylor Carlson,taylor.carlson7869@proton.me,Australia,2022-08-08,Standard,798.42
7870,Robert Flowers,robert.flowers7870@icloud.com,United States,2026-07-20,Standard,404.69
7871,Jose Allen,jose.allen7871@outlook.com,Australia,2025-11-18,Premium,1631.63
7872,Jason Jennings,jason.jennings7872@hotmail.com,United States,2022-11-09,Basic,219.05
7873,Dipl.-Ing. Karl Heinz Sölzer B.Eng.,dipl.ing.karl.heinz.solzer.b.eng7873@yahoo.com,Germany,2021-06-08,Standard,227.23
7874,Mr Louis Cooper,mr.louis.cooper7874@gmail.com,United Kingdom,2023-09-24,Basic,533.92
7875,Richard Medina,richard.medina7875@proton.me,United States,2025-09-24,Basic,471.03
7876,Rachael Dawson,rachael.dawson7876@gmail.com,United Kingdom,2023-07-14,Premium,1263.45
7877,Alexander Floyd,alexander.floyd7877@hotmail.com,United States,2021-11-28,Premium,3072.87
7878,Olivia Niemeier,olivia.niemeier7878@outlook.com,Germany,2022-11-19,Standard,1289.94
7879,David Molina,david.molina7879@proton.me,Canada,2020-10-20,Standard,949.3
7880,Brittany Cisneros,brittany.cisneros7880@proton.me,United States,2020-02-10,Premium,3427.09
7881,Jasmine Gregory,jasmine.gregory7881@icloud.com,United Kingdom,2025-08-26,Standard,1660.34
7882,Elizabeth Sharp,elizabeth.sharp7882@outlook.com,Canada,2025-06-16,Basic,348.23
7883,Jeffrey Mendez,jeffrey.mendez7883@icloud.com,Australia,2024-03-29,Standard,1710.29
7884,Dipl.-Ing. Christa Wagner B.Eng.,dipl.ing.christa.wagner.b.eng7884@yahoo.com,Germany,2024-05-31,Standard,245.78
7885,Paula McDonald,paula.mcdonald7885@hotmail.com,United Kingdom,2022-12-14,Premium,824.72
7886,Mark Morrison,mark.morrison7886@gmail.com,United States,2022-03-01,Standard,1130.45
7887,Matthew Schwartz,matthew.schwartz7887@yahoo.com,Canada,2023-12-27,Basic,114.61
7888,Bryan Parker,bryan.parker7888@icloud.com,Canada,2023-03-01,Premium,1599.0
7889,Sharon Baird,sharon.baird7889@outlook.com,United States,2021-04-24,Standard,375.61
7890,Faras Choudhury,faras.choudhury7890@proton.me,India,2023-09-07,Standard,877.91
7891,James Ferguson,james.ferguson7891@hotmail.com,United States,2024-09-11,Standard,1712.79
7892,Lupita Tomé Ochoa,lupita.tome.ochoa7892@yahoo.com,Spain,2021-02-08,Standard,810.63
7893,Jonathan Jacobson,jonathan.jacobson7893@hotmail.com,Canada,2023-07-14,Premium,3886.64
7894,Emily Wilson,emily.wilson7894@yahoo.com,Canada,2023-10-17,Standard,786.03
7895,Brian Hudson,,United States,2025-10-11,Standard,1161.91
5062,Steven Davis,steven.davis7896@icloud.com,United States,2024-01-05,Standard,755.05
7897,Jason Beck,jason.beck7897@hotmail.com,Australia,2020-06-20,Standard,1036.54
7898,Georgina Taylor,georgina.taylor7898@yahoo.com,United Kingdom,2026-04-08,Basic,618.77
7899,Rhys Owen,rhys.owen7899@gmail.com,United Kingdom,2021-01-15,Premium,3091.78
7900,Yashasvi Jain,yashasvi.jain7900@proton.me,India,2023-06-01,Standard,692.92
7901,Michèle-Suzanne Courtois,michele.suzanne.courtois7901@yahoo.com,France,2025-01-15,Basic,49.94
7902,William Jones,william.jones7902@icloud.com,Australia,2020-06-12,Standard,838.07
7903,Elizabeth Mendez,elizabeth.mendez7903@icloud.com,Canada,2023-06-23,Standard,1456.56
7904,Gustavo Esperanza Muro,gustavo.esperanza.muro7904@outlook.com,Mexico,2026-06-13,Standard,893.69
7905,Nitesh Narang,nitesh.narang7905@gmail.com,India,2020-05-08,Standard,1425.97
7906,Juan Johnson,juan.johnson7906@outlook.com,United States,2025-04-09,Standard,1630.08
7907,Casey Hernandez,casey.hernandez7907@proton.me,Canada,2026-07-05,Premium,989.36
7908,Clarice da Mata,clarice.da.mata7908@gmail.com,Brazil,2023-04-16,Basic,501.39
7909,Dr. Osman Ritter,dr.osman.ritter7909@outlook.com,Germany,2024-10-24,Standard,608.56
7910,Katherine Lopez,katherine.lopez7910@hotmail.com,United States,2021-10-23,Basic,631.04
7911,Lisa Perry,lisa.perry7911@icloud.com,Canada,2025-02-12,Standard,1473.1
7912,Thibault Fernandez,thibault.fernandez7912@hotmail.com,France,2026-06-18,Standard,788.89
7913,Kaitlin Medina,kaitlin.medina7913@yahoo.com,Canada,2022-08-06,Standard,658.53
7914,Victor Campbell,victor.campbell7914@gmail.com,United States,2022-12-16,Standard,697.49
7915,Hermelinda Adela Tejeda,hermelinda.adela.tejeda7915@proton.me,Mexico,2024-09-14,Standard,1656.3
7916,Ivo Longhena,ivo.longhena7916@hotmail.com,Italy,2023-09-04,Basic,493.61
7917,Colleen Wright,colleen.wright7917@gmail.com,Canada,2026-03-16,Basic,592.69
7918,Jackson Jha,jackson.jha7918@gmail.com,India,2021-11-11,Basic,536.74
7919,Gavin Uppal,gavin.uppal7919@icloud.com,India,2025-09-15,Standard,1220.06
7920,Matthew Jones,matthew.jones7920@proton.me,United States,2026-07-13,Premium,4052.99
7921,Joseph Jackson,joseph.jackson7921@icloud.com,United States,2023-04-11,Premium,3374.05
7922,Honoré Chauvin,honore.chauvin7922@icloud.com,France,2023-10-03,Basic,155.48
7923,Olivie Lecoq,olivie.lecoq7923@gmail.com,France,2023-02-13,Standard,1633.68
7924,Jennifer Moore,jennifer.moore7924@icloud.com,United States,2023-08-07,Standard,815.87
7925,Dr. Traute Riehl B.Sc.,dr.traute.riehl.b.sc7925@hotmail.com,Germany,2021-05-19,Standard,1176.72
7926,Joshua Mendoza,joshua.mendoza7926@icloud.com,United States,2021-01-26,Standard,653.95
7927,Troy Glenn,troy.glenn7927@proton.me,United States,2023-01-18,Premium,2444.88
7928,Siegfried Bruder,,Germany,2022-09-03,Basic,696.53
7929,Daniel Reynolds,daniel.reynolds7929@hotmail.com,United States,2023-07-03,Basic,52.24
7930,Katie Mcneil,katie.mcneil7930@icloud.com,Australia,2025-06-14,Premium,2321.16
7931,Jeanette Harrison,jeanette.harrison7931@yahoo.com,Australia,2026-04-20,Standard,1632.32
7932,Veronica King,veronica.king7932@outlook.com,Australia,2021-09-22,Standard,490.12
7933,Karen Munoz,karen.munoz7933@icloud.com,United States,2025-06-11,Standard,1372.41
7934,Laurie Shaw,laurie.shaw7934@outlook.com,United States,2021-04-15,Basic,458.4
7935,Christopher Setty,christopher.setty7935@proton.me,India,2022-03-09,Basic,300.31
7936,Ninthe van Noort,ninthe.van.noort7936@outlook.com,Netherlands,2023-02-03,Standard,1700.42
7937,Shelley Miller,shelley.miller7937@hotmail.com,Canada,2026-04-13,Basic,659.51
7938,Sig.ra Antonietta Giannotti,sig.ra.antonietta.giannotti7938@yahoo.com,Italy,2025-06-06,Basic,639.42
7939,Brayan Araújo,brayan.araujo7939@outlook.com,Brazil,2022-02-07,Basic,527.78
7940,Desiree Smith,desiree.smith7940@proton.me,United States,2026-08-14,Premium,2391.61
7941,Janna Kas,janna.kas7941@hotmail.com,Netherlands,2021-05-08,Standard,471.82
7942,Ralf-Peter Albers,ralf.peter.albers7942@proton.me,Germany,2021-03-13,Standard,1681.84
7943,Arnaude Marchand,arnaude.marchand7943@outlook.com,France,2020-09-07,Basic,131.52
7944,Nicholas Carter,nicholas.carter7944@gmail.com,United Kingdom,2020-07-10,Standard,481.61
7945,Austin Ross,austin.ross7945@proton.me,United States,2024-06-13,Basic,338.77
7946,Kelly Kent,kelly.kent7946@gmail.com,United States,2024-11-28,Premium,1376.27
7947,Dr. Sibille Schuchhardt,dr.sibille.schuchhardt7947@proton.me,Germany,2025-04-03,Premium,2390.91
7948,Richard Cooper,richard.cooper7948@outlook.com,Australia,2020-02-07,Standard,1464.65
7949,Mr John Fox,mr.john.fox7949@proton.me,United Kingdom,2025-02-21,Premium,3466.59
7950,Mamen Pi Sarabia,mamen.pi.sarabia7950@proton.me,Spain,2023-04-19,Standard,1053.8
7951,Julia Johnston,julia.johnston7951@proton.me,United States,2024-07-25,Standard,373.56
7952,Leandro Peixoto,leandro.peixoto7952@hotmail.com,Brazil,2020-05-21,Premium,2086.64
7953,Donna Ibarra,donna.ibarra7953@gmail.com,United States,2024-06-11,Standard,1785.67
7954,Michael Miller,michael.miller7954@outlook.com,Canada,2025-09-21,Standard,844.66
7955,Michael Dawson,michael.dawson7955@yahoo.com,Japan,2023-10-06,Standard,1513.17
7956,Holly Stevens,holly.stevens7956@hotmail.com,United Kingdom,2025-09-29,Premium,3217.48
7957,Arnaude Lebreton,arnaude.lebreton7957@hotmail.com,France,2020-03-28,Standard,1648.28
7958,Andrea O'Sullivan,andrea.o.sullivan7958@proton.me,United Kingdom,2023-12-08,Premium,3808.62
7959,Tony Perkins,tony.perkins7959@gmail.com,United Kingdom,2022-08-31,Standard,1307.59
7960,Louis Patrick,louis.patrick7960@hotmail.com,Japan,2022-07-16,Premium,1299.74
7961,Yinthe Brandon-Holthuis,yinthe.brandon.holthuis7961@proton.me,Netherlands,2020-08-15,Basic,505.74
7962,Dr Patricia Hart,dr.patricia.hart7962@hotmail.com,United Kingdom,2024-07-20,Basic,218.38
7963,David Yoder,david.yoder7963@yahoo.com,United States,2022-01-02,Standard,1184.9
7964,Yochana Sagar,yochana.sagar7964@proton.me,India,2024-08-14,Basic,212.34
7965,Mohammad Gould,mohammad.gould7965@proton.me,United Kingdom,2021-11-13,Basic,362.89
7966,Herr Nikolaus Flantz B.Sc.,herr.nikolaus.flantz.b.sc7966@gmail.com,Germany,2025-03-25,Standard,169.84
7967,Amy Kelley,amy.kelley7967@gmail.com,Canada,2022-09-09,Basic,375.52
7968,Gaetano Raurica-Carosone,gaetano.raurica.carosone7968@hotmail.com,Italy,2022-07-07,Premium,1627.24
7969,Lori Ingram,lori.ingram7969@hotmail.com,Australia,2026-04-04,Basic,641.02
7970,Laura Hernandez,laura.hernandez7970@outlook.com,Canada,2024-01-01,Standard,764.28
7971,Janos Meyer B.Eng.,janos.meyer.b.eng7971@outlook.com,Germany,2021-05-03,Premium,841.2
7972,Evelyn Williams,evelyn.williams7972@proton.me,Australia,2024-02-05,Basic,30.67
7973,Fabrizia Contarini,fabrizia.contarini7973@yahoo.com,Italy,2024-03-09,Premium,2274.37
7974,Linus Schweitzer,linus.schweitzer7974@outlook.com,Germany,2023-03-30,Premium,3658.03
7975,Denise Hooper,denise.hooper7975@proton.me,United Kingdom,2026-07-31,Standard,1553.93
7976,Marie Rodriguez,marie.rodriguez7976@icloud.com,France,2024-11-12,Standard,1689.08
7977,Ann Wilkinson,ann.wilkinson7977@hotmail.com,United Kingdom,2021-09-08,Basic,191.39
7978,Univ.Prof. Janine Bachmann B.Sc.,univ.prof.janine.bachmann.b.sc7978@gmail.com,Germany,2024-04-17,Standard,702.3
7979,Mrs Denise Harrison,mrs.denise.harrison7979@outlook.com,United Kingdom,2020-12-23,Standard,1406.25
7980,Dalbir Shere,dalbir.shere7980@hotmail.com,India,2024-01-27,Premium,2964.61
7981,Frau Albina Radisch,frau.albina.radisch7981@icloud.com,Germany,2022-10-22,Standard,509.5
7982,Dra. Laura Macedo,dra.laura.macedo7982@yahoo.com,Brazil,2025-02-03,Basic,205.3
7983,Ravi Lucca Sales,ravi.lucca.sales7983@outlook.com,Brazil,2025-12-10,Standard,1253.91
7984,Anthony Randhawa,anthony.randhawa7984@hotmail.com,India,2024-09-29,Standard,334.8
7985,Tomasa Fabregat Haro,tomasa.fabregat.haro7985@hotmail.com,Spain,2020-12-31,Standard,1277.35
7986,Judith Bartlett,judith.bartlett7986@yahoo.com,United States,2024-11-02,Basic,192.58
7987,Sienna Godfrey van Alemannië,sienna.godfrey.van.alemannie7987@yahoo.com,Netherlands,2022-12-07,Basic,547.3
7988,Keith Long,keith.long7988@proton.me,United States,2025-09-20,Premium,4461.39
7989,Cynthia Harrell,cynthia.harrell7989@icloud.com,United States,2021-03-18,Premium,3466.0
7990,Mark Carter,mark.carter7990@icloud.com,United States,2026-01-01,Standard,1427.75
7991,Joseph Wilson,joseph.wilson7991@proton.me,Canada,2022-10-25,Standard,1417.29
7992,Elmo Bongiorno-Bianchini,elmo.bongiorno.bianchini7992@icloud.com,Italy,2021-05-04,Basic,628.61
7993,Kevin Davis,kevin.davis7993@hotmail.com,Canada,2022-10-19,Premium,852.56
7994,Nathan da Mata,nathan.da.mata7994@outlook.com,Brazil,2025-10-10,Standard,1128.07
7995,Melissa Bowen,melissa.bowen7995@outlook.com,Japan,2025-09-11,Premium,1246.73
7996,Johnny Riddle,johnny.riddle7996@yahoo.com,United States,2023-03-03,Basic,41.98
7997,Gerardo Amalia Ayala,gerardo.amalia.ayala7997@icloud.com,Mexico,2021-04-05,Standard,1623.75
7998,Trevor Tomlinson-Hopkins,trevor.tomlinson.hopkins7998@proton.me,United Kingdom,2022-06-25,Standard,1208.59
7999,Édith Lecoq-Dumont,edith.lecoq.dumont7999@proton.me,France,2024-11-04,Basic,424.13
8000,Whitney Jones,whitney.jones8000@yahoo.com,United States,2021-03-08,Basic,699.76
8001,Randall Nguyen,randall.nguyen8001@proton.me,United States,2024-08-26,Standard,839.73
8002,David Hunter,david.hunter8002@proton.me,Japan,2020-11-03,Premium,4337.24
8003,Mrs Carole Blackburn,mrs.carole.blackburn8003@hotmail.com,United Kingdom,2025-01-09,Basic,548.65
8004,Benjamin Neal,benjamin.neal8004@gmail.com,United States,2021-09-02,Basic,513.76
8005,Denise King,,United Kingdom,2022-02-17,Standard,411.84
8006,Kathleen Hörle,kathleen.horle8006@outlook.com,Germany,2025-09-16,Basic,553.81
8007,Jane Reese,jane.reese8007@proton.me,United States,2023-08-07,Standard,1547.94
8008,Nicholas Baldwin,nicholas.baldwin8008@icloud.com,United Kingdom,2021-08-31,Premium,1629.14
8009,Camille Lefèvre,camille.lefevre8009@outlook.com,France,2024-11-07,Standard,1748.22
8010,Brian Harrison-O'Brien,brian.harrison.o.brien8010@proton.me,United Kingdom,2021-05-06,Basic,288.75
8011,Jan-Peter Thanel,jan.peter.thanel8011@icloud.com,Germany,2021-01-30,Standard,620.93
8012,Rhonda Chavez,rhonda.chavez8012@outlook.com,Canada,2020-08-22,Standard,1679.74
8013,Joyce Brown,joyce.brown8013@hotmail.com,Canada,2023-04-05,Standard,806.59
8014,Miss Jennifer Patel,miss.jennifer.patel8014@icloud.com,United Kingdom,2024-04-28,Premium,3479.21
8015,Fátima Guillen-Reig,fatima.guillen.reig8015@outlook.com,Spain,2022-02-17,Basic,112.87
8016,Jennifer Smith,jennifer.smith8016@yahoo.com,United States,2020-04-04,Standard,393.79
8017,Thomas Murphy,thomas.murphy8017@proton.me,United States,2026-03-13,Basic,285.24
8018,Kari Jones,kari.jones8018@yahoo.com,United States,2024-08-19,Premium,1605.01
8019,Ágatha Monteiro,agatha.monteiro8019@outlook.com,Brazil,2024-01-27,Standard,678.98
8020,Aaron Hope-Hardy,aaron.hope.hardy8020@icloud.com,United Kingdom,2020-02-24,Standard,1561.15
8021,Dana Dodson,dana.dodson8021@yahoo.com,United States,2023-07-03,Basic,49.39
8022,Robert Skinner,robert.skinner8022@outlook.com,United States,2023-02-17,Basic,480.85
8023,Dr. Ayten Dietz,dr.ayten.dietz8023@icloud.com,Germany,2023-12-16,Standard,1681.0
8024,Albert Garcia,albert.garcia8024@yahoo.com,United States,2020-03-03,Standard,782.07
8025,Zoe Gough,zoe.gough8025@yahoo.com,United Kingdom,2021-12-29,Standard,1660.36
8026,Ernst-Otto Gröttner-Scholl,ernst.otto.grottner.scholl8026@yahoo.com,Germany,2025-02-20,Standard,419.33
8027,Joseph Myers,joseph.myers8027@icloud.com,United States,2022-08-24,Premium,1443.86
8028,Marian Collins-Edwards,marian.collins.edwards8028@outlook.com,United Kingdom,2021-05-17,Standard,1161.49
8029,Aarush Kamdar,aarush.kamdar8029@outlook.com,India,2023-10-21,Standard,925.99
8030,Robert Cummings,robert.cummings8030@proton.me,Canada,2020-05-14,Premium,4359.03
8031,Federico Suárez Piquer,federico.suarez.piquer8031@yahoo.com,Spain,2025-10-06,Premium,3985.31
8032,Rosi Klapp,rosi.klapp8032@proton.me,Germany,2020-04-19,Standard,1080.65
8033,Terry Hamilton,terry.hamilton8033@gmail.com,United Kingdom,2021-06-30,Basic,470.86
8034,Robert Reese,robert.reese8034@outlook.com,Canada,2025-02-05,Standard,751.84
8035,Phillip Byrd,phillip.byrd8035@gmail.com,United States,2023-02-28,Standard,1175.12
8036,Hunter Robinson,hunter.robinson8036@yahoo.com,United States,2022-02-01,Basic,521.77
8037,Michael Robinson,michael.robinson8037@icloud.com,United States,2024-11-01,Basic,530.18
8038,Livio Lussu,livio.lussu8038@icloud.com,Italy,2020-07-23,Basic,309.87
8039,Rena Kruschwitz,rena.kruschwitz8039@proton.me,Germany,2022-11-18,Standard,1215.73
8040,Sara Cain,sara.cain8040@gmail.com,United States,2021-02-03,Premium,4028.19
8041,Conor Evans,conor.evans8041@icloud.com,United Kingdom,2022-08-01,Standard,557.38
8042,Hans-Günter Lachmann,hans.gunter.lachmann8042@icloud.com,Germany,2021-12-11,Standard,1457.39
8043,Chakradev Sampath,chakradev.sampath8043@hotmail.com,India,2025-04-04,Basic,555.45
8044,Robin Thompson,robin.thompson8044@proton.me,Australia,2022-06-27,Premium,4252.82
8045,Narcisa Cornejo Valbuena,narcisa.cornejo.valbuena8045@yahoo.com,Spain,2021-06-29,Standard,1125.93
8046,Cassandra Scotti,cassandra.scotti8046@yahoo.com,Italy,2021-07-02,Standard,744.14
8047,Julie Dominguez,julie.dominguez8047@hotmail.com,Australia,2025-01-21,Basic,332.79
8048,Michelle Prince,michelle.prince8048@hotmail.com,United States,2023-10-20,Premium,4481.96
8049,Devansh Bhasin,devansh.bhasin8049@icloud.com,India,2025-11-22,Basic,151.02
8050,Eric Williams,eric.williams8050@outlook.com,United States,2025-11-25,Standard,1792.21
8051,Raymond Wang,raymond.wang8051@hotmail.com,United States,2022-02-15,Standard,1111.02
8052,Glen Thompson,glen.thompson8052@icloud.com,United Kingdom,2025-06-26,Standard,984.07
8053,Pamela Griffin,pamela.griffin8053@gmail.com,United Kingdom,2023-03-14,Standard,1635.36
8054,Urmi Balay,urmi.balay8054@icloud.com,India,2026-04-14,Standard,1244.59
8055,Britt van den Wittenboer-van Kempen,britt.van.den.wittenboer.van.kempen8055@outlook.com,Netherlands,2025-01-05,Basic,62.78
8056,Tom Wood,tom.wood8056@proton.me,United Kingdom,2022-09-28,Standard,443.14
8057,Kathryn Harper,kathryn.harper8057@yahoo.com,United Kingdom,2020-08-11,Premium,4401.39
8058,Mr Adrian Thomas,mr.adrian.thomas8058@hotmail.com,United Kingdom,2020-11-28,Basic,506.06
8059,Raymond Brunet,raymond.brunet8059@hotmail.com,France,2026-08-22,Basic,302.77
8060,Mtro. Carmen Salas,mtro.carmen.salas8060@proton.me,Mexico,2025-01-26,Standard,1458.63
8061,Amber Cooper,amber.cooper8061@icloud.com,Canada,2025-10-17,Basic,170.29
8062,Käte Henk B.A.,kate.henk.b.a8062@gmail.com,Germany,2022-07-09,Basic,244.76
8063,Émile Renard Le Lacombe,emile.renard.le.lacombe8063@proton.me,France,2023-09-05,Basic,420.4
8064,Jérôme Paul-Jacquet,jerome.paul.jacquet8064@gmail.com,France,2021-04-15,Basic,251.34
8065,Maritta Butte,maritta.butte8065@yahoo.com,Germany,2023-09-22,Basic,59.87
8066,Nilima Gole,nilima.gole8066@hotmail.com,India,2022-05-25,Standard,1092.06
8067,Jade Allen,jade.allen8067@proton.me,United States,2022-03-16,Standard,1440.2
8068,Dr Sharon Gardner,dr.sharon.gardner8068@outlook.com,United Kingdom,2023-04-11,Basic,404.84
8069,Osha Prasad,osha.prasad8069@hotmail.com,India,2025-03-18,Standard,1318.2
8070,Zachary Michael,zachary.michael8070@proton.me,Canada,2021-09-21,Basic,561.15
8071,Javier Hays,javier.hays8071@icloud.com,United States,2021-05-20,Premium,911.59
8072,Robin Brown,robin.brown8072@yahoo.com,Australia,2025-08-28,Basic,475.77
8073,Saumya Purohit,saumya.purohit8073@hotmail.com,India,2022-01-16,Standard,680.99
8074,Mr Martyn Roberts,mr.martyn.roberts8074@outlook.com,United Kingdom,2021-03-17,Standard,1111.44
8075,Judith Carter,judith.carter8075@gmail.com,Australia,2026-05-03,Standard,884.75
8076,Faris Zacharia,faris.zacharia8076@proton.me,India,2020-02-27,Standard,163.07
8077,Gilbert Pierre,gilbert.pierre8077@proton.me,France,2023-12-17,Standard,948.18
8078,Corey Caldwell,corey.caldwell8078@yahoo.com,United States,2021-12-15,Standard,1261.09
8079,Ijaya Dani,ijaya.dani8079@proton.me,India,2026-08-10,Basic,310.89
8080,Laure Marchand-Toussaint,laure.marchand.toussaint8080@yahoo.com,France,2023-05-03,Basic,158.9
8081,Stephen Robles,stephen.robles8081@outlook.com,United States,2021-04-15,Standard,1117.43
8082,Carol Jackson,carol.jackson8082@outlook.com,United States,2020-09-18,Premium,1603.43
8083,Bernardino Vallés Mármol,bernardino.valles.marmol8083@yahoo.com,Spain,2022-08-20,Standard,1708.5
8084,Bayram Lachmann,bayram.lachmann8084@proton.me,Germany,2025-01-06,Standard,971.22
8085,Brian Murphy,brian.murphy8085@proton.me,United States,2021-06-16,Standard,1524.41
8086,Toby Burton-Storey,toby.burton.storey8086@hotmail.com,United Kingdom,2023-08-14,Premium,3262.78
8087,Chelsey Clark,chelsey.clark8087@proton.me,United States,2026-08-14,Standard,302.05
8088,Teresa Martinez,teresa.martinez8088@hotmail.com,United States,2020-11-03,Standard,1281.44
8089,Howard Thompson,howard.thompson8089@icloud.com,United States,2020-05-02,Basic,303.73
8090,Sig.ra Valeria Pinamonte,sig.ra.valeria.pinamonte8090@icloud.com,Italy,2020-05-24,Standard,585.93
8091,Miss Abigail Mason,miss.abigail.mason8091@proton.me,United Kingdom,2024-08-15,Standard,970.93
8092,Thibault Joubert de Gaudin,thibault.joubert.de.gaudin8092@hotmail.com,France,2021-09-12,Basic,631.1
8093,Curtis Williams,curtis.williams8093@hotmail.com,Australia,2021-05-05,Basic,139.94
8094,Kaylee Hays,kaylee.hays8094@outlook.com,Australia,2024-05-16,Standard,1233.12
8095,Eugene Price,eugene.price8095@proton.me,United States,2020-07-25,Standard,724.64
8096,Austin Briggs,austin.briggs8096@icloud.com,United States,2024-03-02,Basic,621.41
8097,Christian Baldwin,christian.baldwin8097@hotmail.com,United Kingdom,2024-04-04,Standard,678.29
8098,Jackie Jones,jackie.jones8098@icloud.com,United States,2021-01-18,Basic,471.3
8099,Eric George,eric.george8099@proton.me,United States,2022-07-06,Standard,640.93
8100,Gülsen Rohleder-Mülichen,gulsen.rohleder.mulichen8100@hotmail.com,Germany,2023-01-02,Basic,305.26
8101,Théodore Blin,theodore.blin8101@gmail.com,France,2022-01-21,Standard,295.48
8102,Maya Wadhwa,maya.wadhwa8102@proton.me,India,2022-04-18,Standard,1255.8
8103,Mrs. Kimberly Mooney,mrs.kimberly.mooney8103@icloud.com,United States,2024-06-05,Premium,4359.66
8104,Marcel Anders,marcel.anders8104@hotmail.com,Germany,2023-05-06,Standard,1107.16
8105,Dawn Mullins,dawn.mullins8105@icloud.com,Australia,2023-07-28,Premium,3039.08
8106,Richard Gardner,richard.gardner8106@hotmail.com,United Kingdom,2022-06-10,Basic,66.62
8107,Mr Marc Rees,mr.marc.rees8107@hotmail.com,United Kingdom,2021-08-17,Basic,104.73
8108,Adán Vela Linares,adan.vela.linares8108@outlook.com,Mexico,2020-11-12,Standard,243.2
8109,Timothy Johnson,timothy.johnson8109@proton.me,Canada,2020-08-15,Basic,591.51
8110,Randy Cannon,randy.cannon8110@gmail.com,Canada,2022-04-17,Basic,270.66
8111,Anna Liz Peixoto,anna.liz.peixoto8111@yahoo.com,Brazil,2025-05-05,Basic,695.68
8112,Udant Aggarwal,udant.aggarwal8112@icloud.com,India,2024-08-29,Standard,414.15
8113,Ulises Sacristán Cabo,ulises.sacristan.cabo8113@yahoo.com,Spain,2023-07-22,Standard,1047.81
8114,Herr Jakob Lübs,herr.jakob.lubs8114@hotmail.com,Germany,2020-09-07,Standard,642.03
8115,Chanchal Sheth,chanchal.sheth8115@proton.me,India,2020-05-31,Standard,1776.39
8116,Émile Delmas,emile.delmas8116@icloud.com,France,2024-04-22,Standard,1142.18
8117,Carolyn Haley,carolyn.haley8117@outlook.com,United States,2026-02-27,Premium,3841.74
8118,Käthe Dehmel,kathe.dehmel8118@gmail.com,Germany,2021-06-05,Standard,507.87
8119,Maggie Thibault de Leroy,maggie.thibault.de.leroy8119@gmail.com,France,2022-05-18,Basic,288.99
8120,Maria Fisher,maria.fisher8120@hotmail.com,Canada,2022-12-08,Standard,408.4
8121,Vicki Horton,vicki.horton8121@icloud.com,United States,2026-01-03,Standard,743.52
8122,Erdogan Hahn,erdogan.hahn8122@proton.me,Germany,2021-07-08,Basic,693.81
8123,Janet Kane DVM,janet.kane.dvm8123@yahoo.com,Canada,2024-03-13,Premium,2984.61
8124,Rafael Jeggij,rafael.jeggij8124@gmail.com,Netherlands,2025-04-21,Standard,1779.7
8125,Patrick Griffin,patrick.griffin8125@icloud.com,United Kingdom,2021-10-03,Premium,3363.07
8126,Maureen Hopkins-Murphy,maureen.hopkins.murphy8126@yahoo.com,United Kingdom,2026-02-17,Standard,958.91
8127,Valerie Benson,valerie.benson8127@hotmail.com,United States,2022-03-09,Premium,3267.52
8128,Howard Norman,howard.norman8128@icloud.com,Australia,2021-12-27,Standard,517.61
8129,Mark Henson,mark.henson8129@yahoo.com,United States,2026-02-02,Basic,380.83
8130,Ing. Angelika Bruder B.Eng.,ing.angelika.bruder.b.eng8130@outlook.com,Germany,2022-03-05,Standard,1643.99
8131,Ladli Karpe,ladli.karpe8131@outlook.com,India,2025-06-07,Basic,302.11
8132,Alphonse Clerc,alphonse.clerc8132@proton.me,France,2025-08-05,Standard,607.02
8133,Ms Donna Moore,ms.donna.moore8133@gmail.com,United Kingdom,2025-02-06,Standard,1629.83
8134,Samuel Olson,samuel.olson8134@gmail.com,United States,2021-05-18,Basic,665.7
8135,Julie-Françoise Gosselin,julie.francoise.gosselin8135@gmail.com,France,2025-11-25,Standard,1692.14
8136,Dietrich Jopich,dietrich.jopich8136@hotmail.com,Germany,2023-06-25,Basic,660.83
8137,Evelyn Martinez,evelyn.martinez8137@proton.me,Australia,2023-10-18,Standard,1223.34
8138,Dorothy Smith-Chan,dorothy.smith.chan8138@gmail.com,United Kingdom,2021-03-21,Premium,4146.58
8139,Michael Stanley,michael.stanley8139@proton.me,Canada,2024-09-18,Standard,961.51
8140,Temistocle Vecellio-Tafuri,temistocle.vecellio.tafuri8140@outlook.com,Italy,2025-08-08,Standard,1120.65
8141,Wolf-Rüdiger Hänel,wolf.rudiger.hanel8141@proton.me,Germany,2026-02-22,Basic,279.43
8142,Pedro Sousa,pedro.sousa8142@proton.me,Brazil,2023-04-26,Standard,695.32
8143,Zaida Saura,zaida.saura8143@yahoo.com,Spain,2023-05-15,Basic,323.81
8144,Steve Paul,steve.paul8144@hotmail.com,Australia,2022-07-26,Premium,2574.19
8145,Lee Richards,lee.richards8145@yahoo.com,Japan,2021-10-01,Basic,653.67
8146,Phillip Trub-Kruschwitz,phillip.trub.kruschwitz8146@yahoo.com,Germany,2025-08-18,Premium,4222.02
8147,Nigel Hope,nigel.hope8147@yahoo.com,United Kingdom,2022-06-14,Standard,491.11
8148,Martin Hall,martin.hall8148@hotmail.com,Japan,2022-09-30,Standard,666.82
8149,Adrian Hayes,adrian.hayes8149@yahoo.com,United Kingdom,2021-04-17,Standard,164.31
8150,Virginia Hall,virginia.hall8150@gmail.com,Japan,2022-10-31,Standard,1390.06
8151,Stephanie Parker,stephanie.parker8151@hotmail.com,United States,2026-04-27,Standard,1132.03
8152,Nicole Harvey,nicole.harvey8152@icloud.com,United States,2025-06-16,Standard,1761.24
8153,Georgios Fröhlich,georgios.frohlich8153@gmail.com,Germany,2026-06-01,Standard,1373.45
8154,Mrs Megan Henderson,mrs.megan.henderson8154@gmail.com,United Kingdom,2026-03-30,Premium,3580.09
8155,Prof. Sergei Krebs B.Eng.,prof.sergei.krebs.b.eng8155@proton.me,Germany,2022-08-07,Standard,751.98
8156,Triveni Pal,triveni.pal8156@proton.me,India,2025-12-05,Standard,1014.55
8157,Sienna Kerkhof,sienna.kerkhof8157@icloud.com,Netherlands,2023-11-19,Basic,613.66
8158,Notburga Warmer-Etzold,notburga.warmer.etzold8158@yahoo.com,Germany,2021-04-08,Basic,438.15
8159,James Phillips,james.phillips8159@outlook.com,United States,2022-12-17,Basic,512.87
8160,Poncio Cobos Redondo,poncio.cobos.redondo8160@gmail.com,Spain,2024-11-17,Standard,1081.4
8161,Dan Johnson,dan.johnson8161@hotmail.com,United States,2022-10-24,Standard,947.56
8162,Linda Bautista,linda.bautista8162@proton.me,United States,2021-10-08,Premium,1622.36
8163,Erin Ramirez,erin.ramirez8163@hotmail.com,United States,2024-12-25,Standard,1639.07
8164,Paige Meyer,paige.meyer8164@icloud.com,United States,2020-11-29,Basic,535.27
8165,Dr. Apollo Borges,dr.apollo.borges8165@hotmail.com,Brazil,2023-09-22,Standard,1127.84
8166,Patricia-Alix Mahe,patricia.alix.mahe8166@yahoo.com,France,2021-06-03,Basic,574.43
8167,Maria Roberts,maria.roberts8167@gmail.com,United States,2020-09-01,Standard,170.29
8168,Denis Shaw,denis.shaw8168@proton.me,United Kingdom,2021-04-09,Standard,776.64
8169,Martha Bailey,martha.bailey8169@outlook.com,Canada,2020-05-12,Standard,1086.0
8170,Joshua Rice,joshua.rice8170@outlook.com,Canada,2023-05-25,Basic,221.05
8171,Ryan Rivera,ryan.rivera8171@proton.me,United States,2025-04-06,Premium,1298.51
8172,Anya Gulati,anya.gulati8172@yahoo.com,India,2020-08-14,Basic,540.03
8173,Mrs Lydia Patel,mrs.lydia.patel8173@yahoo.com,United Kingdom,2024-03-03,Basic,156.46
8174,Luce Clerc-Hernandez,luce.clerc.hernandez8174@icloud.com,France,2025-04-18,Standard,1646.3
8175,Azad Saini,azad.saini8175@icloud.com,India,2020-03-23,Standard,1795.93
8176,Joshua Knox,joshua.knox8176@yahoo.com,United States,2021-05-06,Standard,1661.77
8177,Courtney Smith,courtney.smith8177@icloud.com,Canada,2025-06-25,Basic,244.52
8178,James Weinhage,,Germany,2026-03-11,Premium,3395.77
8179,Anka Dippel,anka.dippel8179@yahoo.com,Germany,2025-03-19,Basic,311.82
8180,Danielle Mcdaniel,danielle.mcdaniel8180@hotmail.com,United States,2025-02-09,Standard,1208.02
8181,Edwin Nunez,edwin.nunez8181@yahoo.com,Canada,2024-11-26,Basic,303.04
8182,Kim Morrow,kim.morrow8182@proton.me,Canada,2026-05-21,Basic,364.69
8183,Carl Webb-Hill,carl.webb.hill8183@outlook.com,United Kingdom,2020-02-15,Basic,534.0
8184,Jacqueline Pottier,jacqueline.pottier8184@outlook.com,France,2023-02-10,Basic,471.69
8185,Dr. Serpil Bruder,dr.serpil.bruder8185@yahoo.com,Germany,2024-06-25,Premium,3056.25
8186,Mauro Quintana,mauro.quintana8186@proton.me,Mexico,2020-04-21,Standard,178.41
8187,Lisette Wilmsen,lisette.wilmsen8187@yahoo.com,Germany,2022-01-15,Standard,393.48
8188,Anna Hughes,anna.hughes8188@hotmail.com,United Kingdom,2025-10-17,Premium,1871.7
8189,Lisa James,lisa.james8189@outlook.com,United States,2023-05-31,Standard,1367.43
8190,Xenia Wohlgemut-Junken,xenia.wohlgemut.junken8190@gmail.com,Germany,2020-10-04,Standard,677.15
8191,Wridesh Jhaveri,wridesh.jhaveri8191@proton.me,India,2024-12-16,Premium,3765.72
8192,Rachel Ellis,rachel.ellis8192@gmail.com,United Kingdom,2026-08-14,Basic,597.02
8193,Manfred Heydrich,manfred.heydrich8193@gmail.com,Germany,2025-09-03,Standard,651.86
8194,Jasmin Heidrich B.Eng.,jasmin.heidrich.b.eng8194@proton.me,Germany,2023-07-15,Basic,491.21
8195,Laurens Roukes,laurens.roukes8195@outlook.com,Netherlands,2022-03-12,Basic,253.64
8196,Harrison Bandi,harrison.bandi8196@yahoo.com,India,2024-11-26,Standard,1586.21
8197,Aria Barsanti,aria.barsanti8197@gmail.com,Italy,2025-01-31,Basic,682.28
8198,Gemma Woodward,gemma.woodward8198@yahoo.com,United Kingdom,2020-07-05,Standard,835.42
8199,Jeremy Smith,jeremy.smith8199@yahoo.com,United States,2025-12-30,Premium,2236.07
8200,Andrea Lee,andrea.lee8200@hotmail.com,United States,2020-04-25,Basic,148.63
8201,Antônio Teixeira,antonio.teixeira8201@icloud.com,Brazil,2023-09-28,Standard,1089.12
8202,Lynn de Vos,lynn.de.vos8202@yahoo.com,Netherlands,2021-04-02,Standard,1734.66
8203,Gregory Hill,gregory.hill8203@outlook.com,Canada,2020-12-11,Standard,320.65
8204,Brenda Harris,brenda.harris8204@hotmail.com,United States,2022-02-26,Standard,1517.65
8205,Molly Rodriguez,molly.rodriguez8205@icloud.com,Canada,2022-06-02,Premium,2869.29
8206,Lucy De Sousa,lucy.de.sousa8206@icloud.com,France,2022-04-16,Basic,311.91
8207,Anselmo Soria Landa,anselmo.soria.landa8207@icloud.com,Spain,2021-05-21,Standard,417.11
8208,Jennifer Miranda,jennifer.miranda8208@hotmail.com,Canada,2023-10-08,Standard,225.78
8209,Dr Bruce Bowen,dr.bruce.bowen8209@hotmail.com,United Kingdom,2024-03-01,Basic,261.18
8210,Luke Jackson,luke.jackson8210@yahoo.com,United Kingdom,2023-09-01,Standard,1487.96
8211,Joseph Todd,joseph.todd8211@proton.me,United Kingdom,2024-12-15,Standard,1237.25
8212,Mrs Naomi Swift,mrs.naomi.swift8212@gmail.com,United Kingdom,2023-04-17,Premium,2014.38
8213,Thijmen Vergeer,thijmen.vergeer8213@proton.me,Netherlands,2025-12-23,Standard,1366.69
8214,Alexis Harris,alexis.harris8214@gmail.com,Canada,2026-01-23,Basic,569.0
8215,Andrew Harper,andrew.harper8215@yahoo.com,Canada,2022-05-15,Standard,981.35
8216,Jasmine Beltran,jasmine.beltran8216@hotmail.com,Australia,2021-09-02,Premium,878.74
8217,Ms Elaine Harris,ms.elaine.harris8217@gmail.com,United Kingdom,2020-03-08,Basic,82.81
8218,Kevin Guerra,kevin.guerra8218@hotmail.com,United States,2023-05-25,Standard,342.96
8219,Dr Dominic Harrison,dr.dominic.harrison8219@icloud.com,United Kingdom,2021-05-01,Standard,1272.88
8220,Cynthia Miller,cynthia.miller8220@outlook.com,United States,2024-02-11,Standard,1749.19
8221,Emily Griffith,emily.griffith8221@proton.me,United States,2023-03-11,Premium,1819.32
8222,Antoine Barbier,antoine.barbier8222@outlook.com,France,2020-07-03,Premium,4025.22
8223,Ben Stephens-Dixon,ben.stephens.dixon8223@icloud.com,United Kingdom,2023-05-17,Premium,3170.67
8224,Chanakya Konda,chanakya.konda8224@yahoo.com,India,2025-05-10,Premium,4034.32
8225,Amber Yang,amber.yang8225@proton.me,Canada,2020-06-01,Basic,284.49
8226,Neelima Sarna,neelima.sarna8226@outlook.com,India,2022-09-18,Standard,1221.06
8227,Jonathan Glass MD,jonathan.glass.md8227@proton.me,Australia,2025-09-04,Basic,646.21
8228,Christopher Wright,christopher.wright8228@proton.me,United States,2024-05-31,Standard,508.93
8229,Caroline Khan,caroline.khan8229@yahoo.com,United Kingdom,2021-11-05,Standard,686.59
8230,David Robinson,david.robinson8230@proton.me,Canada,2021-02-02,Standard,1014.56
8231,Jerome Reid,jerome.reid8231@outlook.com,United States,2020-09-21,Basic,546.63
8232,Richard Miller,richard.miller8232@proton.me,Japan,2022-01-23,Standard,1217.39
8233,Jennifer Jackson,jennifer.jackson8233@icloud.com,Japan,2024-07-24,Standard,558.84
8234,Teerth Bhalla,teerth.bhalla8234@gmail.com,India,2020-05-22,Standard,499.34
8235,Jonathan Moss,jonathan.moss8235@proton.me,Japan,2026-02-25,Premium,3395.46
8236,Sally Leon,sally.leon8236@proton.me,Japan,2026-03-03,Basic,392.02
8237,Monica Miller,monica.miller8237@hotmail.com,Australia,2021-11-09,Basic,95.53
8238,James Dickerson,james.dickerson8238@icloud.com,United States,2024-03-22,Premium,2418.86
8239,Amy Gordon,amy.gordon8239@icloud.com,Canada,2025-01-08,Standard,971.4
8240,Tammy Larson,tammy.larson8240@icloud.com,United States,2025-08-14,Basic,624.09
8241,Ida Greggio,ida.greggio8241@icloud.com,Italy,2026-04-16,Premium,4105.28
8242,Nicholas Scott,nicholas.scott8242@proton.me,United States,2026-02-12,Standard,1144.52
8243,Patricia Guillet,patricia.guillet8243@icloud.com,France,2021-01-27,Standard,316.89
8244,Jesse Brooks,jesse.brooks8244@outlook.com,United States,2024-08-01,Standard,403.22
8245,Ida Gotthard-Stiffel,ida.gotthard.stiffel8245@gmail.com,Germany,2021-09-26,Basic,172.85
8246,Andrea Taylor,andrea.taylor8246@hotmail.com,United States,2024-07-06,Standard,896.51
8247,Christopher Lopez,christopher.lopez8247@yahoo.com,United States,2026-07-20,Standard,971.98
8248,Samantha Gardner,samantha.gardner8248@icloud.com,Australia,2023-06-19,Standard,750.37
8249,Robert Dennis,robert.dennis8249@proton.me,Canada,2026-04-29,Standard,1167.88
8250,Anni Wirth-Schönland,anni.wirth.schonland8250@hotmail.com,Germany,2022-08-06,Standard,297.76
8251,Mr Martin Whitehouse,mr.martin.whitehouse8251@hotmail.com,United Kingdom,2021-01-20,Basic,49.86
8252,Jonathan Swanson,jonathan.swanson8252@hotmail.com,United States,2020-12-03,Standard,1648.58
8253,Timothy Bentley DVM,timothy.bentley.dvm8253@gmail.com,United States,2024-09-05,Standard,1549.47
8254,John Davidson,john.davidson8254@gmail.com,United States,2024-02-24,Premium,1766.57
8255,Carlo Germano,carlo.germano8255@proton.me,Italy,2025-08-10,Basic,121.82
8256,Jennifer Williams,jennifer.williams8256@hotmail.com,Japan,2023-03-16,Basic,274.15
8257,Janice Cunningham,janice.cunningham8257@proton.me,United States,2026-06-06,Basic,102.29
8258,Jeffrey Scott,jeffrey.scott8258@proton.me,United States,2025-03-11,Standard,569.58
8259,Kyle Chambers,kyle.chambers8259@hotmail.com,Canada,2021-07-07,Premium,1500.6
8260,Eric Thomas,eric.thomas8260@yahoo.com,Canada,2024-12-24,Standard,797.09
8261,Donald Sinclair,donald.sinclair8261@yahoo.com,United Kingdom,2023-07-03,Basic,576.31
8262,Emmanuelle Leblanc,emmanuelle.leblanc8262@gmail.com,France,2025-06-13,Standard,1265.19
8263,Sara Evans,sara.evans8263@outlook.com,United Kingdom,2023-01-11,Premium,1430.32
8264,Claire Bouvier Le Peron,claire.bouvier.le.peron8264@yahoo.com,France,2023-12-14,Premium,1373.21
8265,Mr Eric Herbert,mr.eric.herbert8265@hotmail.com,United Kingdom,2020-12-19,Standard,386.57
8266,Priscilla Argan-Jacuzzi,priscilla.argan.jacuzzi8266@proton.me,Italy,2021-09-16,Basic,165.28
8267,Miranda Hicks,miranda.hicks8267@gmail.com,United States,2024-01-14,Standard,1540.07
8268,Connie Turner,connie.turner8268@outlook.com,Canada,2023-01-23,Basic,612.74
8269,Yahvi Mann,yahvi.mann8269@yahoo.com,India,2025-05-25,Standard,756.86
8270,Michael Horton DDS,michael.horton.dds8270@icloud.com,Japan,2020-09-09,Standard,601.89
8271,Nancy Allen,nancy.allen8271@yahoo.com,Japan,2020-02-24,Standard,926.84
8272,Robert Mccoy,robert.mccoy8272@yahoo.com,United States,2022-04-21,Standard,1292.24
8273,Melissa Brewer,melissa.brewer8273@icloud.com,United States,2022-05-17,Standard,1694.89
8274,Bobby Guerrero,bobby.guerrero8274@yahoo.com,Australia,2021-09-12,Standard,411.29
8275,Jesus Becker,jesus.becker8275@yahoo.com,United States,2024-08-04,Premium,2454.48
8276,Noémi Dumont,noemi.dumont8276@hotmail.com,France,2023-04-08,Standard,1163.77
8277,Matilde Puga Bernat,matilde.puga.bernat8277@icloud.com,Spain,2021-05-21,Standard,1543.46
8278,Lance Simmons,lance.simmons8278@icloud.com,Australia,2025-01-02,Standard,905.38
8279,Elizabeth Green-Mann,elizabeth.green.mann8279@proton.me,United Kingdom,2021-09-10,Basic,220.43
8280,Eiravati Nagi,eiravati.nagi8280@yahoo.com,India,2020-10-25,Standard,956.82
8281,Chasmum Dhar,chasmum.dhar8281@hotmail.com,India,2021-10-05,Basic,584.75
8282,Heather Williams,heather.williams8282@hotmail.com,Australia,2024-08-01,Standard,1320.37
8283,Odika Mital,odika.mital8283@gmail.com,India,2023-09-15,Standard,1221.07
8284,Lance Lynn,lance.lynn8284@proton.me,Japan,2025-08-15,Standard,458.1
8285,Alexandria Wise,alexandria.wise8285@hotmail.com,United States,2021-05-20,Basic,505.09
8286,Sydney Sanders,sydney.sanders8286@gmail.com,United States,2025-06-04,Standard,174.44
8287,Stephanie Stone,stephanie.stone8287@gmail.com,United States,2022-04-29,Standard,1031.12
8288,Jay Gallegos,jay.gallegos8288@gmail.com,United States,2023-07-30,Basic,473.7
8289,Eric Ponce,eric.ponce8289@gmail.com,Japan,2025-09-28,Premium,2272.65
8290,Janet Parker,janet.parker8290@gmail.com,United States,2021-10-07,Standard,373.03
8291,Shawn Luna,shawn.luna8291@gmail.com,United States,2022-06-28,Standard,1530.31
8292,Heather Bolton,heather.bolton8292@icloud.com,Australia,2024-02-05,Basic,73.57
8293,Lindsey Harrison-Thomas,lindsey.harrison.thomas8293@proton.me,United Kingdom,2022-09-14,Standard,1047.89
8294,Mark Frank,mark.frank8294@hotmail.com,United States,2022-10-04,Standard,292.87
8295,Dr Liam Green,dr.liam.green8295@gmail.com,United Kingdom,2020-03-29,Standard,1428.59
8296,Charles Goodman,charles.goodman8296@hotmail.com,United States,2022-01-21,Standard,777.09
8297,Jennifer Parker,jennifer.parker8297@hotmail.com,United States,2020-06-04,Basic,302.02
8298,Dulce María Amelia Hernádez Romo,dulce.maria.amelia.hernadez.romo8298@yahoo.com,Mexico,2021-08-10,Standard,1720.65
8299,Travis Hobbs,travis.hobbs8299@icloud.com,Canada,2021-06-23,Premium,4217.44
8300,Eleanor Frost,eleanor.frost8300@proton.me,United Kingdom,2026-03-03,Basic,123.83
8301,Angelina Dulbecco,angelina.dulbecco8301@hotmail.com,Italy,2021-02-10,Basic,549.04
8302,Annette Burns,annette.burns8302@hotmail.com,United Kingdom,2021-05-28,Premium,2758.65
8303,Dr. April Jones,dr.april.jones8303@outlook.com,United States,2025-05-20,Basic,625.76
8304,Reni Hentschel,reni.hentschel8304@proton.me,Germany,2020-03-13,Standard,1320.01
8305,Kelly Pena,kelly.pena8305@gmail.com,Japan,2020-06-01,Standard,1159.45
8306,Darsh Gill,darsh.gill8306@yahoo.com,India,2024-09-27,Standard,840.36
8307,Mr Stephen Watson,mr.stephen.watson8307@icloud.com,United Kingdom,2022-05-28,Standard,303.36
8308,Dr Ricky Morris,dr.ricky.morris8308@proton.me,United Kingdom,2021-11-02,Premium,955.3
8309,Nadia Roth,nadia.roth8309@hotmail.com,Italy,2022-03-13,Premium,3337.84
8310,Athanasios Heuser,athanasios.heuser8310@outlook.com,Germany,2022-03-20,Standard,471.77
8311,Carolyn Brooks,carolyn.brooks8311@yahoo.com,United States,2020-04-17,Basic,255.37
8312,Yasmine Uit de Willigen,yasmine.uit.de.willigen8312@proton.me,Netherlands,2024-05-21,Premium,3745.54
8313,Hans-Hermann Trub-Ziegert,hans.hermann.trub.ziegert8313@proton.me,Germany,2021-12-27,Basic,656.63
8314,Paulo Krebs-Junck,paulo.krebs.junck8314@icloud.com,Germany,2023-08-29,Basic,328.0
8315,Lori Simmons,lori.simmons8315@icloud.com,Canada,2025-12-09,Standard,254.13
8316,Christina White,christina.white8316@yahoo.com,United States,2025-12-22,Premium,2021.65
8317,Joanne Olsen,joanne.olsen8317@icloud.com,United States,2022-04-28,Premium,2927.12
8318,Catherine Julien,catherine.julien8318@yahoo.com,France,2023-09-05,Standard,335.02
8319,Warhi Batta,warhi.batta8319@proton.me,India,2022-10-16,Standard,1718.7
8320,Anthony White,anthony.white8320@hotmail.com,Japan,2024-02-15,Standard,1207.46
8321,William David DDS,william.david.dds8321@hotmail.com,Canada,2023-06-29,Standard,592.64
8322,Emma Butler,emma.butler8322@gmail.com,Canada,2025-05-01,Basic,586.03
8323,James Webster,james.webster8323@proton.me,Canada,2023-01-09,Basic,171.26
8324,Ayten Conradi,ayten.conradi8324@icloud.com,Germany,2025-11-13,Standard,1539.75
8325,Sophie Hall,sophie.hall8325@proton.me,United Kingdom,2024-02-06,Standard,612.24
8326,Tamara Pinto Moliner,tamara.pinto.moliner8326@icloud.com,Spain,2022-09-26,Standard,745.44
8327,Deanna Barrera,deanna.barrera8327@proton.me,United States,2025-08-09,Basic,679.28
8328,Lakshmi Vohra,lakshmi.vohra8328@gmail.com,India,2022-02-10,Premium,3721.31
8329,Mark Weber,mark.weber8329@gmail.com,United States,2022-07-18,Basic,694.18
8330,Nicolas Rivière-Da Costa,nicolas.riviere.da.costa8330@gmail.com,France,2023-03-04,Premium,1674.96
8331,Silke van der Ploeg-Bouthoorn,silke.van.der.ploeg.bouthoorn8331@outlook.com,Netherlands,2024-09-18,Standard,586.66
8332,Carol Carter,carol.carter8332@gmail.com,United States,2023-07-03,Standard,299.55
8333,Omaja Rege,omaja.rege8333@yahoo.com,India,2022-05-05,Standard,161.77
8334,Trini Araujo Bayona,trini.araujo.bayona8334@yahoo.com,Spain,2021-12-14,Basic,283.67
8335,Jeanne Blanchard,jeanne.blanchard8335@yahoo.com,France,2020-11-12,Basic,526.69
8336,Donald Peterson,donald.peterson8336@hotmail.com,United States,2024-06-20,Basic,178.03
8337,Karen Chambers,karen.chambers8337@gmail.com,United States,2023-04-14,Premium,2834.02
8338,Antonio Walton,antonio.walton8338@gmail.com,United States,2020-02-01,Premium,1117.15
8339,Wieland Jäntsch,wieland.jantsch8339@icloud.com,Germany,2026-07-12,Standard,917.43
8340,William Gould,william.gould8340@gmail.com,Australia,2023-10-01,Basic,432.51
8341,Charita Puri,charita.puri8341@outlook.com,India,2020-04-28,Standard,1136.73
8342,André Charpentier,andre.charpentier8342@gmail.com,France,2023-09-24,Standard,877.61
8343,Gerrit Simonis,gerrit.simonis8343@proton.me,Netherlands,2024-01-06,Premium,2343.62
8344,Kevin Huerta,kevin.huerta8344@icloud.com,United States,2024-02-20,Premium,3759.17
8345,Joseph Smith,joseph.smith8345@yahoo.com,United States,2022-12-16,Premium,3212.99
8346,Victoria Juarez,victoria.juarez8346@proton.me,United States,2022-01-30,Basic,681.53
8347,Mark Cox,mark.cox8347@hotmail.com,Australia,2025-05-15,Basic,61.67
8348,Gordana Wesack B.Eng.,gordana.wesack.b.eng8348@proton.me,Germany,2024-09-30,Premium,1890.96
8349,Kara Rogers,kara.rogers8349@yahoo.com,United States,2024-02-09,Basic,322.2
8350,Mr Benjamin Brown,mr.benjamin.brown8350@proton.me,United Kingdom,2023-05-17,Standard,755.89
8351,Jacob Wu,jacob.wu8351@outlook.com,United States,2022-02-23,Premium,3439.41
8352,Juliana Oliveira,juliana.oliveira8352@icloud.com,Brazil,2025-07-13,Standard,1268.19
8353,Mr Gary Ryan,mr.gary.ryan8353@hotmail.com,United Kingdom,2021-05-14,Standard,916.57
8354,Maximiano del Gordillo,maximiano.del.gordillo8354@icloud.com,Spain,2025-11-16,Standard,1328.43
8355,Celal Christoph,celal.christoph8355@proton.me,Germany,2026-03-18,Basic,91.58
8356,Andrés Pacheco Salazar,andres.pacheco.salazar8356@outlook.com,Mexico,2021-04-09,Premium,1754.82
8357,Paulette Menard,paulette.menard8357@gmail.com,France,2021-10-05,Standard,1479.84
8358,Miss Amelia Yates,miss.amelia.yates8358@outlook.com,United Kingdom,2023-06-04,Basic,321.73
8359,Dr. Teresa Ortega MD,dr.teresa.ortega.md8359@proton.me,United States,2022-04-15,Standard,1673.1
8360,Dipl.-Ing. Helmut Roht,dipl.ing.helmut.roht8360@proton.me,Germany,2022-12-16,Premium,4098.01
8361,Henry Rivera,henry.rivera8361@hotmail.com,United States,2024-07-05,Standard,661.94
8362,Filippo Roccabonella-Stucchi,filippo.roccabonella.stucchi8362@proton.me,Italy,2020-08-07,Standard,934.72
8363,Roan Galijn-van Drenthe,roan.galijn.van.drenthe8363@yahoo.com,Netherlands,2022-11-07,Premium,1252.31
8364,Reynaldo Avilés Coronado,reynaldo.aviles.coronado8364@gmail.com,Mexico,2025-07-12,Standard,1645.49
8365,Frau Alina Cichorius,frau.alina.cichorius8365@hotmail.com,Germany,2021-03-03,Standard,1596.78
8366,Jesus Hale,jesus.hale8366@proton.me,United States,2021-05-29,Standard,1028.23
8367,Erick Melo,erick.melo8367@proton.me,Brazil,2025-11-09,Standard,1222.46
8368,Kreszentia Davids,kreszentia.davids8368@gmail.com,Germany,2022-09-28,Basic,342.34
8369,Luke Jackson,luke.jackson8369@hotmail.com,United Kingdom,2022-11-29,Premium,1035.51
8370,Stacy Taylor,stacy.taylor8370@proton.me,United States,2023-07-23,Standard,364.3
8371,Lisa Brown-Collins,lisa.brown.collins8371@gmail.com,United Kingdom,2024-11-27,Standard,1732.79
8372,Melina da Mota,melina.da.mota8372@gmail.com,Brazil,2021-05-18,Standard,612.26
8373,Sheila Ramirez,sheila.ramirez8373@proton.me,United States,2021-12-07,Standard,1240.31
8374,Ramón Hernán Briones,ramon.hernan.briones8374@gmail.com,Mexico,2021-05-15,Standard,1797.63
8375,Ross Law,ross.law8375@outlook.com,United Kingdom,2024-06-09,Basic,122.53
8376,Robin Richardson,robin.richardson8376@icloud.com,Japan,2021-08-20,Premium,4323.63
8377,Mary Alvarez,mary.alvarez8377@hotmail.com,United States,2023-04-18,Premium,1071.16
8378,Cole Andersen,cole.andersen8378@icloud.com,United States,2022-12-07,Standard,520.12
8379,Ruben Godfrey van Alemannië,ruben.godfrey.van.alemannie8379@icloud.com,Netherlands,2023-11-25,Premium,3396.27
8380,Urvashi Khosla,urvashi.khosla8380@yahoo.com,India,2023-02-17,Basic,310.23
8381,Maria Blake,maria.blake8381@gmail.com,United Kingdom,2025-07-21,Standard,574.25
8382,Robin Smith,robin.smith8382@yahoo.com,United States,2021-02-07,Basic,532.64
8383,Angel Aguirre,angel.aguirre8383@outlook.com,United States,2020-02-09,Standard,1435.56
8384,Charita Dhawan,charita.dhawan8384@outlook.com,India,2021-02-27,Premium,4062.11
8385,Solveig Krause,solveig.krause8385@proton.me,Germany,2021-03-02,Basic,458.26
8386,Peter Thompson,peter.thompson8386@hotmail.com,United Kingdom,2022-09-18,Standard,1398.91
8387,Jeremy Lawson,jeremy.lawson8387@hotmail.com,United States,2026-02-03,Standard,1278.5
8388,Dalbir Sachar,dalbir.sachar8388@icloud.com,India,2024-10-20,Standard,1279.43
8389,Robin Fuller,robin.fuller8389@proton.me,United Kingdom,2024-03-19,Premium,2862.48
8390,Meghan Cisneros,meghan.cisneros8390@yahoo.com,Australia,2020-02-26,Standard,1297.57
8391,Dr Lauren Cooper,dr.lauren.cooper8391@outlook.com,United Kingdom,2023-03-07,Standard,1532.39
8392,Lonnie Miller,lonnie.miller8392@outlook.com,United States,2022-07-01,Standard,1229.75
8393,Krish Rama,krish.rama8393@icloud.com,India,2025-04-04,Standard,1402.44
8394,Fritz Lehmann,fritz.lehmann8394@gmail.com,Germany,2024-10-13,Standard,744.41
8395,Pedro Henrique Porto,pedro.henrique.porto8395@outlook.com,Brazil,2022-09-15,Premium,3792.01
8396,Isaac Verdier,isaac.verdier8396@outlook.com,France,2020-07-18,Standard,156.76
8397,Samuel Turner,samuel.turner8397@hotmail.com,Canada,2020-03-16,Premium,3566.25
8398,Renee Melendez,renee.melendez8398@icloud.com,Canada,2024-06-17,Standard,1299.28
8399,Timothy Galvan,,United States,2024-01-08,Premium,878.61
8400,Élisabeth Ledoux,elisabeth.ledoux8400@proton.me,France,2023-12-22,Premium,2095.37
8401,Isaac Cabello Cabrera,isaac.cabello.cabrera8401@yahoo.com,Spain,2025-08-18,Premium,1787.53
8402,Paul Buisson,paul.buisson8402@hotmail.com,France,2024-06-19,Standard,804.6
8403,Dr. Susan Navarro,dr.susan.navarro8403@icloud.com,United States,2021-12-05,Standard,852.93
8404,Aadhya Jani,aadhya.jani8404@gmail.com,India,2023-11-19,Basic,48.78
8405,Zoé Le Gall,zoe.le.gall8405@proton.me,France,2024-04-10,Premium,2605.48
8406,Farhan Sengupta,farhan.sengupta8406@icloud.com,India,2020-04-16,Standard,1029.02
8407,Lawrence Harrington,lawrence.harrington8407@proton.me,Australia,2020-08-08,Standard,1468.45
8408,Cory Thomas,cory.thomas8408@gmail.com,United States,2021-09-06,Basic,579.63
8409,Pia Caspar-van der Dussen,pia.caspar.van.der.dussen8409@icloud.com,Germany,2023-09-22,Standard,1599.02
8410,Laura Vincent,laura.vincent8410@yahoo.com,United States,2022-05-08,Standard,284.16
8411,Ms Stacey Stevens,ms.stacey.stevens8411@hotmail.com,United Kingdom,2025-08-03,Premium,808.54
8412,Aimée Robin,aimee.robin8412@yahoo.com,France,2025-10-27,Basic,661.44
8413,Bethany Robles,bethany.robles8413@gmail.com,Japan,2024-10-05,Premium,2503.83
8414,Michael Dunn,michael.dunn8414@outlook.com,United States,2021-01-11,Premium,3727.28
8415,Prof. Johann Geisler MBA.,prof.johann.geisler.mba8415@proton.me,Germany,2025-07-18,Premium,1545.74
8416,George Wason,george.wason8416@yahoo.com,India,2025-06-30,Basic,146.43
8417,Austin Osborne,austin.osborne8417@proton.me,Australia,2023-06-21,Basic,33.01
8418,Carol Griffin,carol.griffin8418@gmail.com,United States,2024-12-04,Standard,1629.03
8419,Matthew Allen,matthew.allen8419@outlook.com,United States,2025-09-12,Standard,1169.06
8420,Charan Loyal,charan.loyal8420@yahoo.com,India,2023-11-03,Premium,3979.89
8421,Valerie White,valerie.white8421@icloud.com,United Kingdom,2021-07-10,Standard,1547.41
8422,Christine Flynn,christine.flynn8422@proton.me,United Kingdom,2020-01-09,Basic,412.91
8423,Adrian Miah,adrian.miah8423@proton.me,United Kingdom,2026-02-20,Standard,1152.86
8424,Ruggiero Natta,ruggiero.natta8424@icloud.com,Italy,2022-07-05,Standard,1257.82
8425,Paul Keller,paul.keller8425@yahoo.com,United States,2025-02-28,Standard,898.82
8426,Jeffrey Baldwin,jeffrey.baldwin8426@proton.me,United States,2021-02-11,Standard,1273.68
8427,Timothy Orr,timothy.orr8427@yahoo.com,Japan,2026-07-15,Premium,1685.61
8428,Connie Scott,connie.scott8428@proton.me,United States,2020-10-28,Standard,492.34
8429,Steven Martinez,steven.martinez8429@hotmail.com,United States,2023-09-06,Premium,4298.49
8430,Claude Albert,claude.albert8430@yahoo.com,France,2022-12-01,Standard,1101.67
8431,Iolanda Micheletti,iolanda.micheletti8431@outlook.com,Italy,2021-02-28,Premium,1315.91
8432,Franck Guillon-Benard,franck.guillon.benard8432@yahoo.com,France,2022-07-23,Basic,636.79
8433,Tracy Grant,tracy.grant8433@yahoo.com,Canada,2025-11-15,Basic,623.38
8434,Ayla Melo,ayla.melo8434@hotmail.com,Brazil,2020-08-30,Basic,535.9
8435,André Carre,andre.carre8435@outlook.com,France,2022-04-28,Standard,1525.71
8436,Joseph Swanson,joseph.swanson8436@gmail.com,United States,2025-11-27,Basic,404.25
8437,Dr. Franz Jacobi Jäckel,dr.franz.jacobi.jackel8437@icloud.com,Germany,2022-04-20,Standard,429.6
8438,Michael Wiggins,michael.wiggins8438@gmail.com,United States,2024-10-03,Basic,524.91
8439,Pamela Burke,pamela.burke8439@hotmail.com,United States,2020-08-09,Standard,1168.5
8440,Elif Stange-Boeser,elif.stange.boeser8440@yahoo.com,Netherlands,2025-01-02,Premium,1194.83
8441,Jamie Love,jamie.love8441@hotmail.com,United States,2026-02-03,Standard,1328.71
8442,David Harris,david.harris8442@yahoo.com,Canada,2026-01-22,Premium,2443.77
8443,Jane May,jane.may8443@proton.me,United States,2024-11-27,Basic,567.67
8444,Tammy Boone,tammy.boone8444@gmail.com,Canada,2022-07-03,Basic,325.64
8445,Sylvie Renault,sylvie.renault8445@icloud.com,France,2022-12-27,Standard,655.23
8446,Russell Young,russell.young8446@outlook.com,United Kingdom,2020-05-07,Standard,955.66
8447,Caridad Porfirio Peña,caridad.porfirio.pena8447@gmail.com,Mexico,2023-08-07,Basic,644.8
8448,Robert Nicholson,robert.nicholson8448@icloud.com,United Kingdom,2025-10-25,Premium,1556.52
8449,Savannah Stokes,savannah.stokes8449@proton.me,United States,2021-02-18,Standard,1435.44
8450,Brian Miller,brian.miller8450@icloud.com,United States,2022-01-03,Standard,1380.95
8451,Nathaniel Lee,nathaniel.lee8451@outlook.com,Canada,2020-08-25,Basic,116.99
8452,Carina Marí Andres,carina.mari.andres8452@outlook.com,Spain,2025-07-08,Standard,1759.22
8453,James Bradley,james.bradley8453@outlook.com,Australia,2025-10-12,Standard,734.28
8454,Jeanette Fiebig,jeanette.fiebig8454@outlook.com,Germany,2024-10-11,Basic,92.71
8455,Patrick Pineda,patrick.pineda8455@yahoo.com,Japan,2022-06-05,Basic,326.22
8456,Audrey Richardson,audrey.richardson8456@hotmail.com,United States,2024-08-31,Standard,964.14
8457,Balveer Bora,balveer.bora8457@proton.me,India,2024-07-02,Standard,1643.95
8458,Tiffany Ray,tiffany.ray8458@icloud.com,United States,2020-10-09,Basic,495.45
8459,Ing. Serafín Gastélum,ing.serafin.gastelum8459@icloud.com,Mexico,2023-09-23,Standard,513.36
8460,Teerth Srinivas,teerth.srinivas8460@hotmail.com,India,2022-04-21,Basic,592.69
8461,Antonio Nichols,antonio.nichols8461@gmail.com,United States,2022-08-01,Standard,1177.57
8462,Lic. María del Carmen Quintero,lic.maria.del.carmen.quintero8462@gmail.com,Mexico,2022-05-30,Standard,1191.19
8463,Veronica Flores,veronica.flores8463@hotmail.com,United States,2021-02-03,Basic,416.98
8464,Michael Hogan,michael.hogan8464@gmail.com,Japan,2023-03-20,Basic,275.47
8465,Lindsay Walker,lindsay.walker8465@hotmail.com,United States,2021-08-12,Basic,289.03
8466,Jayden Coolen,jayden.coolen8466@hotmail.com,Netherlands,2023-05-07,Premium,2396.92
8467,Joshua Murray,joshua.murray8467@hotmail.com,United States,2022-09-25,Premium,4052.59
8468,Fermín Barba Marcos,fermin.barba.marcos8468@gmail.com,Spain,2024-10-05,Basic,588.27
8469,Michael Morrison,michael.morrison8469@icloud.com,Canada,2020-04-08,Standard,1620.33
8470,Ms Anna Ryan,ms.anna.ryan8470@hotmail.com,United Kingdom,2021-05-05,Premium,3813.45
8471,Rolando Luis Miguel Magaña Varela,rolando.luis.miguel.magana.varela8471@proton.me,Mexico,2020-05-20,Standard,936.53
8472,Isabella de Bruijn,isabella.de.bruijn8472@icloud.com,Netherlands,2020-04-02,Basic,236.8
8473,Sr(a). Santiago Camacho,sr.a.santiago.camacho8473@outlook.com,Mexico,2020-02-15,Basic,387.55
8474,Chelsea Gill,chelsea.gill8474@hotmail.com,Canada,2026-01-19,Basic,657.84
8475,Meghan Rush,meghan.rush8475@outlook.com,Australia,2023-08-11,Standard,1719.91
8476,Denis Lübs,denis.lubs8476@proton.me,Germany,2026-01-15,Basic,581.45
8477,Hilde Jacob,hilde.jacob8477@outlook.com,Germany,2022-01-29,Premium,1964.0
8478,Tommy Hood,tommy.hood8478@proton.me,United States,2024-01-20,Basic,682.28
8479,Florentina Rosa Coello,florentina.rosa.coello8479@proton.me,Spain,2023-08-27,Standard,1465.98
8480,Mr Guy Turner,mr.guy.turner8480@icloud.com,United Kingdom,2021-12-14,Premium,3498.58
8481,Gaurangi Mitter,gaurangi.mitter8481@outlook.com,India,2022-09-21,Premium,4429.58
8482,Mr. Kyle Thomas DDS,mr.kyle.thomas.dds8482@outlook.com,United States,2020-11-17,Standard,204.89
8483,Phillip Berry,phillip.berry8483@icloud.com,Australia,2020-08-01,Standard,939.95
8484,Kristin Mendoza,kristin.mendoza8484@outlook.com,Canada,2023-01-18,Basic,267.56
8485,Felicia Krueger,felicia.krueger8485@gmail.com,Canada,2020-07-19,Premium,4091.0
8486,Michele George,michele.george8486@outlook.com,United States,2024-08-15,Standard,742.0
8487,Siddharth Gupta,siddharth.gupta8487@hotmail.com,India,2025-12-04,Basic,224.59
8488,Bianca Curiel-Monicelli,bianca.curiel.monicelli8488@hotmail.com,Italy,2023-12-08,Premium,2303.27
8489,John Scott,john.scott8489@icloud.com,United Kingdom,2026-07-07,Standard,1568.47
8490,Dr Shane Dunn,dr.shane.dunn8490@yahoo.com,United Kingdom,2023-07-19,Standard,249.86
8491,Tonia Taliercio,tonia.taliercio8491@icloud.com,Italy,2020-06-10,Standard,1144.02
8492,Jennifer Banks,jennifer.banks8492@gmail.com,Australia,2025-09-08,Premium,3270.07
8493,William Martinez,william.martinez8493@hotmail.com,United States,2023-12-16,Premium,3234.14
8494,Michelle Mendoza DVM,michelle.mendoza.dvm8494@proton.me,United States,2021-04-26,Standard,694.34
8495,Michael Bennett DVM,michael.bennett.dvm8495@yahoo.com,United States,2021-03-21,Standard,185.53
8496,Dr. Lucas Gabriel Duarte,dr.lucas.gabriel.duarte8496@gmail.com,Brazil,2025-07-29,Standard,1192.72
8497,Adrienne Nicolas-Perret,adrienne.nicolas.perret8497@hotmail.com,France,2025-06-06,Basic,680.18
8498,Gilles Petitjean,gilles.petitjean8498@yahoo.com,France,2021-02-19,Standard,1289.79
8499,Ronald Clark,ronald.clark8499@yahoo.com,Japan,2022-10-10,Premium,2496.7
8500,Frau Grazyna Hermann B.A.,frau.grazyna.hermann.b.a8500@yahoo.com,Germany,2024-01-23,Standard,769.99
8501,Prof. Lucia Gunpf MBA.,prof.lucia.gunpf.mba8501@outlook.com,Germany,2023-04-13,Standard,1129.63
8502,Kyle Walker,kyle.walker8502@proton.me,United Kingdom,2025-08-30,Standard,1402.53
8503,Rita Graves,rita.graves8503@outlook.com,United States,2020-12-10,Basic,391.01
8504,Sean White,sean.white8504@gmail.com,United States,2020-12-26,Basic,561.73
8505,Bella Castro,bella.castro8505@proton.me,Brazil,2021-06-04,Standard,1380.7
8506,Océane Poulain,oceane.poulain8506@hotmail.com,France,2021-10-05,Basic,333.85
8507,Luc Roux,luc.roux8507@icloud.com,France,2021-01-13,Basic,204.65
8508,Dr. Thales da Paz,dr.thales.da.paz8508@icloud.com,Brazil,2026-06-14,Basic,38.51
8509,Mr. William Hopkins,mr.william.hopkins8509@proton.me,United States,2023-06-21,Standard,1553.71
8510,Maria Liz Teixeira,maria.liz.teixeira8510@outlook.com,Brazil,2024-07-17,Standard,1751.3
8511,Varenya Kibe,varenya.kibe8511@proton.me,India,2023-03-30,Standard,1540.95
8512,Timothy Hayden,timothy.hayden8512@icloud.com,Canada,2020-03-15,Standard,936.37
8513,Wendy Kelley,wendy.kelley8513@hotmail.com,United States,2025-05-09,Standard,570.16
8514,Zachary Mendoza,zachary.mendoza8514@yahoo.com,Canada,2025-01-28,Standard,680.69
8515,Michael Mooney,michael.mooney8515@yahoo.com,United States,2023-12-07,Premium,1168.58
8516,Larry Harris,larry.harris8516@gmail.com,Canada,2024-09-30,Premium,2791.45
8517,Cengiz Jähn,cengiz.jahn8517@hotmail.com,Germany,2024-11-17,Basic,316.96
8518,Élise-Maryse Lenoir,elise.maryse.lenoir8518@hotmail.com,France,2020-08-22,Standard,284.66
8519,Jeanne Rose,jeanne.rose8519@yahoo.com,United States,2024-02-03,Premium,3902.83
8520,Michael Lee,michael.lee8520@icloud.com,United States,2022-05-12,Premium,2410.35
8521,Kristen Rowe,kristen.rowe8521@gmail.com,Canada,2025-12-14,Basic,308.81
8522,Ana Carolina Marques,ana.carolina.marques8522@outlook.com,Brazil,2026-06-13,Premium,3124.9
8523,Levi da Cunha,levi.da.cunha8523@hotmail.com,Brazil,2022-05-20,Basic,520.24
8524,Mekhala Khatri,mekhala.khatri8524@hotmail.com,India,2025-06-09,Premium,1921.14
8525,Jennifer Anderson,jennifer.anderson8525@hotmail.com,United States,2025-05-09,Basic,643.77
8526,Socorro Eric Jaime,socorro.eric.jaime8526@outlook.com,Mexico,2020-05-19,Standard,892.96
8527,Sr. Nathan Moraes,,Brazil,2021-07-06,Basic,697.31
8528,Brian Fitzgerald,brian.fitzgerald8528@proton.me,Australia,2020-12-16,Standard,1738.47
8529,Lauren Trujillo,lauren.trujillo8529@outlook.com,United States,2020-05-26,Standard,1443.99
8530,Auguste Collin du Salmon,auguste.collin.du.salmon8530@icloud.com,France,2023-08-06,Standard,684.22
8531,Shaun McCarthy,shaun.mccarthy8531@proton.me,United Kingdom,2022-06-05,Standard,1717.13
8532,Michelle Ellis,michelle.ellis8532@proton.me,United States,2026-03-01,Standard,705.44
8533,Laura Newton,laura.newton8533@proton.me,United Kingdom,2025-04-23,Standard,1525.19
8534,Mr. Justin Green III,mr.justin.green.iii8534@hotmail.com,Australia,2022-05-12,Standard,708.14
8535,Chad Dominguez,chad.dominguez8535@yahoo.com,United States,2020-01-14,Basic,688.42
8536,Charles Robinson,charles.robinson8536@icloud.com,United States,2023-10-30,Basic,551.73
8537,Laurence Ferrand-Bazin,laurence.ferrand.bazin8537@yahoo.com,France,2025-04-10,Basic,342.35
8538,Joseph Howard,joseph.howard8538@proton.me,Canada,2021-08-08,Standard,1093.44
8539,Célina Rodriguez de Carlier,celina.rodriguez.de.carlier8539@icloud.com,France,2025-08-01,Premium,3454.34
8540,Barkha Rai,barkha.rai8540@outlook.com,India,2021-10-07,Basic,460.45
8541,Willi Kroker,willi.kroker8541@hotmail.com,Germany,2020-04-03,Standard,1676.46
8542,Demi Pierson,demi.pierson8542@icloud.com,Netherlands,2020-05-07,Basic,151.5
8543,Sibilla Scholl,sibilla.scholl8543@proton.me,Germany,2023-06-08,Standard,434.59
8544,Nancy Smith,nancy.smith8544@icloud.com,Japan,2023-03-15,Premium,2133.33
8545,Laura Gregory,laura.gregory8545@hotmail.com,United States,2024-06-18,Basic,316.84
8546,Brittany Clements MD,brittany.clements.md8546@hotmail.com,United States,2025-03-27,Standard,572.48
8547,Tammy Davis,tammy.davis8547@gmail.com,United States,2024-09-16,Basic,405.87
8548,Catherine Williams,catherine.williams8548@gmail.com,United States,2024-05-14,Premium,3317.31
8549,Jagrati Morar,jagrati.morar8549@gmail.com,India,2025-04-12,Basic,256.6
8550,Miss Leslie Booker,miss.leslie.booker8550@gmail.com,United States,2021-02-09,Standard,272.03
8551,Romy Jüttner-Mans,romy.juttner.mans8551@hotmail.com,Germany,2025-12-11,Premium,3112.06
8552,Jennifer Johnson,jennifer.johnson8552@gmail.com,United States,2025-05-12,Standard,184.87
8553,John Watts,john.watts8553@yahoo.com,United States,2023-06-15,Basic,416.17
8554,Marissa Bennett,marissa.bennett8554@hotmail.com,United States,2023-05-12,Standard,1521.48
8555,Hulda Siering,hulda.siering8555@proton.me,Germany,2021-12-20,Basic,213.13
8556,Lauren Wheeler,lauren.wheeler8556@icloud.com,United Kingdom,2020-01-16,Premium,2203.54
8557,Jose Crawford,jose.crawford8557@outlook.com,Canada,2021-04-27,Premium,3368.78
8558,William Harrison,william.harrison8558@outlook.com,Canada,2024-09-18,Basic,51.61
8559,Rebecca Barrett,rebecca.barrett8559@gmail.com,United States,2026-01-30,Premium,2509.95
8560,Jagvi Varghese,jagvi.varghese8560@gmail.com,India,2022-12-13,Standard,739.43
8561,Dr Matthew Mann,dr.matthew.mann8561@gmail.com,United Kingdom,2021-08-17,Premium,1497.69
8562,Sharon Santos,sharon.santos8562@proton.me,United States,2020-08-31,Basic,431.85
8563,Arthur Evans,arthur.evans8563@hotmail.com,United Kingdom,2024-11-07,Standard,568.78
8564,Matthew Richardson,matthew.richardson8564@outlook.com,United States,2022-02-12,Standard,492.88
8565,Gerald Jungfer-Schleich,gerald.jungfer.schleich8565@proton.me,Germany,2023-03-21,Basic,382.68
8566,Connor Simpson,connor.simpson8566@yahoo.com,United Kingdom,2025-04-25,Basic,187.89
8567,Unnati Chaudhari,unnati.chaudhari8567@proton.me,India,2023-08-22,Premium,1701.47
8568,Livia Lamore,livia.lamore8568@proton.me,Netherlands,2022-01-04,Basic,345.56
8569,Bradley Burns,bradley.burns8569@gmail.com,United States,2025-02-02,Standard,1493.13
8570,Igor Johann B.A.,igor.johann.b.a8570@outlook.com,Germany,2020-07-09,Basic,247.75
8571,Katrina Johnson,katrina.johnson8571@hotmail.com,United States,2024-12-21,Standard,390.39
8572,Vitor Hugo Martins,vitor.hugo.martins8572@proton.me,Brazil,2023-06-04,Standard,1309.87
8573,Laura Hill,laura.hill8573@hotmail.com,United States,2021-08-11,Standard,1071.28
8574,Wiltrud Juncken-Hornich,wiltrud.juncken.hornich8574@proton.me,Germany,2025-06-19,Standard,546.98
8575,Suzanne Wood,suzanne.wood8575@proton.me,Canada,2025-11-26,Standard,592.86
8576,Ekaja Jani,ekaja.jani8576@yahoo.com,India,2025-11-26,Basic,323.65
8577,Justin Walker,justin.walker8577@hotmail.com,Canada,2022-11-19,Standard,1038.32
8578,Juan Manuel del Escolano,juan.manuel.del.escolano8578@gmail.com,Spain,2020-08-01,Standard,881.14
8579,Maggie Pascal,maggie.pascal8579@yahoo.com,France,2024-03-24,Basic,671.11
8580,Catherine Moss,catherine.moss8580@yahoo.com,United Kingdom,2023-02-27,Premium,1971.95
8581,Rebecca White,rebecca.white8581@proton.me,United States,2025-10-05,Premium,867.52
8582,Mr. Jeffrey Duncan,mr.jeffrey.duncan8582@gmail.com,United States,2020-02-02,Standard,318.77
8583,Arthur Stout,arthur.stout8583@icloud.com,United States,2023-02-20,Standard,1285.99
8584,Prof. Rabea Henk B.Eng.,prof.rabea.henk.b.eng8584@yahoo.com,Germany,2024-09-25,Standard,1023.03
8585,Cathy Hess,cathy.hess8585@icloud.com,United States,2024-06-08,Standard,740.05
8586,Justin Herrera,justin.herrera8586@icloud.com,United States,2022-05-08,Standard,1639.36
8587,Claire Philippe,claire.philippe8587@gmail.com,France,2021-04-11,Basic,370.03
8588,Brenda Warren-Bell,brenda.warren.bell8588@hotmail.com,United Kingdom,2022-07-11,Basic,86.85
8589,Katherine Stone,katherine.stone8589@gmail.com,United States,2020-07-08,Basic,508.18
8590,Cristina Grijalva Delgadillo,cristina.grijalva.delgadillo8590@proton.me,Mexico,2025-03-03,Standard,464.42
8591,Michelle Tyler,michelle.tyler8591@hotmail.com,Japan,2024-01-12,Standard,195.82
8592,Ester Zimmer-Kreusel,ester.zimmer.kreusel8592@yahoo.com,Germany,2020-01-28,Premium,1183.52
8593,Chucho Bermúdez Piñeiro,chucho.bermudez.pineiro8593@hotmail.com,Spain,2022-05-22,Standard,539.48
8594,Dhriti Sachdev,dhriti.sachdev8594@proton.me,India,2020-06-30,Premium,4076.88
8595,Paul Sheppard,paul.sheppard8595@proton.me,United States,2023-03-31,Standard,832.66
8596,Catherine George,catherine.george8596@icloud.com,United States,2021-10-09,Basic,132.52
8597,Dominique Maréchal de Lambert,dominique.marechal.de.lambert8597@outlook.com,France,2020-03-04,Basic,305.75
8598,Justin Mcbride,justin.mcbride8598@hotmail.com,United States,2023-10-02,Standard,1292.56
8599,Beatrix Rose,beatrix.rose8599@hotmail.com,Germany,2020-08-05,Premium,3206.21
8600,Ana Júlia Correia,ana.julia.correia8600@outlook.com,Brazil,2022-10-19,Standard,1341.08
8601,Maria Cecília Pinto,maria.cecilia.pinto8601@hotmail.com,Brazil,2020-12-07,Premium,2861.32
8602,Melina Teixeira,melina.teixeira8602@gmail.com,Brazil,2023-05-25,Standard,286.79
8603,Natalie Allen,natalie.allen8603@yahoo.com,United Kingdom,2020-10-13,Basic,411.22
8604,Dr Edward Hudson,dr.edward.hudson8604@proton.me,United Kingdom,2024-07-22,Premium,4367.26
8605,Knut Ritter B.A.,knut.ritter.b.a8605@icloud.com,Germany,2022-02-19,Basic,499.38
8606,Carl Harris,carl.harris8606@hotmail.com,United States,2025-06-08,Standard,838.28
8607,Gustavo da Mata,gustavo.da.mata8607@outlook.com,Brazil,2025-08-19,Basic,249.29
8608,Justin York,justin.york8608@hotmail.com,United States,2023-12-04,Premium,1811.45
8609,William Hunter,william.hunter8609@hotmail.com,United States,2022-12-04,Basic,286.08
8610,Joshua Henderson,joshua.henderson8610@proton.me,Japan,2025-08-10,Standard,330.89
8611,Daniel Delannoy,daniel.delannoy8611@hotmail.com,France,2023-10-14,Basic,618.87
8612,Zachary Mitchell,zachary.mitchell8612@yahoo.com,Australia,2025-08-04,Basic,98.82
8613,April Turner,april.turner8613@icloud.com,United States,2026-04-04,Basic,90.57
8614,Kelly Patton,kelly.patton8614@icloud.com,United States,2020-03-27,Basic,408.08
8615,Thérèse Paul,therese.paul8615@outlook.com,France,2023-12-21,Basic,53.38
8616,Jill Ray,jill.ray8616@hotmail.com,United States,2026-02-24,Standard,1729.83
8617,Kelly Andersen,kelly.andersen8617@outlook.com,Japan,2023-01-14,Basic,86.7
8618,Mr Craig Smith,mr.craig.smith8618@outlook.com,United Kingdom,2021-07-16,Standard,1675.2
8619,Katherine Martinez,katherine.martinez8619@proton.me,Australia,2024-07-14,Standard,1188.11
8620,Dean Donovan,dean.donovan8620@gmail.com,Canada,2023-11-20,Basic,68.74
8621,Dean Engels,dean.engels8621@yahoo.com,Netherlands,2024-11-30,Standard,1235.58
8622,Sr(a). Cristina Acevedo,sr.a.cristina.acevedo8622@yahoo.com,Mexico,2024-08-09,Standard,1598.31
8623,Pasquale Vidoni-Barese,pasquale.vidoni.barese8623@hotmail.com,Italy,2020-06-25,Standard,570.4
8624,Willy Vogt,willy.vogt8624@icloud.com,Germany,2025-08-30,Premium,1354.51
8625,Joshua Clark,joshua.clark8625@gmail.com,Japan,2024-12-28,Basic,470.14
8626,Robert Young,robert.young8626@proton.me,United States,2020-02-13,Premium,2779.04
8627,Elijah Wall,elijah.wall8627@yahoo.com,Japan,2024-10-10,Standard,929.47
8628,Clémence Seguin,clemence.seguin8628@yahoo.com,France,2025-03-29,Standard,1366.38
8629,Christine Le Raymond,christine.le.raymond8629@outlook.com,France,2022-10-27,Premium,2498.26
8630,Lindsey Robinson,lindsey.robinson8630@gmail.com,United States,2020-04-29,Basic,316.88
8631,Carl Dean,carl.dean8631@hotmail.com,United States,2023-11-25,Basic,99.85
8632,Jodi Roach,jodi.roach8632@gmail.com,Australia,2020-01-23,Basic,641.0
8633,Jennifer Hernandez,jennifer.hernandez8633@yahoo.com,Canada,2025-09-07,Standard,756.74
8634,Veronique Trommler B.A.,veronique.trommler.b.a8634@gmail.com,Germany,2025-12-08,Standard,1669.61
8635,Renate Hornich B.Sc.,renate.hornich.b.sc8635@gmail.com,Germany,2024-11-10,Standard,366.52
8636,David James,david.james8636@proton.me,United States,2021-10-14,Basic,144.39
8637,Brandon Fleming,brandon.fleming8637@outlook.com,Australia,2026-07-29,Basic,199.79
8638,Jennifer Miller,jennifer.miller8638@proton.me,United States,2026-08-21,Basic,99.75
8639,Jeffery Neal,jeffery.neal8639@yahoo.com,United States,2024-01-29,Standard,1032.31
8640,Andrea Oconnor,andrea.oconnor8640@hotmail.com,United States,2023-02-22,Basic,61.71
8641,James Whitaker,james.whitaker8641@icloud.com,Canada,2021-02-22,Premium,3650.33
8642,Miss Naomi Day,miss.naomi.day8642@icloud.com,United Kingdom,2023-01-01,Basic,489.45
8643,Timothy Dhingra,timothy.dhingra8643@hotmail.com,India,2026-08-17,Basic,385.05
8644,Caroline da Paz,caroline.da.paz8644@gmail.com,Brazil,2021-01-06,Premium,3664.57
8645,Edward May-Moore,edward.may.moore8645@hotmail.com,United Kingdom,2021-06-12,Premium,1599.86
8646,Melissa Lee MD,melissa.lee.md8646@gmail.com,United States,2026-04-10,Standard,395.39
8647,Univ.Prof. Jessika Etzold,univ.prof.jessika.etzold8647@proton.me,Germany,2020-06-06,Basic,598.68
8648,Samantha Jacobs,samantha.jacobs8648@yahoo.com,Japan,2020-07-12,Basic,293.8
8649,Christian Riddle,christian.riddle8649@gmail.com,United States,2022-07-16,Basic,650.78
8650,Advika Sahni,advika.sahni8650@icloud.com,India,2021-03-08,Standard,795.85
8651,Alexander Munoz,alexander.munoz8651@gmail.com,Japan,2024-11-19,Basic,127.38
8652,Mr. Michael Scott PhD,mr.michael.scott.phd8652@outlook.com,Canada,2026-01-27,Basic,648.49
8653,Emma Reed,emma.reed8653@hotmail.com,Australia,2020-08-10,Premium,2131.06
8654,María del Carmen Villegas,maria.del.carmen.villegas8654@hotmail.com,Mexico,2025-10-04,Standard,1678.11
8655,Luna Perkins,luna.perkins8655@icloud.com,Netherlands,2021-08-29,Premium,4030.44
8656,Neil Lee,neil.lee8656@icloud.com,United Kingdom,2020-03-21,Standard,592.58
8657,Michael Hayre,michael.hayre8657@icloud.com,India,2025-03-11,Basic,580.09
8658,Caleb Rodriguez,caleb.rodriguez8658@icloud.com,Japan,2025-08-01,Basic,576.63
8659,Maria Henry,maria.henry8659@yahoo.com,Canada,2023-03-23,Basic,534.4
8660,Guillermo Apodaca,guillermo.apodaca8660@proton.me,Mexico,2020-01-19,Standard,682.31
8661,Dr Mathew Gordon,dr.mathew.gordon8661@outlook.com,United Kingdom,2022-09-13,Basic,534.79
8662,Tara Janssens-Opmans,tara.janssens.opmans8662@yahoo.com,Netherlands,2020-04-21,Basic,211.74
8663,Andrea Bowman,andrea.bowman8663@proton.me,United States,2023-07-06,Basic,507.33
8664,Gavin Nelson,gavin.nelson8664@icloud.com,United States,2025-07-26,Basic,284.07
8665,Robert Jackson,robert.jackson8665@proton.me,Canada,2022-09-30,Standard,1179.3
8666,Courtney Smith,courtney.smith8666@outlook.com,United States,2025-03-29,Basic,684.83
8667,Victor Raghavan,victor.raghavan8667@outlook.com,India,2026-03-21,Basic,63.94
8668,Eileen Herrmann,eileen.herrmann8668@yahoo.com,Germany,2025-06-24,Standard,1101.97
8669,Wayne Gray,wayne.gray8669@hotmail.com,United States,2024-10-08,Standard,337.41
8670,Timothy Thompson,timothy.thompson8670@proton.me,United States,2020-07-14,Standard,1190.45
8671,Elizabeth Nicholson,elizabeth.nicholson8671@gmail.com,United States,2026-02-12,Basic,246.25
8672,Oliver Löchel-Zobel,oliver.lochel.zobel8672@outlook.com,Germany,2025-05-29,Standard,1044.49
8673,Joshua Vance,joshua.vance8673@icloud.com,Australia,2023-03-04,Premium,1937.59
8674,Jack Green,jack.green8674@icloud.com,United Kingdom,2021-11-05,Standard,1443.69
8675,Annelene Meister-Scheuermann,annelene.meister.scheuermann8675@outlook.com,Germany,2023-07-13,Standard,171.69
8676,Corinne Carlier,corinne.carlier8676@icloud.com,France,2024-01-17,Premium,3916.18
8677,Joseph Graves PhD,joseph.graves.phd8677@gmail.com,Japan,2022-02-11,Standard,567.27
3598,Lisa Mosley,lisa.mosley8678@hotmail.com,United States,2026-03-14,Standard,1259.6
8679,Graciela Guillermina Rendón,graciela.guillermina.rendon8679@outlook.com,Mexico,2020-02-25,Basic,107.41
8680,Eugenia Jaime Villalpando,eugenia.jaime.villalpando8680@icloud.com,Mexico,2021-05-08,Basic,453.69
8681,Travis Price,travis.price8681@gmail.com,United States,2024-01-09,Basic,579.66
8682,Patrick Faulkner,patrick.faulkner8682@gmail.com,United States,2020-01-14,Standard,1192.72
8683,Linda Atkinson,linda.atkinson8683@outlook.com,United States,2024-03-10,Premium,2382.94
8684,Xalak Nazareth,xalak.nazareth8684@yahoo.com,India,2022-06-04,Basic,128.97
8685,Prof. Heidrun Reinhardt MBA.,prof.heidrun.reinhardt.mba8685@icloud.com,Germany,2021-08-18,Basic,283.31
8686,Katherine Stark,,Canada,2022-12-22,Standard,993.03
8687,Raquel Campos,raquel.campos8687@yahoo.com,Brazil,2020-06-21,Standard,398.91
8688,Sylvia Lloyd,sylvia.lloyd8688@yahoo.com,United Kingdom,2020-07-17,Standard,234.54
8689,Rigo Klingelhöfer,rigo.klingelhofer8689@hotmail.com,Germany,2020-07-04,Standard,395.37
8690,Maja Rehorst-van Laarhoven,maja.rehorst.van.laarhoven8690@gmail.com,Netherlands,2022-04-13,Standard,1156.08
8691,Shane Savage,shane.savage8691@gmail.com,United Kingdom,2021-07-14,Standard,1033.08
8692,Maya Ariens Ansems,maya.ariens.ansems8692@icloud.com,Netherlands,2022-06-27,Basic,287.83
8693,Oliver Forster,oliver.forster8693@yahoo.com,United Kingdom,2024-10-30,Standard,1747.07
8694,Ms Georgia Howard,ms.georgia.howard8694@proton.me,United Kingdom,2022-03-09,Premium,1933.06
8695,Michelle Ho,michelle.ho8695@outlook.com,Australia,2023-02-20,Standard,844.18
8696,Rebecca Hicks,rebecca.hicks8696@outlook.com,Australia,2020-05-09,Basic,418.97
8697,Luz Camila Tovar,luz.camila.tovar8697@outlook.com,Mexico,2024-04-11,Basic,558.1
8698,Nilda Dalila Valenciano Clemente,nilda.dalila.valenciano.clemente8698@gmail.com,Spain,2025-12-27,Standard,1058.48
8699,Bert Wilmsen,bert.wilmsen8699@hotmail.com,Germany,2022-07-23,Standard,1261.75
8700,Cameron Smith,cameron.smith8700@yahoo.com,United States,2020-02-02,Standard,1487.24
8701,Brittney Martinez,brittney.martinez8701@yahoo.com,United States,2025-10-23,Standard,1402.19
8702,Nicolas Brown,nicolas.brown8702@icloud.com,United States,2024-05-02,Premium,1337.15
8703,Vanessa Zimmerman,vanessa.zimmerman8703@proton.me,United States,2021-09-20,Standard,576.53
8704,Lee Mann,lee.mann8704@outlook.com,United States,2022-10-01,Basic,393.73
8705,Univ.Prof. Mehmet Klapp B.A.,univ.prof.mehmet.klapp.b.a8705@hotmail.com,Germany,2024-10-22,Standard,921.05
8706,Suus Simons-van der Stael de Jonge,suus.simons.van.der.stael.de.jonge8706@proton.me,Netherlands,2021-09-17,Standard,1368.07
8707,Karl-Otto Seidel,karl.otto.seidel8707@hotmail.com,Germany,2025-09-04,Standard,1721.4
8708,William Lindsey,william.lindsey8708@icloud.com,United States,2020-04-28,Standard,1752.11
8709,Wilma Weller-Kabus,wilma.weller.kabus8709@icloud.com,Germany,2020-08-25,Basic,547.87
8710,Vicente Conchita Jáquez,vicente.conchita.jaquez8710@yahoo.com,Mexico,2022-04-04,Premium,3961.44
8711,Maria Brown,maria.brown8711@gmail.com,Canada,2021-01-17,Standard,1788.73
8712,Ryan Landry,ryan.landry8712@outlook.com,Canada,2025-03-16,Standard,1190.99
8713,Frau Änne Dippel,frau.anne.dippel8713@gmail.com,Germany,2025-11-14,Standard,803.69
8714,Desiree Patterson,desiree.patterson8714@icloud.com,United States,2025-09-07,Standard,1595.83
8715,Vrinda Swaminathan,vrinda.swaminathan8715@hotmail.com,India,2022-02-09,Standard,1020.21
8716,Angélica Ana María de Jesús,angelica.ana.maria.de.jesus8716@yahoo.com,Mexico,2025-09-01,Standard,262.23
8717,Doris Pergande,doris.pergande8717@icloud.com,Germany,2024-05-05,Premium,2200.09
8718,Sierra Cervantes,sierra.cervantes8718@hotmail.com,Japan,2025-08-27,Standard,1013.91
8719,Scott Meza,scott.meza8719@yahoo.com,Japan,2025-06-15,Standard,664.1
8720,Isaque Santos,isaque.santos8720@outlook.com,Brazil,2021-12-04,Standard,589.33
8721,Francesca Cole,francesca.cole8721@gmail.com,United Kingdom,2024-09-25,Standard,273.88
8722,Dipl.-Ing. Hans-Günther Krein MBA.,dipl.ing.hans.gunther.krein.mba8722@yahoo.com,Germany,2021-10-04,Standard,316.42
8723,Om Pandey,om.pandey8723@hotmail.com,India,2024-12-18,Premium,1256.25
8724,Pamela Gutierrez,pamela.gutierrez8724@icloud.com,Canada,2022-05-18,Standard,1346.05
8725,Logan Suresh,logan.suresh8725@outlook.com,India,2022-11-24,Standard,1025.67
8726,Hagen Barth-Nette,hagen.barth.nette8726@icloud.com,Germany,2020-07-01,Basic,563.88
8727,Erik Davis,erik.davis8727@icloud.com,United States,2022-10-07,Premium,2340.97
8728,Ben van Geenen,ben.van.geenen8728@icloud.com,Netherlands,2024-03-24,Basic,334.06
8729,Curtis Taylor,curtis.taylor8729@yahoo.com,Australia,2024-05-03,Premium,1169.85
8730,Nicholas Duffy,nicholas.duffy8730@icloud.com,United States,2020-05-01,Standard,847.12
8731,Lucy Allain Le Guillou,lucy.allain.le.guillou8731@outlook.com,France,2020-08-17,Standard,1205.95
8732,Anthony Paul,anthony.paul8732@hotmail.com,Japan,2023-05-28,Standard,190.09
8733,Gebhard Liebelt,gebhard.liebelt8733@icloud.com,Germany,2020-02-05,Basic,167.86
8734,Crystal Mann,crystal.mann8734@proton.me,Canada,2023-10-01,Basic,592.64
8735,Bogdan Vollbrecht,bogdan.vollbrecht8735@yahoo.com,Germany,2024-09-09,Basic,615.28
8736,Jonathan Brooks,jonathan.brooks8736@gmail.com,Canada,2023-03-22,Basic,79.2
8737,Allison Spencer,allison.spencer8737@outlook.com,Australia,2025-06-16,Standard,1200.4
8738,Katherine Baxter,katherine.baxter8738@proton.me,United States,2024-12-05,Standard,278.41
8739,Loes Stamrood,loes.stamrood8739@gmail.com,Netherlands,2025-05-11,Standard,789.7
8740,Jessica Romero,jessica.romero8740@hotmail.com,United States,2026-08-30,Standard,1743.04
8741,Karen Robertson,karen.robertson8741@yahoo.com,United States,2021-03-31,Standard,1048.62
8742,Halil Jockel-Karz,halil.jockel.karz8742@proton.me,Germany,2020-06-08,Standard,1575.64
8743,Raisa Haering MBA.,raisa.haering.mba8743@hotmail.com,Germany,2021-07-06,Premium,1942.96
8744,Dr. Melissa Sullivan DDS,dr.melissa.sullivan.dds8744@hotmail.com,United States,2025-11-03,Standard,1660.57
8745,Nichole Klein,nichole.klein8745@gmail.com,United States,2021-04-15,Standard,890.88
8746,Ivanka Dietz,ivanka.dietz8746@hotmail.com,Germany,2021-07-22,Premium,3073.5
8747,Miriam Textor MBA.,miriam.textor.mba8747@proton.me,Germany,2023-07-20,Basic,256.49
8748,Nicole Sanchez,nicole.sanchez8748@outlook.com,United States,2023-05-16,Premium,2036.17
8749,Robert Arnold,robert.arnold8749@hotmail.com,Australia,2025-02-04,Premium,1461.03
8750,Daniel Viswanathan,daniel.viswanathan8750@hotmail.com,India,2021-10-25,Premium,3458.88
8751,Anne-Marie Jacob,anne.marie.jacob8751@outlook.com,Germany,2020-06-27,Standard,188.73
8752,Victoria Baker,victoria.baker8752@outlook.com,United Kingdom,2021-03-02,Standard,420.01
8753,Victoire Le Ollivier,victoire.le.ollivier8753@yahoo.com,France,2026-03-31,Standard,1036.95
8754,Tiffany Morrow,tiffany.morrow8754@yahoo.com,United States,2021-07-06,Basic,588.16
8755,Julien Rémy,julien.remy8755@icloud.com,France,2025-11-19,Standard,405.97
8756,Falan Bava,falan.bava8756@outlook.com,India,2024-09-29,Standard,1370.41
8757,Kelsey Lynch,kelsey.lynch8757@hotmail.com,United States,2024-10-30,Basic,65.77
8758,Dr Alan Patel,dr.alan.patel8758@outlook.com,United Kingdom,2025-07-29,Standard,1065.16
8759,Mary Jensen,mary.jensen8759@outlook.com,Canada,2022-04-02,Standard,1677.99
8760,Marc Guillon,marc.guillon8760@icloud.com,France,2021-10-21,Standard,943.72
8761,Nitara Devan,nitara.devan8761@gmail.com,India,2024-06-21,Premium,3500.06
8762,Traci Craig,traci.craig8762@hotmail.com,United States,2024-08-16,Basic,602.36
8763,Ekansh Dora,ekansh.dora8763@gmail.com,India,2026-07-26,Basic,75.94
8764,Tejas Tiwari,tejas.tiwari8764@gmail.com,India,2026-05-09,Basic,81.42
8765,Kelly Walker,kelly.walker8765@gmail.com,United States,2024-10-26,Standard,1526.98
8766,Kashvi Bhasin,kashvi.bhasin8766@outlook.com,India,2023-06-19,Standard,663.12
8767,Thomas Michel du Aubry,thomas.michel.du.aubry8767@gmail.com,France,2020-08-11,Premium,4074.82
8768,Leonardo Novaes,leonardo.novaes8768@hotmail.com,Brazil,2021-06-17,Standard,1584.15
8769,Henriette-Anastasie Guillon,henriette.anastasie.guillon8769@proton.me,France,2021-10-02,Basic,27.87
8770,Vinaya Babu,vinaya.babu8770@yahoo.com,India,2021-06-18,Standard,1263.39
8771,Mr. Aaron Arnold,mr.aaron.arnold8771@hotmail.com,Canada,2022-03-19,Premium,3662.8
8772,Ryan Palmer,ryan.palmer8772@gmail.com,United States,2024-08-13,Basic,277.12
8773,Angelica Parker,angelica.parker8773@hotmail.com,Australia,2026-05-21,Basic,55.95
8774,Roy Tröst,roy.trost8774@proton.me,Germany,2025-12-19,Standard,816.63
8775,Jenny Gray,jenny.gray8775@gmail.com,Japan,2025-07-19,Premium,3275.1
8776,Brian Sloan,brian.sloan8776@proton.me,United States,2021-08-24,Standard,1718.28
8777,Aleksandar Karz,aleksandar.karz8777@yahoo.com,Germany,2021-08-27,Basic,695.91
8778,Joshua Miranda,joshua.miranda8778@outlook.com,Japan,2022-10-01,Standard,1099.26
8779,Joe Grant,joe.grant8779@proton.me,United Kingdom,2024-08-22,Standard,1664.06
8780,Denise Hardy,denise.hardy8780@outlook.com,France,2020-09-06,Basic,681.88
8781,Miss Georgia Khan,miss.georgia.khan8781@hotmail.com,United Kingdom,2022-12-14,Premium,4485.08
8782,Edwin Carter,edwin.carter8782@icloud.com,United States,2024-03-11,Basic,617.12
8783,Oscar Carroll,oscar.carroll8783@icloud.com,United States,2026-01-10,Basic,256.77
8784,Nisha Arora,nisha.arora8784@icloud.com,India,2025-07-14,Basic,405.55
8785,Dr. Kelly Hammond DVM,dr.kelly.hammond.dvm8785@gmail.com,Australia,2022-12-02,Basic,479.35
8786,Eric Fitzpatrick,eric.fitzpatrick8786@yahoo.com,Japan,2025-12-08,Basic,592.35
8787,Samantha Johnson,samantha.johnson8787@yahoo.com,United States,2020-07-22,Basic,91.8
8788,Jerónimo del Segura,jeronimo.del.segura8788@outlook.com,Spain,2022-08-04,Premium,3237.81
8789,Anvi Wason,anvi.wason8789@yahoo.com,India,2025-07-20,Standard,610.76
8790,Anay Thakkar,anay.thakkar8790@outlook.com,India,2022-07-19,Standard,1333.98
8791,Luke Freeman,luke.freeman8791@proton.me,United States,2023-06-20,Standard,903.31
8792,Mike Gehringer,mike.gehringer8792@hotmail.com,Germany,2023-03-02,Basic,61.31
8793,Rosario Rebeca Lomeli Quiñones,rosario.rebeca.lomeli.quinones8793@hotmail.com,Mexico,2025-02-04,Premium,3154.27
8794,William Day,william.day8794@proton.me,Australia,2023-01-27,Basic,349.56
8795,Michael Cooper,michael.cooper8795@proton.me,Australia,2025-09-19,Standard,1426.36
8796,Luis Murphy,luis.murphy8796@gmail.com,United States,2024-08-06,Standard,1631.52
8797,Praneel Chhabra,praneel.chhabra8797@gmail.com,India,2020-03-30,Premium,2917.53
8798,Joseph Hill,joseph.hill8798@outlook.com,Canada,2021-12-12,Standard,422.32
8799,Alicia Li,alicia.li8799@gmail.com,Canada,2024-04-02,Standard,366.37
8800,Aaron Zamora,aaron.zamora8800@yahoo.com,United States,2024-10-01,Standard,725.28
8801,Manthan Khosla,manthan.khosla8801@gmail.com,India,2022-01-07,Standard,1127.03
8802,Henry Garcia,henry.garcia8802@proton.me,United States,2024-01-29,Standard,1095.41
8803,Bradley Robertson Jr.,bradley.robertson.jr8803@icloud.com,United States,2022-12-05,Standard,1269.6
8804,Marion James,marion.james8804@hotmail.com,United Kingdom,2023-12-05,Basic,464.19
8805,Mayte Maestas Padrón,mayte.maestas.padron8805@yahoo.com,Mexico,2023-03-20,Standard,587.64
8806,John Moore,john.moore8806@hotmail.com,United States,2020-04-19,Standard,183.18
8807,Yuri Jesus,yuri.jesus8807@yahoo.com,Brazil,2020-10-18,Basic,186.55
8808,Victor Stephens,victor.stephens8808@proton.me,United Kingdom,2023-04-12,Standard,1689.38
8809,Renee Browning,renee.browning8809@proton.me,Canada,2023-01-08,Basic,443.08
8810,Penny Bowman,penny.bowman8810@yahoo.com,Australia,2021-05-20,Premium,1405.09
8811,Zayyan Pandya,zayyan.pandya8811@gmail.com,India,2022-01-17,Standard,1201.69
8812,Courtney Foster,courtney.foster8812@proton.me,United States,2025-09-23,Premium,1747.3
8813,Vincent Reynolds,vincent.reynolds8813@icloud.com,Australia,2025-08-31,Standard,1415.9
8814,Mekhala Brar,mekhala.brar8814@hotmail.com,India,2020-07-31,Standard,760.37
8815,Jeffrey White,jeffrey.white8815@gmail.com,United States,2024-02-28,Basic,512.03
8816,Nidra Sharaf,nidra.sharaf8816@yahoo.com,India,2024-04-25,Standard,456.08
8817,Prof. Dieter Rohleder B.A.,prof.dieter.rohleder.b.a8817@outlook.com,Germany,2022-04-08,Premium,2038.43
8818,Ashley Gonzales,ashley.gonzales8818@hotmail.com,United States,2025-11-21,Premium,3533.23
8819,Candice Gomez,candice.gomez8819@icloud.com,United States,2022-09-16,Standard,1675.61
8820,Kristina Loos,kristina.loos8820@proton.me,Germany,2023-09-08,Premium,4390.94
8821,Ian Harrell,ian.harrell8821@icloud.com,United States,2024-11-15,Basic,156.74
8822,Brent Hernandez,brent.hernandez8822@gmail.com,Canada,2025-10-27,Standard,607.23
8823,Colton Williams,colton.williams8823@proton.me,United States,2026-07-29,Standard,520.48
8824,Joseph Ochoa,joseph.ochoa8824@outlook.com,Canada,2025-01-26,Basic,625.95
8825,Patrick Santana,patrick.santana8825@yahoo.com,United States,2024-06-25,Basic,526.1
8826,Cristian Mendoza,cristian.mendoza8826@hotmail.com,United States,2023-12-12,Premium,3032.13
8827,James Watson,james.watson8827@yahoo.com,Canada,2025-05-26,Basic,326.27
8828,Mette Prins,mette.prins8828@proton.me,Netherlands,2025-07-16,Basic,268.75
8829,Leonard Faulkner-Murray,leonard.faulkner.murray8829@yahoo.com,United Kingdom,2022-03-01,Basic,72.71
8830,Upkaar Mital,upkaar.mital8830@icloud.com,India,2022-07-21,Premium,3261.03
8831,Azad Chander,azad.chander8831@hotmail.com,India,2023-09-11,Basic,618.9
8832,Ladli Purohit,ladli.purohit8832@hotmail.com,India,2021-01-23,Basic,281.14
8833,Daksh Andra,daksh.andra8833@yahoo.com,India,2021-04-06,Basic,566.2
8834,Amy Martinez,amy.martinez8834@yahoo.com,Australia,2025-08-04,Standard,657.69
8835,Fitan Tata,fitan.tata8835@icloud.com,India,2024-01-01,Basic,579.64
8836,Monique Caron de la David,monique.caron.de.la.david8836@hotmail.com,France,2020-08-19,Basic,261.95
8837,Garima Chandran,garima.chandran8837@outlook.com,India,2022-07-20,Standard,1225.55
8838,Deborah Fisher,deborah.fisher8838@hotmail.com,Japan,2022-03-02,Premium,3390.65
8839,Dr Nathan King,dr.nathan.king8839@yahoo.com,United Kingdom,2025-07-24,Basic,283.58
8840,Victor Kakar,victor.kakar8840@yahoo.com,India,2026-03-28,Standard,1099.65
8841,Sanne Stettyn-Manne,sanne.stettyn.manne8841@yahoo.com,Netherlands,2025-08-01,Standard,1540.2
8842,Mr Roy Parkes,mr.roy.parkes8842@yahoo.com,United Kingdom,2022-01-03,Standard,1000.77
8843,Anika Batra,anika.batra8843@outlook.com,India,2022-03-07,Premium,3563.38
8844,Sean Clarke-Briggs,sean.clarke.briggs8844@proton.me,United Kingdom,2022-12-01,Basic,164.32
8845,Dörthe Lachmann B.A.,dorthe.lachmann.b.a8845@proton.me,Germany,2020-04-17,Standard,886.01
8846,Rebecca Klein,rebecca.klein8846@gmail.com,United States,2023-06-25,Basic,227.36
8847,Avni Bali,avni.bali8847@outlook.com,India,2021-04-16,Standard,1081.4
8848,Divya Babu,divya.babu8848@outlook.com,India,2026-06-11,Basic,537.83
8849,Maanas Rao,maanas.rao8849@yahoo.com,India,2022-12-12,Standard,1062.23
8850,Phillip Macias,phillip.macias8850@icloud.com,United States,2021-07-31,Basic,326.56
8851,Cécile-Élisabeth Moreau,cecile.elisabeth.moreau8851@outlook.com,France,2025-01-19,Basic,179.25
8852,Chandani Gaba,chandani.gaba8852@icloud.com,India,2023-09-19,Premium,2445.38
8853,Mitchell Gilbert-Turner,mitchell.gilbert.turner8853@gmail.com,United Kingdom,2026-01-27,Premium,1128.09
8854,Tammy Cameron,tammy.cameron8854@gmail.com,Japan,2022-02-23,Premium,2765.64
8855,Univ.Prof. Mattias Löwer,univ.prof.mattias.lower8855@gmail.com,Germany,2025-05-07,Standard,323.93
8856,Brian Rodriguez,brian.rodriguez8856@proton.me,United States,2024-03-08,Standard,1719.59
8857,Christopher Porter,christopher.porter8857@hotmail.com,United States,2024-07-06,Basic,488.25
8858,Sarah van Roijen,sarah.van.roijen8858@gmail.com,Netherlands,2023-09-25,Premium,1800.17
8859,Cynthia Gregory,cynthia.gregory8859@gmail.com,United States,2020-11-28,Premium,1485.86
8860,Lopa Zachariah,lopa.zachariah8860@outlook.com,India,2025-01-31,Standard,651.76
8861,Andrew Clayton,andrew.clayton8861@proton.me,United Kingdom,2024-06-05,Standard,905.67
8862,William Mclaughlin,william.mclaughlin8862@yahoo.com,United States,2026-08-05,Standard,941.5
8863,Ms Frances Armstrong,ms.frances.armstrong8863@gmail.com,United Kingdom,2023-10-14,Premium,2722.71
8864,Leena Dey,leena.dey8864@proton.me,India,2021-09-14,Standard,239.95
8865,Christopher Morris,christopher.morris8865@hotmail.com,Australia,2022-01-31,Premium,3401.0
8866,Xiti Pal,xiti.pal8866@hotmail.com,India,2021-02-04,Basic,666.77
8867,Steven Fry,steven.fry8867@hotmail.com,United Kingdom,2022-06-19,Basic,558.6
8868,Elaine Ward,elaine.ward8868@outlook.com,United Kingdom,2021-11-06,Standard,150.12
8869,Alma Walter-Schmiedecke,alma.walter.schmiedecke8869@icloud.com,Germany,2020-10-14,Standard,1523.03
8870,Dylan Tucker,dylan.tucker8870@yahoo.com,United States,2020-09-12,Basic,567.08
8871,Ms Ellie Young,ms.ellie.young8871@outlook.com,United Kingdom,2020-08-18,Standard,1566.72
8872,Danielle Hernandez,danielle.hernandez8872@hotmail.com,United States,2021-05-13,Standard,240.06
8873,Helmuth Scheel MBA.,helmuth.scheel.mba8873@hotmail.com,Germany,2020-08-24,Standard,246.7
8874,Danielle Wang,danielle.wang8874@hotmail.com,United States,2026-06-09,Standard,1273.73
8875,Adeline Tlustek-Hamann,adeline.tlustek.hamann8875@hotmail.com,Germany,2022-04-10,Premium,2928.45
8876,Carolyn Davies,carolyn.davies8876@hotmail.com,United Kingdom,2020-05-12,Standard,1176.18
8877,Margaux Humbert,margaux.humbert8877@icloud.com,France,2025-03-04,Standard,843.32
8878,Wendy Wright,wendy.wright8878@yahoo.com,United States,2021-09-04,Standard,1684.76
8879,Christina Mccarthy,christina.mccarthy8879@icloud.com,United States,2025-06-30,Standard,663.1
8880,Fredo Weller B.Sc.,fredo.weller.b.sc8880@icloud.com,Germany,2026-01-17,Standard,982.83
8881,Meredith Shaw,meredith.shaw8881@yahoo.com,United States,2025-02-07,Standard,815.39
8882,Karl Branch,karl.branch8882@hotmail.com,Canada,2026-01-12,Standard,1793.78
8883,Roger Reising,roger.reising8883@outlook.com,Germany,2025-08-19,Premium,3375.29
8884,Willie Garza,willie.garza8884@gmail.com,United States,2026-05-23,Basic,68.74
8885,Mohammed Williams-Pritchard,mohammed.williams.pritchard8885@hotmail.com,United Kingdom,2023-09-25,Standard,735.64
8886,Crystal Anderson,crystal.anderson8886@yahoo.com,United States,2022-06-04,Standard,1565.53
8887,Lucas Blot,lucas.blot8887@gmail.com,France,2020-09-25,Basic,282.75
8888,Hannah Everett,hannah.everett8888@icloud.com,Australia,2020-09-27,Standard,1033.91
8889,William Hickman,william.hickman8889@yahoo.com,Japan,2023-04-18,Basic,298.86
8890,Nazario Agustí-Sola,nazario.agusti.sola8890@proton.me,Spain,2021-05-02,Standard,891.48
8891,Ing. Gotthold Gunpf,ing.gotthold.gunpf8891@outlook.com,Germany,2020-08-17,Standard,1255.68
8892,Luis Davis,luis.davis8892@yahoo.com,United States,2021-03-09,Standard,1090.6
8893,Guneet Sarkar,guneet.sarkar8893@hotmail.com,India,2026-01-15,Premium,1624.03
8894,Jason Torres,jason.torres8894@icloud.com,Japan,2020-09-13,Standard,995.88
8895,Crystal Rogers,crystal.rogers8895@yahoo.com,United States,2024-04-10,Basic,567.25
8896,Jordan Schneider,jordan.schneider8896@hotmail.com,United States,2026-08-30,Premium,2399.17
8897,Rita Townsend,rita.townsend8897@icloud.com,United Kingdom,2022-12-08,Premium,2084.33
8898,Gerrit de Gruson,gerrit.de.gruson8898@gmail.com,Netherlands,2023-09-07,Premium,3614.16
8899,Faqid Oak,faqid.oak8899@yahoo.com,India,2025-07-18,Standard,1612.94
8900,Mónica Paola Salcido Quezada,monica.paola.salcido.quezada8900@proton.me,Mexico,2020-10-24,Standard,1281.38
8901,Beatrix Hesse MBA.,beatrix.hesse.mba8901@icloud.com,Germany,2020-08-10,Premium,2651.97
8902,Rufino Arenas Preciado,rufino.arenas.preciado8902@proton.me,Mexico,2020-07-23,Standard,1514.33
8903,Michael Abbott,michael.abbott8903@outlook.com,Canada,2023-06-16,Basic,314.51
8904,Eta Balan,eta.balan8904@proton.me,India,2024-05-11,Premium,2564.56
8905,Lilly Kraushaar,lilly.kraushaar8905@yahoo.com,Germany,2023-02-13,Premium,807.25
8906,Derrick Ramirez,derrick.ramirez8906@hotmail.com,Japan,2020-07-24,Standard,199.17
8907,Sarah King,sarah.king8907@proton.me,Australia,2023-11-12,Standard,612.22
8908,Lucas du Guyon,lucas.du.guyon8908@outlook.com,France,2025-05-18,Standard,1278.87
8909,Salma Fidel Alvarez Bustos,,Mexico,2025-06-06,Premium,4494.32
8910,Jason Flores,jason.flores8910@gmail.com,United States,2022-03-19,Premium,1038.65
8911,Krista Martinez,krista.martinez8911@hotmail.com,Australia,2021-01-13,Standard,1122.64
8912,Shravya Swaminathan,shravya.swaminathan8912@yahoo.com,India,2021-09-15,Standard,1157.78
8913,Ishani Prashad,ishani.prashad8913@hotmail.com,India,2024-09-13,Standard,1733.5
8914,Quincy Rai,quincy.rai8914@icloud.com,India,2023-11-19,Basic,654.24
8915,Andrew Williams,andrew.williams8915@outlook.com,United States,2020-11-04,Standard,212.53
8916,Christy Kennedy,,United States,2022-08-09,Standard,1688.24
8917,Henry Gabriel Camargo,henry.gabriel.camargo8917@yahoo.com,Brazil,2024-12-19,Basic,353.27
8918,Joseph Shaw,joseph.shaw8918@gmail.com,Australia,2025-12-17,Standard,654.81
8919,Daniel Paul,daniel.paul8919@hotmail.com,France,2025-09-04,Premium,3082.91
8920,Todd Moore,todd.moore8920@proton.me,Australia,2024-02-27,Standard,1295.31
8921,Ashlee Lopez,ashlee.lopez8921@yahoo.com,United States,2021-01-09,Standard,1195.42
8922,Heidi Torres,heidi.torres8922@outlook.com,United States,2023-10-20,Standard,1143.33
8923,Michelle Jacobs,michelle.jacobs8923@proton.me,Australia,2024-02-27,Basic,94.29
8924,Chakrika Koshy,chakrika.koshy8924@outlook.com,India,2024-02-18,Basic,192.68
8925,Adam Arnold,adam.arnold8925@yahoo.com,Japan,2025-04-11,Standard,982.0
8926,Erin Figueroa,erin.figueroa8926@hotmail.com,United States,2022-09-19,Premium,1982.58
8927,Richard Rice,richard.rice8927@outlook.com,United States,2021-09-04,Standard,1333.66
8928,Matthew Clark,matthew.clark8928@yahoo.com,United States,2022-10-25,Standard,308.41
8929,Stephen Anderson,stephen.anderson8929@outlook.com,United States,2025-05-30,Basic,622.95
8930,Michelle Atkinson-Parker,michelle.atkinson.parker8930@hotmail.com,United Kingdom,2021-11-10,Standard,959.87
8931,Barbara Willis,barbara.willis8931@outlook.com,Japan,2020-03-18,Premium,3424.99
8932,Bárbara Ramos,barbara.ramos8932@outlook.com,Brazil,2023-08-28,Basic,54.9
8933,Martha Lee,martha.lee8933@icloud.com,Japan,2021-11-30,Standard,632.8
8934,Liesbeth Drewes-Keudel,liesbeth.drewes.keudel8934@proton.me,Germany,2026-01-25,Premium,2202.46
8935,Rhys Morgan,rhys.morgan8935@outlook.com,United Kingdom,2025-11-06,Standard,446.5
8936,Tammy Jones,tammy.jones8936@proton.me,United States,2025-01-24,Premium,2382.76
8937,Kristy Bryan,kristy.bryan8937@proton.me,Australia,2024-01-19,Basic,667.43
8938,Roger Le Dupré,roger.le.dupre8938@hotmail.com,France,2020-03-20,Standard,755.86
8939,Shannon Malone,shannon.malone8939@proton.me,Canada,2021-07-10,Standard,1396.96
8940,Nilo Leandro Cruz Benavent,nilo.leandro.cruz.benavent8940@proton.me,Spain,2020-12-04,Basic,695.69
8941,Dr Paige Parsons,dr.paige.parsons8941@gmail.com,United Kingdom,2020-09-17,Premium,1532.48
8942,Grace Swanson,grace.swanson8942@hotmail.com,United States,2020-04-10,Basic,170.14
8943,Mrs Marilyn Pearson,mrs.marilyn.pearson8943@gmail.com,United Kingdom,2023-03-15,Basic,324.58
8944,Fabiola Martínez Rodrigo,fabiola.martinez.rodrigo8944@hotmail.com,Spain,2026-02-09,Standard,1264.81
8945,Christina Le MD,christina.le.md8945@hotmail.com,United States,2021-01-02,Standard,875.31
8946,Fitan Loyal,fitan.loyal8946@icloud.com,India,2025-04-19,Premium,914.79
8947,Lize Spier,lize.spier8947@outlook.com,Netherlands,2022-10-13,Standard,1040.38
8948,Lajita Dube,lajita.dube8948@proton.me,India,2020-11-04,Basic,500.51
8949,Edhitha Patel,edhitha.patel8949@yahoo.com,India,2024-05-17,Basic,247.81
8950,Michelle Bouvier,michelle.bouvier8950@outlook.com,France,2022-03-10,Basic,353.54
8951,Angel May,angel.may8951@outlook.com,Australia,2023-03-26,Standard,411.58
8952,Victor Reed,victor.reed8952@hotmail.com,United Kingdom,2021-09-25,Basic,128.4
8953,James Tran,james.tran8953@proton.me,Canada,2022-04-21,Basic,545.84
8954,Theo Silva,theo.silva8954@proton.me,Brazil,2023-01-06,Basic,113.77
8955,Adam Jackson,adam.jackson8955@proton.me,Canada,2024-05-02,Premium,2715.89
8956,Sieglinde Mielcarek,sieglinde.mielcarek8956@icloud.com,Germany,2024-03-20,Premium,3496.9
8957,Mr. Richard Knight PhD,mr.richard.knight.phd8957@proton.me,Canada,2022-04-09,Standard,583.94
8958,Joshua King,joshua.king8958@hotmail.com,United States,2025-12-07,Premium,3465.63
8959,Gavin Ahluwalia,gavin.ahluwalia8959@gmail.com,India,2024-04-10,Premium,2954.19
8960,Zeferino René Villagómez,zeferino.rene.villagomez8960@hotmail.com,Mexico,2020-03-01,Standard,456.14
8961,Joseph Williams,joseph.williams8961@proton.me,Canada,2025-07-22,Basic,96.42
8962,Sarah Meadows,sarah.meadows8962@hotmail.com,United States,2022-02-19,Standard,744.49
8963,Sai Parsa,sai.parsa8963@proton.me,India,2024-08-27,Basic,238.29
8964,Stephanie West,stephanie.west8964@icloud.com,United States,2024-04-19,Standard,270.98
8965,Susan Jones,susan.jones8965@yahoo.com,United States,2026-02-18,Standard,1163.85
8966,Michel Rossi,michel.rossi8966@gmail.com,France,2026-02-24,Basic,537.79
8967,Sean Clay,sean.clay8967@hotmail.com,Canada,2020-05-07,Standard,301.41
8968,Timothy Gordon,timothy.gordon8968@hotmail.com,Japan,2021-02-11,Standard,1378.51
8969,Javier Matas-Flor,javier.matas.flor8969@yahoo.com,Spain,2024-06-27,Premium,3685.84
8970,Univ.Prof. Nikolaos Huhn,univ.prof.nikolaos.huhn8970@gmail.com,Germany,2025-09-10,Standard,1769.57
8971,Marthe Labbé,marthe.labbe8971@outlook.com,France,2022-12-05,Basic,208.6
8972,Amber de Ruiter,amber.de.ruiter8972@hotmail.com,Netherlands,2021-07-04,Basic,592.28
8973,Kyle Horton,kyle.horton8973@proton.me,United States,2025-07-17,Basic,601.23
8974,Angel Knight,angel.knight8974@icloud.com,United States,2022-07-05,Basic,74.04
8975,Harsh Deo,harsh.deo8975@proton.me,India,2025-08-27,Premium,1926.39
8976,Anthony Jones,anthony.jones8976@outlook.com,Canada,2022-09-12,Premium,2987.71
8977,Michael Eimer,michael.eimer8977@hotmail.com,Germany,2023-09-11,Basic,278.67
8978,Thibault-Olivier Olivier,thibault.olivier.olivier8978@outlook.com,France,2021-12-24,Premium,1249.66
8979,Marilyn Wang,marilyn.wang8979@gmail.com,Australia,2020-09-26,Basic,597.55
8980,Bernadette Henck,bernadette.henck8980@hotmail.com,Germany,2021-11-11,Standard,1327.11
8981,Guillaume Pascal-Léger,guillaume.pascal.leger8981@yahoo.com,France,2021-03-05,Premium,4368.74
8982,Amanda Price,amanda.price8982@proton.me,United Kingdom,2024-12-10,Standard,162.16
8983,Melissa Yang,melissa.yang8983@proton.me,United States,2022-05-20,Premium,1067.02
8984,Stephanie Elliott,stephanie.elliott8984@hotmail.com,Canada,2020-03-10,Standard,1310.36
8985,Thomas Santos,thomas.santos8985@hotmail.com,Brazil,2023-07-13,Standard,1059.82
8986,Michael Berg,michael.berg8986@icloud.com,Japan,2023-07-24,Standard,425.15
8987,Berit Gnatz,berit.gnatz8987@gmail.com,Germany,2022-12-07,Premium,2073.06
8988,Oliver Mendes,oliver.mendes8988@yahoo.com,Brazil,2024-06-11,Premium,4086.31
8989,Carol Christensen,carol.christensen8989@icloud.com,United States,2023-11-10,Standard,1691.41
8990,Richard Morales,richard.morales8990@gmail.com,United States,2025-02-25,Standard,1534.2
8991,Mark Jimenez,mark.jimenez8991@gmail.com,Australia,2022-07-12,Standard,1201.43
8992,Clinton Moore,clinton.moore8992@icloud.com,United States,2020-03-14,Premium,3251.27
8993,Barbara Medici,barbara.medici8993@yahoo.com,Italy,2020-05-02,Basic,465.55
8994,Timothy Edwards,timothy.edwards8994@gmail.com,Canada,2023-06-30,Premium,4002.64
8995,Donna Frye,donna.frye8995@hotmail.com,Australia,2024-05-06,Premium,3406.71
8996,Aimée Butselaar,aimee.butselaar8996@gmail.com,Netherlands,2025-03-21,Standard,1625.9
8997,Michael Suarez,michael.suarez8997@proton.me,United States,2023-03-02,Standard,1298.58
8998,Laurie Goodwin,laurie.goodwin8998@icloud.com,Canada,2020-01-30,Standard,1540.1
8999,Joy Zimmerman,joy.zimmerman8999@proton.me,United States,2023-12-08,Standard,1734.98
9000,Mr Sean Brown,mr.sean.brown9000@gmail.com,United Kingdom,2024-07-05,Basic,309.32
9001,Jane Ford-Thompson,jane.ford.thompson9001@gmail.com,United Kingdom,2020-05-26,Standard,1525.34
9002,Elizabeth Robinson,elizabeth.robinson9002@gmail.com,United States,2025-06-10,Standard,1599.5
9003,Ms Lisa Kaur,ms.lisa.kaur9003@gmail.com,United Kingdom,2023-10-16,Premium,1618.95
9004,Kristen Jackson,kristen.jackson9004@icloud.com,United States,2024-06-09,Standard,240.93
9005,Isabelly Marques,isabelly.marques9005@icloud.com,Brazil,2021-09-05,Standard,150.2
9006,Judith Wright,judith.wright9006@proton.me,United Kingdom,2022-04-05,Standard,1192.41
9007,Martina Faust,martina.faust9007@outlook.com,Germany,2022-09-05,Standard,232.31
9008,Rosalie Sestig-Ooms,rosalie.sestig.ooms9008@yahoo.com,Netherlands,2025-10-20,Basic,269.28
9009,David Williams,david.williams9009@yahoo.com,United States,2021-02-18,Standard,1591.43
9010,Stephen Ho,stephen.ho9010@gmail.com,United States,2020-04-23,Basic,226.45
9011,Cameron Campbell,cameron.campbell9011@proton.me,United Kingdom,2024-03-24,Standard,222.27
9012,Henri Pires-Hervé,henri.pires.herve9012@hotmail.com,France,2025-10-28,Standard,350.11
9013,Ms Katy Ball,ms.katy.ball9013@gmail.com,United Kingdom,2020-03-13,Standard,571.86
9014,Rachit Sankar,rachit.sankar9014@outlook.com,India,2024-01-17,Standard,1264.61
9015,Patrick Le Voisin,patrick.le.voisin9015@outlook.com,France,2024-05-10,Basic,219.11
9016,Richard Day,richard.day9016@gmail.com,United States,2025-08-18,Premium,3188.74
9017,Yauvani Reddy,yauvani.reddy9017@yahoo.com,India,2022-05-24,Premium,1151.21
9018,Zacarías Jiménez Velázquez,zacarias.jimenez.velazquez9018@gmail.com,Mexico,2025-11-09,Standard,1146.6
9019,Hertha Schenk-Etzler,hertha.schenk.etzler9019@gmail.com,Germany,2026-08-29,Premium,2600.43
9020,Margaret Spencer,margaret.spencer9020@hotmail.com,United Kingdom,2023-11-08,Premium,4437.56
9021,Jennifer Jones,jennifer.jones9021@yahoo.com,Canada,2024-05-15,Basic,336.5
9022,Atharv Chakraborty,atharv.chakraborty9022@gmail.com,India,2023-02-23,Standard,1610.91
9023,Girik Nair,girik.nair9023@proton.me,India,2021-08-18,Standard,1647.34
9024,Advik Manne,advik.manne9024@outlook.com,India,2022-03-14,Basic,479.86
9025,Barbara Bolton,barbara.bolton9025@icloud.com,United Kingdom,2026-04-04,Basic,456.31
9026,Dr. Michael Evans,dr.michael.evans9026@yahoo.com,Australia,2020-02-11,Premium,812.93
9027,Clara Gomes,clara.gomes9027@icloud.com,Brazil,2025-06-14,Premium,910.54
9028,Rodney Nichols,rodney.nichols9028@proton.me,United States,2023-10-22,Standard,955.01
9029,Anthony Gonzales,anthony.gonzales9029@gmail.com,Australia,2022-10-31,Standard,385.38
9030,Luigi Carriera-Piovani,luigi.carriera.piovani9030@proton.me,Italy,2025-04-05,Premium,4155.45
9031,Tamara Tomas Campillo,tamara.tomas.campillo9031@outlook.com,Spain,2023-10-12,Standard,1574.99
9032,Mathew Phillips,mathew.phillips9032@outlook.com,United Kingdom,2023-12-25,Premium,2871.75
9033,Gregory Jacobs,gregory.jacobs9033@yahoo.com,United States,2020-03-16,Basic,510.26
9034,Leanne Smith-Parker,leanne.smith.parker9034@hotmail.com,United Kingdom,2022-03-12,Basic,311.69
9035,Graciano del Marqués,graciano.del.marques9035@yahoo.com,Spain,2025-01-13,Standard,1129.28
9036,Bradley Thornton,bradley.thornton9036@proton.me,United States,2021-01-15,Premium,3698.3
9037,Miranda Ortiz,miranda.ortiz9037@icloud.com,United States,2021-10-15,Standard,243.53
9038,David Davenport,david.davenport9038@outlook.com,Canada,2024-10-29,Standard,879.22
9039,Erika Brown,erika.brown9039@yahoo.com,United States,2024-09-09,Premium,1893.73
9040,Hildegart Gotthard-Neuschäfer,hildegart.gotthard.neuschafer9040@hotmail.com,Germany,2020-02-22,Premium,2143.12
9041,Henry Gray,henry.gray9041@yahoo.com,United Kingdom,2020-11-24,Premium,3549.11
9042,Prof. David Niemeier,prof.david.niemeier9042@yahoo.com,Germany,2022-02-03,Standard,1647.34
9043,Margaret Evans,margaret.evans9043@gmail.com,United Kingdom,2025-07-07,Standard,1270.3
9044,Samantha Robinson,samantha.robinson9044@yahoo.com,United States,2025-01-13,Standard,729.14
9045,Steven Rivera,steven.rivera9045@icloud.com,Canada,2021-11-05,Standard,885.26
9046,Lipika Chad,lipika.chad9046@yahoo.com,India,2024-07-21,Standard,1641.28
9047,Cassandra Bonilla,cassandra.bonilla9047@icloud.com,United States,2021-11-01,Basic,310.72
9048,Laure Hervé,laure.herve9048@outlook.com,France,2024-11-12,Basic,117.22
9049,Veronica Osborne,veronica.osborne9049@hotmail.com,United States,2023-03-12,Standard,1339.41
9050,Thomas Souza,thomas.souza9050@hotmail.com,Brazil,2024-03-20,Standard,1065.76
9051,Mrs Stephanie West,mrs.stephanie.west9051@yahoo.com,United Kingdom,2023-09-17,Basic,399.68
9052,Aitor Severino Priego Llobet,aitor.severino.priego.llobet9052@gmail.com,Spain,2020-11-14,Standard,1797.92
9053,Adelasia Venier,adelasia.venier9053@yahoo.com,Italy,2026-06-07,Standard,406.15
9054,Britt Gotthard,britt.gotthard9054@gmail.com,Germany,2026-07-04,Standard,431.54
9055,Sibille Mende,sibille.mende9055@gmail.com,Germany,2021-08-13,Standard,1187.26
9056,Mr. Lawrence Edwards,mr.lawrence.edwards9056@gmail.com,Australia,2022-10-24,Standard,1265.7
9057,Ashley Reese,ashley.reese9057@proton.me,United States,2023-09-28,Premium,1710.63
9058,Lorenzo Avilés Valdés,lorenzo.aviles.valdes9058@proton.me,Spain,2026-01-27,Basic,252.71
9059,Brenda Hinton,brenda.hinton9059@icloud.com,Canada,2021-05-15,Basic,404.89
9060,Bernardo da Mota,bernardo.da.mota9060@gmail.com,Brazil,2023-11-30,Premium,3968.12
9061,Esmée Lips,esmee.lips9061@gmail.com,Netherlands,2023-10-19,Premium,4391.81
9062,Stjepan Klemt,stjepan.klemt9062@gmail.com,Germany,2026-01-26,Standard,237.59
9063,Kathryn Mccann,kathryn.mccann9063@icloud.com,Canada,2023-03-31,Premium,3529.2
9064,Omkaar Rai,omkaar.rai9064@hotmail.com,India,2024-07-03,Standard,1298.49
9065,Matthew Berg,matthew.berg9065@icloud.com,Japan,2021-05-18,Basic,246.66
9066,Manuela Viana,manuela.viana9066@gmail.com,Brazil,2026-06-28,Standard,1143.1
9067,Delia Rodrígez Solano,delia.rodrigez.solano9067@outlook.com,Mexico,2023-06-09,Standard,1316.0
9068,Kristen Montoya,kristen.montoya9068@hotmail.com,United States,2026-08-18,Basic,696.2
9069,Derrick Perkins,derrick.perkins9069@yahoo.com,Japan,2025-09-19,Standard,866.08
9070,Nicole Moore,nicole.moore9070@proton.me,United States,2023-06-04,Standard,1423.32
9071,Román Salomón Grau Ortuño,roman.salomon.grau.ortuno9071@outlook.com,Spain,2024-03-06,Standard,850.61
9072,Clifford Jones,clifford.jones9072@hotmail.com,United Kingdom,2021-10-31,Standard,447.09
9073,Imre Ernst,imre.ernst9073@yahoo.com,Germany,2025-05-03,Standard,1739.43
9074,Lucia Berrè,lucia.berre9074@hotmail.com,Italy,2020-06-24,Premium,3988.37
9075,Liam Luthra,liam.luthra9075@icloud.com,India,2020-06-14,Standard,819.07
9076,Laura Martin,laura.martin9076@gmail.com,United Kingdom,2022-12-23,Premium,1664.22
9077,Nicholas Richardson,nicholas.richardson9077@hotmail.com,United States,2024-06-14,Standard,1562.28
9078,Anna White,anna.white9078@icloud.com,United States,2025-09-07,Standard,1487.59
9079,Jeffrey Roberson,jeffrey.roberson9079@proton.me,Canada,2024-11-02,Premium,2110.62
9080,Sébastien Labbé,sebastien.labbe9080@gmail.com,France,2026-07-16,Premium,3732.03
9081,Scott Lopez,scott.lopez9081@outlook.com,United States,2022-02-01,Basic,313.74
9082,Nicholas Holland Jr.,nicholas.holland.jr9082@outlook.com,United States,2022-05-30,Standard,1031.29
9083,Christopher Long,christopher.long9083@gmail.com,United States,2025-11-22,Basic,155.13
9084,Andrea Jones,andrea.jones9084@outlook.com,United States,2025-05-26,Basic,568.24
9085,Morgan Valencia,morgan.valencia9085@yahoo.com,Australia,2024-08-22,Premium,1202.02
9086,Germán Durán,german.duran9086@hotmail.com,Mexico,2024-04-12,Basic,140.14
9087,Rupert Kraus MBA.,rupert.kraus.mba9087@outlook.com,Germany,2025-03-04,Standard,1611.61
9088,Bianca Wood,bianca.wood9088@proton.me,Australia,2023-11-09,Standard,612.94
9089,Ugolino Opizzi,ugolino.opizzi9089@outlook.com,Italy,2024-09-06,Basic,330.14
9090,Maximino de Iglesia,maximino.de.iglesia9090@yahoo.com,Spain,2020-09-20,Standard,1434.43
9091,Randy Friedman,randy.friedman9091@outlook.com,Canada,2026-08-23,Premium,2288.97
9092,Univ.Prof. Jasmina Liebelt,univ.prof.jasmina.liebelt9092@proton.me,Germany,2020-03-18,Premium,4012.25
9093,Raymond Johnson,raymond.johnson9093@icloud.com,Canada,2023-01-04,Standard,470.67
9094,Terry Waller,terry.waller9094@icloud.com,United States,2024-02-07,Standard,1364.07
9095,Joseph Acosta,joseph.acosta9095@hotmail.com,Japan,2024-03-09,Basic,31.6
9096,Willie Henry,willie.henry9096@gmail.com,Canada,2022-12-19,Basic,368.07
9097,Amrita Tailor,amrita.tailor9097@proton.me,India,2021-06-15,Standard,1714.21
9098,Melissa Jacobi,melissa.jacobi9098@yahoo.com,Netherlands,2026-03-26,Standard,431.28
9099,Lindsey Gray,lindsey.gray9099@yahoo.com,United States,2022-12-10,Standard,206.07
9100,Mauricio Caballero Ariza,mauricio.caballero.ariza9100@icloud.com,Spain,2025-02-16,Standard,1483.79
9101,Juliana Abreu,juliana.abreu9101@gmail.com,Brazil,2022-12-08,Standard,1287.75
9102,Todd Reynolds,todd.reynolds9102@yahoo.com,Canada,2025-01-23,Basic,540.1
9103,Dev Ganesh,dev.ganesh9103@yahoo.com,India,2025-10-31,Basic,29.67
9104,Jacob Stewart,jacob.stewart9104@proton.me,United Kingdom,2022-07-27,Premium,4122.97
9105,Mary Miller,mary.miller9105@proton.me,Canada,2022-07-30,Standard,334.71
9106,Ronald Hines,ronald.hines9106@outlook.com,United States,2025-06-30,Standard,1108.04
9107,Monique Delaunay-Barre,monique.delaunay.barre9107@yahoo.com,France,2026-04-16,Standard,821.75
9108,Tristan Breugelensis,tristan.breugelensis9108@yahoo.com,Netherlands,2022-08-15,Basic,345.67
9109,Amanda Wright,amanda.wright9109@proton.me,United States,2021-10-22,Standard,1486.22
9110,Emma Owens,emma.owens9110@gmail.com,Australia,2026-04-05,Premium,2077.81
9111,Charles Burton,charles.burton9111@icloud.com,United States,2022-01-29,Standard,981.36
9112,Vincent Rosario,vincent.rosario9112@yahoo.com,United States,2020-12-27,Standard,953.03
9113,Janna Geisel B.Sc.,janna.geisel.b.sc9113@proton.me,Germany,2022-09-03,Standard,663.0
9114,Rufino Isidro Aragonés Patiño,rufino.isidro.aragones.patino9114@hotmail.com,Spain,2025-11-04,Standard,172.01
9115,Rebecca Marquez,rebecca.marquez9115@outlook.com,Canada,2020-02-28,Standard,832.5
9116,William Dupont,william.dupont9116@outlook.com,France,2025-12-13,Standard,156.27
9117,Augustin Perrot du Bègue,augustin.perrot.du.begue9117@yahoo.com,France,2026-08-04,Premium,2578.86
9118,Noah Morgan,noah.morgan9118@icloud.com,United States,2025-09-22,Standard,882.98
9119,Anya Sama,anya.sama9119@icloud.com,India,2026-01-21,Standard,1196.43
9120,Christina Castillo,christina.castillo9120@gmail.com,United States,2026-03-28,Basic,676.74
9121,Phileine van Formbach,phileine.van.formbach9121@hotmail.com,Netherlands,2025-10-18,Premium,2375.09
9122,Kevin Herbert,kevin.herbert9122@icloud.com,United Kingdom,2023-07-21,Standard,1427.09
9123,Veda Bose,veda.bose9123@proton.me,India,2021-08-31,Standard,1744.72
9124,Jill Martin,jill.martin9124@hotmail.com,United States,2021-11-16,Standard,1493.46
9125,Robin Wesack,robin.wesack9125@proton.me,Germany,2020-12-16,Standard,1469.62
9126,Olivier-Franck Renaud,olivier.franck.renaud9126@yahoo.com,France,2022-08-04,Basic,576.88
9127,Dr Grace Bowen,dr.grace.bowen9127@icloud.com,United Kingdom,2020-04-30,Premium,2931.21
9128,Joanne Graham-Cooper,joanne.graham.cooper9128@gmail.com,United Kingdom,2020-12-12,Standard,1772.98
9129,Kaique Pastor,kaique.pastor9129@icloud.com,Brazil,2020-01-04,Standard,871.91
9130,Lic. Teresa Salazar,lic.teresa.salazar9130@yahoo.com,Mexico,2020-06-01,Basic,161.04
9131,Ing. Alexej Höfig B.A.,ing.alexej.hofig.b.a9131@outlook.com,Germany,2026-02-24,Standard,981.25
9132,Christa Zahn,christa.zahn9132@yahoo.com,Germany,2025-01-11,Standard,1759.01
9133,Käthe Weimer MBA.,kathe.weimer.mba9133@gmail.com,Germany,2025-05-18,Basic,567.01
9134,Christopher Brown,christopher.brown9134@hotmail.com,United States,2025-02-23,Basic,42.1
9135,Kazim Drewes,kazim.drewes9135@yahoo.com,Germany,2023-09-21,Standard,1314.73
9136,Pauline Ring,pauline.ring9136@icloud.com,Germany,2026-07-12,Premium,2131.01
9137,Kerstin Wernecke,kerstin.wernecke9137@gmail.com,Germany,2024-08-18,Standard,564.16
9138,Lori Martinez,lori.martinez9138@hotmail.com,United States,2024-07-15,Basic,189.49
9139,Ashley Phillips,ashley.phillips9139@proton.me,United States,2024-03-01,Standard,291.28
9140,Rebeca Cassiano,rebeca.cassiano9140@outlook.com,Brazil,2023-12-19,Standard,945.06
9141,Raimund Tschentscher,raimund.tschentscher9141@hotmail.com,Germany,2025-11-18,Standard,377.86
9142,Zayan Koshy,zayan.koshy9142@outlook.com,India,2025-08-30,Standard,271.62
9143,Mariano Montero Paredes,mariano.montero.paredes9143@icloud.com,Mexico,2022-02-24,Standard,664.89
9144,Sara Thomas,sara.thomas9144@yahoo.com,Japan,2022-02-17,Basic,623.51
9145,Dr Sheila Birch,dr.sheila.birch9145@outlook.com,United Kingdom,2021-06-18,Standard,685.25
9146,Allison Simmons,allison.simmons9146@hotmail.com,United States,2025-07-26,Standard,406.42
9147,Inés Yuridia Cantú Cruz,ines.yuridia.cantu.cruz9147@icloud.com,Mexico,2021-12-09,Standard,1452.65
9148,Rohan Shankar,rohan.shankar9148@icloud.com,India,2020-10-20,Basic,537.34
9149,Laetitia Guilbert-Grenier,laetitia.guilbert.grenier9149@yahoo.com,France,2024-11-29,Basic,165.62
9150,Matthew Perez,matthew.perez9150@outlook.com,United States,2020-01-11,Standard,1457.28
9151,Lilia Miguel Ángel Lomeli Pacheco,lilia.miguel.angel.lomeli.pacheco9151@proton.me,Mexico,2020-05-06,Standard,959.9
9152,Janice Henson,janice.henson9152@yahoo.com,United States,2024-11-25,Standard,1506.28
9153,Artemio Marquez Morillo,artemio.marquez.morillo9153@icloud.com,Spain,2024-03-17,Standard,1566.66
9154,Ashley Jackson,ashley.jackson9154@hotmail.com,United States,2021-02-20,Standard,1129.42
9155,Carmelita Font Catalán,carmelita.font.catalan9155@gmail.com,Spain,2025-07-24,Basic,528.75
9156,Brian Sosa,brian.sosa9156@yahoo.com,United States,2020-11-23,Standard,1177.1
9157,Luis Wilson,luis.wilson9157@proton.me,United States,2025-04-13,Basic,421.94
9158,Tamara Huang,tamara.huang9158@gmail.com,United States,2020-09-27,Basic,297.39
9159,Klara Harloff MBA.,klara.harloff.mba9159@outlook.com,Germany,2023-08-01,Standard,1010.35
9160,Cassandra Moreno,cassandra.moreno9160@yahoo.com,United States,2026-03-24,Premium,839.8
9161,Meghan Hernandez,meghan.hernandez9161@hotmail.com,Japan,2020-01-14,Basic,291.15
9162,Elizabeth Roth,elizabeth.roth9162@outlook.com,Japan,2023-07-12,Standard,1013.56
9163,Krishna Modi,krishna.modi9163@outlook.com,India,2021-04-19,Premium,2297.49
9164,David Davis,david.davis9164@proton.me,Australia,2024-11-02,Basic,583.93
9165,Patrik Söding,patrik.soding9165@proton.me,Germany,2020-09-30,Standard,469.57
9166,Brian Hendricks,brian.hendricks9166@hotmail.com,United States,2024-07-20,Premium,3363.78
9167,Holly Williams,holly.williams9167@proton.me,United Kingdom,2024-03-14,Standard,913.99
9168,Meghana Natarajan,meghana.natarajan9168@icloud.com,India,2020-12-12,Standard,529.74
9169,Daniel-Bernard Chauvet,daniel.bernard.chauvet9169@hotmail.com,France,2025-01-23,Standard,698.46
9170,Maxim Wunderink,maxim.wunderink9170@outlook.com,Netherlands,2024-05-29,Basic,284.54
9171,Tasha Cochran,tasha.cochran9171@yahoo.com,United States,2024-09-07,Premium,1519.12
9172,Angela Smith,angela.smith9172@icloud.com,Japan,2021-10-06,Basic,234.45
9173,Isabelle-Jacqueline Girard,isabelle.jacqueline.girard9173@hotmail.com,France,2026-08-07,Standard,1347.79
9174,Christian Dawson,christian.dawson9174@proton.me,Canada,2021-04-17,Standard,1400.37
9175,Nancy Stewart,nancy.stewart9175@gmail.com,Canada,2023-03-27,Premium,3165.87
9176,Brittany Rios,brittany.rios9176@yahoo.com,United States,2023-06-06,Standard,579.17
9177,James Griffith,james.griffith9177@proton.me,United States,2024-05-17,Premium,2885.9
9178,Karen Jones,karen.jones9178@hotmail.com,United States,2020-08-19,Basic,131.76
9179,James Gilbert,james.gilbert9179@icloud.com,Australia,2022-05-03,Basic,430.45
9180,Hélène de la Roux,helene.de.la.roux9180@outlook.com,France,2022-06-01,Basic,72.35
9181,Tina Ramirez,tina.ramirez9181@yahoo.com,United States,2023-01-30,Basic,506.26
9182,Jade Smart-Armstrong,jade.smart.armstrong9182@hotmail.com,United Kingdom,2020-05-05,Basic,345.94
9183,Geraldine King,geraldine.king9183@hotmail.com,United Kingdom,2026-03-31,Standard,1698.59
9184,Zachary White,zachary.white9184@proton.me,United States,2022-05-09,Basic,260.21
9185,Zoe Mendes,zoe.mendes9185@yahoo.com,Brazil,2024-12-15,Standard,1218.13
9186,Hollie Ward,hollie.ward9186@gmail.com,United Kingdom,2023-03-12,Premium,2276.06
9187,Ing. Tadeusz Beckmann MBA.,ing.tadeusz.beckmann.mba9187@hotmail.com,Germany,2025-06-16,Standard,1477.5
9188,Forum Sarraf,forum.sarraf9188@proton.me,India,2022-04-06,Basic,510.67
9189,Francisco Coleman,francisco.coleman9189@icloud.com,United States,2024-04-17,Standard,922.06
9190,Qushi Deshpande,qushi.deshpande9190@hotmail.com,India,2023-07-08,Standard,895.06
9191,Sr(a). María Elena Bueno,sr.a.maria.elena.bueno9191@yahoo.com,Mexico,2020-05-03,Basic,231.37
9192,Jennifer Leon,jennifer.leon9192@gmail.com,United States,2021-10-30,Standard,1180.56
9193,Lucas Rémy,lucas.remy9193@outlook.com,France,2022-04-13,Standard,1365.66
9194,Robert Valdez,robert.valdez9194@icloud.com,United States,2025-01-04,Standard,610.07
9195,Jason Crawford,jason.crawford9195@proton.me,United States,2024-05-10,Standard,594.73
9196,Aaron Parker,aaron.parker9196@hotmail.com,Canada,2025-09-04,Standard,1112.15
9197,Ekani Iyer,ekani.iyer9197@gmail.com,India,2025-10-28,Basic,374.8
9198,Kim Underwood,kim.underwood9198@gmail.com,United States,2023-05-01,Premium,3363.0
9199,Russell Coates,russell.coates9199@gmail.com,United Kingdom,2023-03-14,Standard,1283.55
9200,Sean Moore,sean.moore9200@outlook.com,Australia,2025-03-25,Standard,905.77
9201,Geza Christoph,geza.christoph9201@outlook.com,Germany,2023-05-14,Standard,1348.46
9202,Sonia Drubin B.A.,sonia.drubin.b.a9202@hotmail.com,Germany,2020-09-18,Premium,2035.97
9203,Ruben Walter B.Eng.,ruben.walter.b.eng9203@proton.me,Germany,2021-10-30,Standard,607.49
9204,Kevin Fisher,kevin.fisher9204@outlook.com,United States,2021-01-05,Basic,190.84
9205,Melissa Goodman,melissa.goodman9205@outlook.com,United States,2024-04-12,Basic,186.48
9206,Derrick Anderson,derrick.anderson9206@icloud.com,Canada,2020-05-06,Standard,832.94
9207,Mercedes Roth,mercedes.roth9207@icloud.com,Italy,2021-04-16,Standard,180.7
9208,Dipta Goel,dipta.goel9208@outlook.com,India,2025-12-31,Standard,907.43
9209,Cynthia Smith,cynthia.smith9209@hotmail.com,Japan,2024-01-07,Premium,1508.14
9210,Eiravati Manne,eiravati.manne9210@icloud.com,India,2022-06-01,Basic,430.43
9211,Alicia Grant DVM,alicia.grant.dvm9211@outlook.com,United States,2024-05-31,Basic,330.0
9212,Xavier Nanda,xavier.nanda9212@hotmail.com,India,2023-06-01,Basic,571.69
9213,Bjorn Speijer,bjorn.speijer9213@gmail.com,Netherlands,2025-05-16,Basic,70.26
9214,Dr. Louise Etzold,dr.louise.etzold9214@hotmail.com,Germany,2024-07-22,Basic,521.0
9215,Dr. Yuri Teixeira,dr.yuri.teixeira9215@hotmail.com,Brazil,2020-10-13,Standard,533.51
9216,Amy Bailey,amy.bailey9216@icloud.com,United States,2024-05-25,Standard,1031.33
9217,Sharon Fuentes,sharon.fuentes9217@yahoo.com,United States,2021-08-06,Basic,301.8
9218,Geoffrey Fisher,,United Kingdom,2025-10-13,Standard,194.92
9219,Charles Castaneda,charles.castaneda9219@hotmail.com,United States,2024-02-09,Basic,211.84
9220,Rudolph Haering B.Sc.,rudolph.haering.b.sc9220@gmail.com,Germany,2023-07-05,Standard,639.96
9221,Gastone Interiano,gastone.interiano9221@yahoo.com,Italy,2022-11-17,Basic,463.64
9222,Dr Elliot Fletcher,dr.elliot.fletcher9222@yahoo.com,United Kingdom,2021-03-22,Standard,777.48
9223,Susan Sanchez,susan.sanchez9223@icloud.com,United States,2020-05-08,Basic,497.93
9224,Maria Flor Marques,maria.flor.marques9224@icloud.com,Brazil,2022-10-19,Basic,644.57
9225,Amy Taylor,amy.taylor9225@gmail.com,United States,2020-04-06,Basic,422.72
9226,Nisa van Beeck,nisa.van.beeck9226@outlook.com,Netherlands,2022-10-05,Basic,241.91
9227,Glenn Taylor,glenn.taylor9227@outlook.com,United Kingdom,2024-06-23,Standard,1171.34
9228,Avni Ramaswamy,avni.ramaswamy9228@gmail.com,India,2020-11-22,Standard,1596.32
9229,Michele Bennett,michele.bennett9229@outlook.com,United States,2021-06-28,Basic,34.84
9230,Vincent Watson,vincent.watson9230@gmail.com,United States,2023-07-07,Standard,689.64
9231,Capucine Bazin,capucine.bazin9231@proton.me,France,2021-08-18,Standard,1003.49
9232,Flavio Irene Carrillo Páez,flavio.irene.carrillo.paez9232@gmail.com,Mexico,2021-12-15,Standard,1493.38
9233,Adrien Dias,adrien.dias9233@icloud.com,France,2022-03-19,Basic,177.69
9234,Elias Huijzing,elias.huijzing9234@hotmail.com,Netherlands,2023-06-26,Basic,38.45
9235,Jerry Peters,jerry.peters9235@outlook.com,Canada,2023-08-05,Standard,1739.21
9236,Mary Jones,mary.jones9236@proton.me,United States,2021-12-18,Basic,592.83
9237,Valentina del Valls,valentina.del.valls9237@outlook.com,Spain,2020-08-05,Basic,214.91
9238,Sheila Johnson,sheila.johnson9238@gmail.com,United States,2025-12-29,Standard,1199.92
9239,Severo Córdoba-Jimenez,severo.cordoba.jimenez9239@hotmail.com,Spain,2022-10-03,Standard,1203.43
9240,Mitchell Wallace,mitchell.wallace9240@yahoo.com,United Kingdom,2022-05-18,Standard,1798.62
9241,Kieran Ferguson,kieran.ferguson9241@outlook.com,United Kingdom,2023-02-26,Standard,254.85
9242,Lily van de Berg,lily.van.de.berg9242@gmail.com,Netherlands,2022-06-21,Basic,390.61
9243,Kenneth Edwards,kenneth.edwards9243@hotmail.com,Australia,2025-02-06,Standard,868.73
9244,Mr Tony Bradshaw,mr.tony.bradshaw9244@gmail.com,United Kingdom,2020-11-07,Basic,661.83
9245,Kathleen Robertson,kathleen.robertson9245@icloud.com,Australia,2021-12-09,Basic,369.34
9246,Ishaan Iyengar,ishaan.iyengar9246@outlook.com,India,2022-05-10,Basic,687.9
9247,Mitchell Davies,mitchell.davies9247@proton.me,United Kingdom,2022-12-09,Basic,256.42
9248,Lucas Guibert,lucas.guibert9248@hotmail.com,France,2021-05-28,Basic,384.74
9249,Sr. Isaque Oliveira,sr.isaque.oliveira9249@proton.me,Brazil,2020-01-10,Standard,1783.07
9250,Bob Jones,bob.jones9250@yahoo.com,United States,2025-09-06,Standard,1324.15
9251,Rosa Koning,rosa.koning9251@gmail.com,Netherlands,2022-09-29,Basic,198.69
9252,Robin Hernandez,robin.hernandez9252@proton.me,United States,2023-01-24,Standard,979.93
9253,Mr. Alexander Landry MD,mr.alexander.landry.md9253@gmail.com,Australia,2024-03-13,Standard,1033.87
9254,Cecilia Lupo,cecilia.lupo9254@proton.me,Italy,2022-12-02,Premium,2079.34
9255,Rosenda Marquez Nevado,rosenda.marquez.nevado9255@outlook.com,Spain,2024-09-06,Basic,77.7
9256,Patrick Adkins,patrick.adkins9256@icloud.com,United States,2020-04-04,Standard,1213.72
9257,Elizabeth Jenkins,elizabeth.jenkins9257@icloud.com,United States,2023-11-29,Basic,331.67
9258,Avi Shenoy,avi.shenoy9258@yahoo.com,India,2023-09-06,Standard,151.75
9259,Richard Dominguez,richard.dominguez9259@icloud.com,United States,2023-01-22,Standard,526.04
9260,Cindy Gomez,cindy.gomez9260@outlook.com,Australia,2023-01-16,Basic,536.95
9261,Alexander Gomez,alexander.gomez9261@proton.me,Canada,2023-08-05,Standard,177.83
9262,Raksha Manne,raksha.manne9262@yahoo.com,India,2022-05-13,Premium,2113.21
9263,Joaquín Benet Chico,joaquin.benet.chico9263@hotmail.com,Spain,2026-04-13,Standard,174.9
9264,Isabel Vasconcelos,isabel.vasconcelos9264@proton.me,Brazil,2022-02-12,Standard,1551.07
9265,Christopher Ibarra,christopher.ibarra9265@outlook.com,United States,2022-05-06,Basic,528.56
9266,Paul Gordon,paul.gordon9266@hotmail.com,United States,2021-08-05,Premium,2024.05
9267,Liam O'Neill,liam.o.neill9267@proton.me,United Kingdom,2024-02-15,Basic,659.06
9268,Valentine Gilles,valentine.gilles9268@hotmail.com,France,2021-08-27,Basic,228.54
9269,Katharine Holt,katharine.holt9269@hotmail.com,Germany,2023-11-14,Basic,323.74
9270,Guy Le Renault,guy.le.renault9270@yahoo.com,France,2022-09-22,Standard,1425.25
9271,Ronnie Frazier,ronnie.frazier9271@gmail.com,United States,2026-06-26,Standard,281.09
9272,Kyle Nguyen,kyle.nguyen9272@icloud.com,Canada,2023-12-18,Basic,394.19
9273,Edgar Hughes,edgar.hughes9273@yahoo.com,Canada,2025-12-08,Basic,35.21
9274,Ana Clara Dias,ana.clara.dias9274@outlook.com,Brazil,2025-05-29,Premium,4015.54
9275,Steven Stein,steven.stein9275@icloud.com,Canada,2024-12-30,Standard,169.99
9276,Sra. Maria Helena Gomes,sra.maria.helena.gomes9276@icloud.com,Brazil,2026-04-22,Standard,746.25
9277,Nilima Tata,nilima.tata9277@proton.me,India,2025-11-10,Standard,1397.19
9278,Chavvi Khurana,chavvi.khurana9278@proton.me,India,2020-03-13,Basic,533.74
9279,Dr Nicholas Wells,dr.nicholas.wells9279@hotmail.com,United Kingdom,2021-10-06,Standard,1270.21
9280,Bethany Mann,bethany.mann9280@hotmail.com,United Kingdom,2020-01-15,Basic,640.74
9281,Ing. Nikolai Hornich,ing.nikolai.hornich9281@icloud.com,Germany,2025-09-10,Standard,1008.67
9282,Tara van Riet,tara.van.riet9282@gmail.com,Netherlands,2026-07-02,Standard,202.58
9283,Kristen Gallegos,kristen.gallegos9283@hotmail.com,United States,2023-10-30,Basic,472.53
9284,Kathryn Fletcher,kathryn.fletcher9284@outlook.com,United States,2024-06-27,Basic,420.16
9285,Christopher Dudley,christopher.dudley9285@hotmail.com,United States,2023-03-23,Standard,184.43
9286,Nicola Davison,nicola.davison9286@outlook.com,United Kingdom,2025-12-23,Standard,1792.76
9287,Vanessa Martinez,vanessa.martinez9287@yahoo.com,United States,2020-06-18,Premium,3127.75
9288,Manuel Robinson,manuel.robinson9288@outlook.com,United States,2020-02-23,Standard,538.62
9289,Paul Hansen,paul.hansen9289@hotmail.com,United States,2020-11-26,Basic,465.59
9290,Johnny Khan,johnny.khan9290@gmail.com,Australia,2021-05-09,Premium,1014.32
9291,Rose Mcdonald,rose.mcdonald9291@hotmail.com,United States,2025-06-23,Basic,437.04
9292,Sr(a). Víctor Torres,sr.a.victor.torres9292@gmail.com,Mexico,2024-06-05,Standard,1189.83
9293,Tito del Paz,tito.del.paz9293@hotmail.com,Spain,2020-12-04,Basic,549.22
9294,Charlie Lawson,charlie.lawson9294@proton.me,United Kingdom,2024-09-17,Standard,259.36
9295,Martin Wilcox,martin.wilcox9295@proton.me,United States,2026-06-05,Standard,451.87
9296,Mr Joel Smith,mr.joel.smith9296@outlook.com,United Kingdom,2021-07-07,Basic,502.39
9297,Laura Jackson,laura.jackson9297@gmail.com,Canada,2022-02-28,Premium,819.11
9298,Julie Herrera,julie.herrera9298@gmail.com,Australia,2025-11-19,Standard,299.46
9299,Robert Lucas,robert.lucas9299@icloud.com,United States,2020-07-10,Premium,4332.59
9300,Joshua Hopkins-Humphreys,joshua.hopkins.humphreys9300@proton.me,United Kingdom,2024-04-18,Basic,505.16
9301,Brian Miller,brian.miller9301@gmail.com,United States,2026-03-02,Standard,1474.7
9302,Sarah Johnson,sarah.johnson9302@proton.me,United States,2022-08-21,Premium,2615.72
9303,Joshua Jones,joshua.jones9303@outlook.com,United States,2024-04-13,Basic,195.19
9304,Ben Baxter,ben.baxter9304@gmail.com,United Kingdom,2020-06-05,Standard,1454.7
9305,Nicole Parker,nicole.parker9305@hotmail.com,United States,2022-08-28,Standard,897.66
9306,Charles Turner,charles.turner9306@icloud.com,Canada,2021-11-04,Premium,1252.32
9307,Margaret Johnson,margaret.johnson9307@gmail.com,United States,2025-02-23,Premium,3049.88
9308,Arthur Hamilton MD,arthur.hamilton.md9308@outlook.com,Canada,2025-04-12,Standard,1707.63
9309,Mr. David Wright,mr.david.wright9309@gmail.com,Canada,2021-03-04,Standard,902.57
9310,Jessica Khan,jessica.khan9310@hotmail.com,Australia,2023-01-16,Standard,1585.33
9311,Leila Hethur,leila.hethur9311@outlook.com,Germany,2026-01-18,Standard,900.0
9312,Bernard Bell,bernard.bell9312@icloud.com,United Kingdom,2020-03-28,Basic,568.75
9313,William Cunningham,william.cunningham9313@proton.me,United States,2025-03-03,Basic,241.14
9314,Mitesh Sampath,mitesh.sampath9314@proton.me,India,2023-02-18,Basic,653.87
9315,Liliana Ayala,liliana.ayala9315@gmail.com,Mexico,2026-07-16,Basic,508.39
9316,Ethan Sen,ethan.sen9316@proton.me,India,2022-06-09,Basic,660.56
9317,Linda Gonzalez,linda.gonzalez9317@icloud.com,Canada,2024-07-05,Standard,508.4
9318,Rachel Williams,rachel.williams9318@gmail.com,United States,2023-03-29,Standard,503.11
9319,Tony Smith,tony.smith9319@yahoo.com,United States,2020-04-11,Standard,1499.41
9320,Douglas Sanders,douglas.sanders9320@hotmail.com,United States,2020-05-12,Premium,1369.48
9321,Valentina Spadafora,valentina.spadafora9321@hotmail.com,Italy,2023-12-02,Standard,887.01
9322,Paul Swanson,paul.swanson9322@proton.me,United States,2024-11-13,Basic,558.18
9323,Michele Davis,michele.davis9323@hotmail.com,United States,2022-05-13,Standard,713.47
9324,Patrick Garcia,patrick.garcia9324@yahoo.com,United States,2022-04-08,Premium,3917.94
9325,Diana Johnson,diana.johnson9325@yahoo.com,United Kingdom,2021-01-02,Standard,1730.42
9326,Norma Jos Samaniego,norma.jos.samaniego9326@yahoo.com,Mexico,2022-10-13,Basic,392.26
9327,Brittany Matthews,brittany.matthews9327@proton.me,Japan,2022-11-23,Standard,1756.06
9328,Nisa Vink,nisa.vink9328@proton.me,Netherlands,2020-02-23,Standard,1290.77
9329,Benjamin Gilles,benjamin.gilles9329@proton.me,France,2020-11-19,Premium,3655.56
9330,Eric Rush,eric.rush9330@outlook.com,Canada,2023-06-01,Basic,181.37
9331,Rhys Clark,rhys.clark9331@outlook.com,United Kingdom,2025-03-17,Basic,110.64
9332,Kevin Christian,kevin.christian9332@hotmail.com,United States,2021-03-14,Basic,373.66
9333,Christian Ford,christian.ford9333@icloud.com,United States,2021-01-23,Basic,599.45
9334,Anna Higgins,anna.higgins9334@hotmail.com,Japan,2024-10-22,Basic,641.18
9335,Rhonda Pena,rhonda.pena9335@outlook.com,United States,2021-09-15,Basic,351.7
9336,Lars Eijkelboom,lars.eijkelboom9336@hotmail.com,Netherlands,2021-04-14,Premium,2472.4
9337,Candace Stuart,candace.stuart9337@hotmail.com,United States,2025-12-27,Standard,1213.88
9338,Monica Curtis,monica.curtis9338@proton.me,United States,2023-06-12,Premium,2548.84
9339,Gloria Floyd,gloria.floyd9339@icloud.com,United States,2023-06-27,Standard,1089.3
9340,Isaac Chase,isaac.chase9340@hotmail.com,United States,2023-04-10,Basic,256.38
9341,Anne Sullivan,anne.sullivan9341@hotmail.com,United Kingdom,2024-04-04,Standard,1527.09
9342,Nandini Warrior,nandini.warrior9342@hotmail.com,India,2025-05-29,Basic,174.24
9343,Rowan Nihoe,rowan.nihoe9343@outlook.com,Netherlands,2020-12-28,Standard,1635.84
9344,Steven Schroeder,steven.schroeder9344@proton.me,United States,2021-10-21,Basic,464.3
9345,Balhaar Parsa,balhaar.parsa9345@proton.me,India,2020-05-03,Premium,3302.51
9346,Daniel Bishop,daniel.bishop9346@icloud.com,United States,2023-12-16,Basic,677.22
9347,Hortense-Alex Roger,hortense.alex.roger9347@proton.me,France,2020-11-10,Standard,1792.73
9348,Christian Burton,christian.burton9348@icloud.com,United States,2024-04-05,Basic,451.04
9349,Robert Thomas PhD,robert.thomas.phd9349@yahoo.com,United States,2020-08-25,Standard,954.65
9350,Cengiz Weitzel,cengiz.weitzel9350@outlook.com,Germany,2026-08-17,Standard,1308.33
9351,Adam Bennett,adam.bennett9351@proton.me,United Kingdom,2023-11-12,Standard,1187.76
9352,Tracy Harrington,tracy.harrington9352@icloud.com,United States,2023-04-07,Premium,1265.11
9353,Pamela Diaz,pamela.diaz9353@proton.me,Australia,2026-07-02,Standard,1649.3
9354,Kelly Lee,kelly.lee9354@hotmail.com,Australia,2022-01-28,Standard,1410.51
9355,Brandon Edwards,brandon.edwards9355@proton.me,United States,2024-07-31,Standard,1241.71
9356,Zara Zaal,zara.zaal9356@yahoo.com,Netherlands,2020-04-19,Basic,413.59
9357,Candice Ramirez,candice.ramirez9357@gmail.com,United States,2025-11-08,Standard,1686.25
9358,Brandon White,brandon.white9358@icloud.com,United States,2022-04-18,Standard,680.86
9359,Manuel Brock,manuel.brock9359@proton.me,Canada,2025-11-09,Standard,1165.64
9360,Ruperto Prat Alcalá,ruperto.prat.alcala9360@yahoo.com,Spain,2023-03-10,Standard,636.41
9361,Dorothée Da Silva,dorothee.da.silva9361@gmail.com,France,2024-10-04,Standard,388.01
9362,Senn de Roo,senn.de.roo9362@hotmail.com,Netherlands,2023-04-03,Standard,1168.44
9363,Adam Thornton,adam.thornton9363@outlook.com,United Kingdom,2021-06-18,Standard,481.71
9364,Dr Russell Pritchard,dr.russell.pritchard9364@yahoo.com,United Kingdom,2023-05-21,Standard,189.9
9365,Virginie Lemoine,virginie.lemoine9365@proton.me,France,2021-12-06,Standard,703.74
9366,Frau Erica Sölzer,frau.erica.solzer9366@yahoo.com,Germany,2026-04-13,Basic,52.35
9367,Norman Allen,norman.allen9367@outlook.com,United Kingdom,2025-11-25,Basic,279.9
9368,Niko Eigenwillig-Hering,niko.eigenwillig.hering9368@yahoo.com,Germany,2022-07-03,Premium,4221.25
9369,Jack Thompson,jack.thompson9369@gmail.com,United Kingdom,2021-06-19,Standard,1719.14
9370,George Ochoa,george.ochoa9370@hotmail.com,Canada,2024-05-30,Basic,175.49
9371,Deanna Kennedy,deanna.kennedy9371@gmail.com,United States,2024-12-16,Basic,526.04
9372,Shawn Santos,shawn.santos9372@hotmail.com,United States,2024-10-08,Standard,450.47
9373,Angel Gordon,angel.gordon9373@outlook.com,Australia,2024-06-30,Basic,295.75
9374,Hidde van der Linden,hidde.van.der.linden9374@gmail.com,Netherlands,2024-08-15,Standard,259.78
9375,Ms Rosie Jenkins,ms.rosie.jenkins9375@hotmail.com,United Kingdom,2021-03-03,Standard,1284.66
9376,Caleb Carroll,caleb.carroll9376@icloud.com,United States,2023-05-01,Standard,1209.95
9377,Scott Morales,scott.morales9377@proton.me,United States,2023-09-01,Premium,885.13
9378,Koen Zijlmans,koen.zijlmans9378@hotmail.com,Netherlands,2022-11-30,Standard,1320.22
9379,Alphons Giradello,alphons.giradello9379@hotmail.com,Italy,2024-08-30,Standard,1032.22
9380,Valerie Taylor,valerie.taylor9380@gmail.com,Canada,2022-07-14,Standard,562.05
9381,Sylvia Anderson,sylvia.anderson9381@hotmail.com,United States,2020-07-09,Standard,1425.49
9382,Ryan Crane,ryan.crane9382@icloud.com,United States,2023-03-18,Standard,1201.39
9383,Michael Hunter,michael.hunter9383@yahoo.com,Japan,2022-11-15,Standard,623.45
9384,Dott. Graziella Vigorelli,dott.graziella.vigorelli9384@icloud.com,Italy,2026-01-07,Premium,4028.81
9385,Alfred Petit Le Duhamel,alfred.petit.le.duhamel9385@outlook.com,France,2022-10-14,Standard,953.88
9386,Catherine Daniel Le De Sousa,catherine.daniel.le.de.sousa9386@outlook.com,France,2023-06-29,Standard,1482.23
9387,Shawn Fleming,shawn.fleming9387@proton.me,United States,2026-06-28,Standard,203.79
9388,Maria Figueroa,maria.figueroa9388@proton.me,United States,2025-03-09,Basic,408.52
9389,Virginie Lucas-Bodin,virginie.lucas.bodin9389@gmail.com,France,2021-11-24,Basic,366.85
9390,Ikbal Kothari,ikbal.kothari9390@outlook.com,India,2025-10-30,Standard,1074.09
9391,Roberto Smith,roberto.smith9391@gmail.com,Japan,2021-02-09,Premium,2556.86
9392,Donna Moore,donna.moore9392@hotmail.com,United States,2025-06-29,Standard,1658.97
9393,Marc Thomas-Ball,marc.thomas.ball9393@icloud.com,United Kingdom,2023-10-16,Premium,3885.06
9394,Benjamin Price,benjamin.price9394@icloud.com,United States,2021-01-28,Standard,614.94
9395,Nurettin Jungfer-Hentschel,nurettin.jungfer.hentschel9395@outlook.com,Germany,2020-02-27,Basic,26.34
9396,Brandon Owens,brandon.owens9396@icloud.com,United States,2021-10-17,Premium,3150.29
9397,Clarice Monteiro,clarice.monteiro9397@outlook.com,Brazil,2021-01-31,Standard,1410.34
9398,Ms Jessica Morris,ms.jessica.morris9398@proton.me,United Kingdom,2023-04-25,Premium,3369.78
9399,Stephanie Marshall,stephanie.marshall9399@hotmail.com,United States,2022-10-28,Standard,1505.35
9400,Ojas Basu,ojas.basu9400@icloud.com,India,2025-01-28,Basic,379.16
9401,Julio Casals-Sanz,julio.casals.sanz9401@yahoo.com,Spain,2026-03-03,Basic,241.17
9402,Nicholas Lowery,nicholas.lowery9402@hotmail.com,United States,2020-06-28,Basic,399.24
9403,Joanna Brown-Warren,joanna.brown.warren9403@icloud.com,United Kingdom,2020-04-15,Standard,348.21
9404,Travis Harris,travis.harris9404@icloud.com,Canada,2025-09-25,Premium,3386.31
9405,Patricia Gonzalez,patricia.gonzalez9405@outlook.com,United States,2022-03-10,Standard,403.73
9406,Amelia Figueroa,amelia.figueroa9406@icloud.com,Mexico,2025-05-16,Standard,1446.86
9407,Garima Sani,garima.sani9407@proton.me,India,2021-09-25,Premium,3596.31
9408,Evan Davies,evan.davies9408@hotmail.com,United States,2020-10-15,Premium,3977.2
9409,Dr. John Ramirez,dr.john.ramirez9409@hotmail.com,United States,2026-05-28,Basic,659.19
9410,Christopher Harrison,christopher.harrison9410@proton.me,United States,2026-08-14,Standard,1708.86
9411,Denise White-Hughes,denise.white.hughes9411@gmail.com,United Kingdom,2024-02-09,Standard,724.86
9412,Paulina César Loera Quezada,paulina.cesar.loera.quezada9412@gmail.com,Mexico,2026-06-27,Basic,65.17
9413,Erica Johnson,erica.johnson9413@proton.me,United States,2021-06-03,Standard,371.25
9414,Laetitia Olivier,laetitia.olivier9414@proton.me,France,2023-06-16,Basic,654.21
9415,Jacques Goncalves,jacques.goncalves9415@hotmail.com,France,2022-06-06,Standard,1418.7
9416,Jamie Mayer,jamie.mayer9416@icloud.com,United States,2021-11-17,Basic,288.55
9417,Vincent Novak,vincent.novak9417@proton.me,Canada,2026-01-23,Standard,1230.76
9418,Advaith Chaudhari,advaith.chaudhari9418@outlook.com,India,2020-12-28,Premium,1320.94
9419,Diana Hays,diana.hays9419@yahoo.com,Australia,2022-09-09,Standard,1551.15
9420,Michael Henry,michael.henry9420@hotmail.com,Canada,2021-08-31,Basic,463.38
9421,Jeffrey Kennedy,jeffrey.kennedy9421@proton.me,United States,2022-06-01,Standard,1496.47
9422,Sean Cisneros,sean.cisneros9422@hotmail.com,United States,2020-11-30,Standard,194.13
9423,Glenn Gibson-Taylor,glenn.gibson.taylor9423@icloud.com,United Kingdom,2025-06-22,Standard,180.61
9424,Tristan Uppal,tristan.uppal9424@icloud.com,India,2024-08-03,Premium,3462.43
9425,Sanaya Prasad,sanaya.prasad9425@gmail.com,India,2023-05-04,Premium,2531.66
9426,Leanne Simpson,leanne.simpson9426@proton.me,United Kingdom,2021-10-04,Standard,458.72
9427,Ubika Tella,ubika.tella9427@icloud.com,India,2021-01-27,Standard,1553.84
9428,Nerea Juárez Piquer,nerea.juarez.piquer9428@gmail.com,Spain,2020-10-17,Standard,1166.36
9429,Debra Reid,debra.reid9429@proton.me,United States,2021-10-24,Standard,706.36
9430,Dana Bennett,dana.bennett9430@icloud.com,Canada,2025-06-04,Standard,574.81
9431,Davi Lucas Montenegro,davi.lucas.montenegro9431@icloud.com,Brazil,2021-12-14,Standard,1061.83
9432,Barbara Hester,barbara.hester9432@hotmail.com,Australia,2023-11-20,Basic,592.2
9433,Carlos Anaya,carlos.anaya9433@hotmail.com,Mexico,2022-01-29,Basic,584.06
9434,Jenna Wilson,jenna.wilson9434@proton.me,Canada,2020-04-02,Standard,1473.57
9435,Benjamin Sullivan,,United States,2023-03-14,Basic,675.98
9436,Hemani Bakshi,hemani.bakshi9436@outlook.com,India,2025-01-02,Standard,392.32
9437,Michael Savage,michael.savage9437@yahoo.com,Japan,2023-09-14,Standard,1501.81
9438,Joséphine Wagner,josephine.wagner9438@outlook.com,France,2024-09-23,Standard,1308.63
9439,Leslie Gardner,leslie.gardner9439@hotmail.com,Canada,2020-02-24,Premium,2056.0
9440,Henry Merchant,henry.merchant9440@gmail.com,India,2021-06-07,Basic,281.62
9441,Mckenzie Green,mckenzie.green9441@proton.me,United States,2022-02-05,Standard,1215.11
9442,Aimé Gallet,aime.gallet9442@hotmail.com,France,2020-06-01,Premium,4400.45
9443,Shaun Phillips,shaun.phillips9443@icloud.com,United Kingdom,2020-06-11,Standard,1223.95
9444,Anna Valenzuela,anna.valenzuela9444@outlook.com,Japan,2023-01-08,Basic,59.17
9445,Asunción Guillen Soto,asuncion.guillen.soto9445@hotmail.com,Spain,2025-06-07,Basic,590.41
9446,Krista Benton,krista.benton9446@hotmail.com,Canada,2023-03-29,Standard,550.65
9447,Paul Martin,paul.martin9447@gmail.com,Japan,2025-12-16,Standard,875.12
9448,Lucie Duhamel,lucie.duhamel9448@icloud.com,France,2020-05-01,Basic,88.78
9449,Robert Morgan,robert.morgan9449@gmail.com,Australia,2020-05-31,Basic,584.93
9450,Jason Alvarez,jason.alvarez9450@proton.me,United States,2025-02-27,Standard,1421.03
9451,Caitlyn Horton,caitlyn.horton9451@gmail.com,United States,2022-12-17,Basic,115.86
9452,Emmanuel du Launay,emmanuel.du.launay9452@yahoo.com,France,2022-03-08,Premium,3689.65
9453,Michael Gonzales,michael.gonzales9453@outlook.com,Canada,2025-02-13,Standard,1773.74
9454,Lizzy de Grunt,lizzy.de.grunt9454@icloud.com,Netherlands,2022-02-05,Basic,598.06
9455,Mrs Barbara Williams,mrs.barbara.williams9455@hotmail.com,United Kingdom,2024-01-14,Basic,259.26
9456,Dr Norman Carter,dr.norman.carter9456@hotmail.com,United Kingdom,2026-04-02,Standard,783.89
9457,Michael Fuentes,michael.fuentes9457@gmail.com,Canada,2024-10-11,Basic,205.48
9458,Pier Caboto,pier.caboto9458@hotmail.com,Italy,2025-11-20,Premium,2283.17
9459,Michael Price,michael.price9459@icloud.com,Japan,2025-04-21,Premium,966.36
9460,Richard Harper,richard.harper9460@outlook.com,United States,2023-12-14,Standard,1207.77
9461,Dr Matthew Lewis,dr.matthew.lewis9461@yahoo.com,United Kingdom,2022-09-04,Standard,1175.81
9462,Charlotte Kemp,charlotte.kemp9462@icloud.com,United Kingdom,2022-12-23,Standard,1760.03
9463,Reece Kirk,reece.kirk9463@hotmail.com,United Kingdom,2020-01-25,Standard,345.14
9464,Marguerite de Maréchal,marguerite.de.marechal9464@outlook.com,France,2020-05-24,Standard,1379.56
9465,Michael Jensen,michael.jensen9465@yahoo.com,United States,2025-05-29,Premium,3032.42
9466,Mr Nicholas O'Connor,mr.nicholas.o.connor9466@gmail.com,United Kingdom,2020-09-25,Standard,1124.39
9467,Frederick D’Alia,frederick.dalia9467@yahoo.com,India,2025-12-30,Standard,1561.58
9468,Mr Matthew Smith,mr.matthew.smith9468@icloud.com,United Kingdom,2023-11-27,Standard,611.02
9469,William Mcmillan,william.mcmillan9469@icloud.com,United States,2021-02-26,Standard,556.15
9470,Martín Mosquera Giralt,martin.mosquera.giralt9470@yahoo.com,Spain,2023-03-28,Premium,3270.61
9471,Jaqueline Faust-Rust,jaqueline.faust.rust9471@hotmail.com,Germany,2020-12-22,Premium,821.49
9472,Nancy Stewart,nancy.stewart9472@proton.me,United States,2024-03-25,Standard,1443.23
9473,Peter Bell,peter.bell9473@yahoo.com,United Kingdom,2024-04-01,Premium,1776.84
9474,Ijaya Muni,ijaya.muni9474@gmail.com,India,2026-08-26,Standard,1145.96
9475,Lydia Liebelt,lydia.liebelt9475@outlook.com,Germany,2022-07-03,Standard,1096.18
9476,Jimmy Hernandez,jimmy.hernandez9476@outlook.com,United States,2022-04-21,Basic,231.39
9477,Inken Bruder-Schulz,inken.bruder.schulz9477@proton.me,Germany,2025-10-17,Standard,500.19
9478,Jennifer Porter,jennifer.porter9478@gmail.com,Canada,2024-05-20,Standard,299.62
9479,Maximino Simó Matas,maximino.simo.matas9479@proton.me,Spain,2025-05-22,Basic,283.59
9480,Damiano Scalfaro,damiano.scalfaro9480@outlook.com,Italy,2025-11-14,Standard,1040.45
9481,Ashley Cordova,ashley.cordova9481@icloud.com,United States,2024-08-23,Standard,418.23
9482,Joseph Smith,joseph.smith9482@proton.me,United States,2025-01-05,Basic,521.84
9483,Tamanna Jhaveri,tamanna.jhaveri9483@gmail.com,India,2023-08-08,Premium,1039.71
9484,Dr. Cristobal Márquez,dr.cristobal.marquez9484@gmail.com,Mexico,2024-02-26,Standard,1545.73
9485,Nigel Robertson-West,nigel.robertson.west9485@yahoo.com,United Kingdom,2025-12-17,Basic,228.85
9486,Joe Woods,joe.woods9486@outlook.com,United Kingdom,2026-01-11,Basic,661.15
9487,Hans-Wolfgang Pieper,hans.wolfgang.pieper9487@outlook.com,Germany,2024-03-13,Standard,1535.96
9488,Ijaya Soni,ijaya.soni9488@hotmail.com,India,2025-10-13,Premium,928.55
9489,Dana Hopkins,dana.hopkins9489@hotmail.com,Canada,2022-05-08,Premium,2724.8
9490,Éric Joly,eric.joly9490@outlook.com,France,2026-07-09,Basic,98.65
9491,Nicole Gonzalez,nicole.gonzalez9491@proton.me,Australia,2022-12-07,Standard,1332.72
9492,Ronnie Martinez,ronnie.martinez9492@outlook.com,United States,2025-10-15,Premium,3571.83
9493,Bethan Holland,bethan.holland9493@outlook.com,United Kingdom,2025-08-09,Premium,1176.01
9494,Dr Hilary Williams,dr.hilary.williams9494@yahoo.com,United Kingdom,2025-03-20,Standard,492.64
9495,Wayne Davis,wayne.davis9495@outlook.com,United States,2021-05-29,Standard,829.23
9496,William Fisher,william.fisher9496@proton.me,United States,2020-08-12,Premium,1168.65
9497,Carol Gray,carol.gray9497@gmail.com,United States,2021-06-15,Standard,272.54
9498,Eraldo Tarantini,eraldo.tarantini9498@gmail.com,Italy,2025-06-07,Standard,1520.19
9499,Tristan Bonilla,tristan.bonilla9499@yahoo.com,United States,2023-02-20,Standard,153.4
9500,Raksha Sethi,raksha.sethi9500@proton.me,India,2024-03-17,Basic,165.44
9501,Margot Menard,margot.menard9501@hotmail.com,France,2023-02-11,Premium,2292.81
9502,Alexis Cervantes,alexis.cervantes9502@icloud.com,United States,2025-07-21,Premium,1432.9
9503,Steven Shaw,steven.shaw9503@outlook.com,United States,2020-12-27,Standard,1205.72
9504,Gilles Jacob,gilles.jacob9504@outlook.com,France,2021-01-25,Standard,1221.87
9505,Maurice Chrétien-Da Costa,maurice.chretien.da.costa9505@icloud.com,France,2024-02-07,Premium,3501.82
9506,Catharina Otto,catharina.otto9506@outlook.com,Netherlands,2026-01-04,Standard,790.96
9507,Ekalinga Mital,ekalinga.mital9507@yahoo.com,India,2022-10-03,Standard,1230.98
9508,Melissa Banks,melissa.banks9508@yahoo.com,United States,2022-11-16,Premium,1982.36
9509,Madeleine Guillon,madeleine.guillon9509@outlook.com,France,2022-08-29,Premium,2300.74
9510,Jason Bell,jason.bell9510@gmail.com,United States,2022-07-13,Standard,157.04
9511,Dr Billy Fisher,dr.billy.fisher9511@icloud.com,United Kingdom,2021-07-07,Standard,1545.31
9512,Kelly Hubbard,kelly.hubbard9512@outlook.com,United States,2020-07-29,Standard,209.01
9513,Ms Danielle Morris,ms.danielle.morris9513@icloud.com,United Kingdom,2022-07-12,Standard,753.87
9514,Jordan Kirby-Cooper,jordan.kirby.cooper9514@yahoo.com,United Kingdom,2025-09-16,Standard,1065.44
9515,Rachel Jones,rachel.jones9515@yahoo.com,Canada,2026-03-29,Standard,496.33
9516,Karen Morales DDS,karen.morales.dds9516@hotmail.com,Canada,2023-05-01,Standard,792.76
9517,Melissa Stephens,melissa.stephens9517@gmail.com,Canada,2023-11-15,Basic,354.62
9518,Sig.ra Monica Leblanc,sig.ra.monica.leblanc9518@yahoo.com,Italy,2025-11-18,Premium,3107.87
9519,Kathryn Williams,kathryn.williams9519@yahoo.com,Australia,2024-07-21,Standard,151.6
9520,Adrienne-Josette Guibert,adrienne.josette.guibert9520@gmail.com,France,2023-05-30,Standard,1609.39
9521,Jemma Porter,jemma.porter9521@gmail.com,United Kingdom,2025-02-06,Basic,35.48
9522,Martine Koch,martine.koch9522@hotmail.com,Germany,2023-11-22,Basic,373.18
9523,Gary Wells,gary.wells9523@proton.me,Australia,2020-06-08,Standard,683.07
9524,Azahar Chaves Arrieta,azahar.chaves.arrieta9524@icloud.com,Spain,2025-07-28,Basic,530.39
9525,Inès Bonnet,ines.bonnet9525@yahoo.com,France,2022-04-07,Premium,1472.22
9526,Christopher Patterson,christopher.patterson9526@gmail.com,United States,2020-09-07,Standard,1288.83
9527,Heather Woodard,heather.woodard9527@gmail.com,Canada,2024-10-25,Basic,341.8
9528,Luísa Brito,luisa.brito9528@proton.me,Brazil,2022-10-05,Standard,549.6
9529,Ishwar Bajaj,ishwar.bajaj9529@proton.me,India,2021-01-07,Basic,687.88
9530,Kurt Daniels,kurt.daniels9530@gmail.com,United States,2021-09-22,Standard,329.54
9531,Amelia Verda-Mulder,amelia.verda.mulder9531@yahoo.com,Netherlands,2021-10-08,Standard,1270.89
9532,Evaristo Ugarte Carmona,evaristo.ugarte.carmona9532@gmail.com,Spain,2023-01-09,Premium,3654.42
9533,Ikbal Gala,ikbal.gala9533@outlook.com,India,2023-05-05,Premium,1766.62
9534,Zaitra Ghosh,zaitra.ghosh9534@yahoo.com,India,2023-03-22,Standard,395.29
9535,Nicolas Le Gall,nicolas.le.gall9535@proton.me,France,2020-08-16,Premium,1157.08
9536,Ryan Barker,ryan.barker9536@icloud.com,United States,2021-12-02,Standard,1258.93
9537,Douglas Oliver,douglas.oliver9537@yahoo.com,United States,2023-09-25,Premium,2968.39
9538,Walburga Neuschäfer B.Eng.,walburga.neuschafer.b.eng9538@gmail.com,Germany,2022-08-13,Standard,1402.24
9539,Ganga Sandhu,ganga.sandhu9539@hotmail.com,India,2021-04-22,Standard,949.74
9540,Sylvester Wohlgemut,sylvester.wohlgemut9540@icloud.com,Germany,2023-02-23,Basic,495.02
9541,Shannon Cowan,shannon.cowan9541@proton.me,United States,2025-06-22,Basic,217.97
9542,Ashley Banks,ashley.banks9542@icloud.com,Japan,2025-02-03,Standard,1691.0
9543,Jennifer Crawford,jennifer.crawford9543@gmail.com,United States,2023-01-31,Premium,1500.11
9544,Vincent Ravel,vincent.ravel9544@gmail.com,India,2020-08-08,Standard,1628.6
9545,Tammy Garcia,tammy.garcia9545@gmail.com,United States,2021-06-11,Standard,459.69
9546,Kevin Johnson,kevin.johnson9546@outlook.com,United States,2024-09-28,Standard,1344.66
9547,Paolo Mielcarek,paolo.mielcarek9547@hotmail.com,Germany,2022-03-21,Standard,1119.7
9548,Natalie Miah,natalie.miah9548@icloud.com,United Kingdom,2026-02-11,Standard,1317.69
9549,Beatriz Moura,beatriz.moura9549@yahoo.com,Brazil,2026-02-05,Basic,148.06
9550,Timothy Phillips,timothy.phillips9550@icloud.com,United Kingdom,2021-10-01,Premium,2399.05
9551,Quincy Sankaran,quincy.sankaran9551@yahoo.com,India,2022-02-01,Basic,663.65
9552,Alice Silveira,alice.silveira9552@yahoo.com,Brazil,2025-11-08,Basic,80.83
9553,Margaret Miller,margaret.miller9553@outlook.com,Canada,2021-12-24,Basic,171.79
9554,Ayush Hora,ayush.hora9554@gmail.com,India,2024-04-25,Premium,3322.04
9555,Larry Robertson,larry.robertson9555@proton.me,Australia,2023-04-08,Basic,577.28
9556,Jason Walker,jason.walker9556@proton.me,United States,2021-01-27,Basic,227.02
9557,James Gonzalez,james.gonzalez9557@outlook.com,United States,2021-10-19,Premium,4453.19
9558,Caleb Ponce,caleb.ponce9558@outlook.com,United States,2024-05-07,Standard,193.37
9559,Luc Torres,luc.torres9559@proton.me,France,2026-05-12,Standard,1315.28
9560,Jennifer Hoover,jennifer.hoover9560@proton.me,Japan,2023-11-28,Premium,2335.44
9561,Natalie Smith,natalie.smith9561@icloud.com,United States,2022-02-13,Premium,4331.48
9562,Danny Campbell,danny.campbell9562@outlook.com,United States,2022-03-16,Basic,398.15
9563,Morris van Loon,morris.van.loon9563@yahoo.com,Netherlands,2022-04-28,Basic,326.58
9564,Pushti Ramachandran,pushti.ramachandran9564@icloud.com,India,2024-02-04,Basic,78.79
9565,Deborah Roberson,deborah.roberson9565@icloud.com,Japan,2020-03-29,Standard,1408.03
9566,Mary Kelly,mary.kelly9566@proton.me,Canada,2023-01-02,Standard,945.66
9567,Amanda Terrell,amanda.terrell9567@gmail.com,Canada,2025-09-14,Standard,455.52
9568,Maria le Matelot,maria.le.matelot9568@hotmail.com,Netherlands,2021-06-12,Standard,1372.75
9569,Marcelle de Riou,marcelle.de.riou9569@gmail.com,France,2020-01-24,Standard,1073.27
9570,Jennifer Allen,jennifer.allen9570@gmail.com,Japan,2026-04-02,Standard,1492.09
9571,Jennifer Goodwin,jennifer.goodwin9571@outlook.com,Canada,2024-06-01,Standard,620.46
9572,Julien Bonneau de la Vasseur,julien.bonneau.de.la.vasseur9572@outlook.com,France,2021-11-19,Basic,91.13
9573,Jessica Smith,jessica.smith9573@proton.me,Canada,2024-02-11,Basic,282.06
9574,Mrs Bethan Bailey,mrs.bethan.bailey9574@icloud.com,United Kingdom,2024-04-09,Standard,1246.54
9575,Jennifer Smith,jennifer.smith9575@proton.me,United States,2020-01-03,Basic,249.73
9576,James Montoya,james.montoya9576@proton.me,United States,2024-02-20,Basic,453.72
9577,Olivier Brunet,olivier.brunet9577@proton.me,France,2021-02-27,Basic,528.55
9578,Lindsay Rogers,lindsay.rogers9578@outlook.com,United States,2023-12-25,Basic,145.11
9579,Josephine Lord,josephine.lord9579@gmail.com,United Kingdom,2021-08-08,Standard,823.46
9580,Sigrid Bolnbach,sigrid.bolnbach9580@proton.me,Germany,2025-09-09,Premium,3195.24
9581,Jorge Stone,jorge.stone9581@outlook.com,Canada,2020-07-21,Basic,408.69
9582,Mr Nathan Smith,mr.nathan.smith9582@gmail.com,United Kingdom,2022-10-14,Standard,1505.47
9583,Wendy Allen,wendy.allen9583@outlook.com,United States,2023-08-23,Basic,685.43
9584,Cheryl Newman,cheryl.newman9584@hotmail.com,United States,2023-08-04,Standard,1348.67
9585,Rebecca Lane,rebecca.lane9585@hotmail.com,United States,2020-10-02,Standard,514.08
9586,Nicolas Rezende,nicolas.rezende9586@proton.me,Brazil,2022-04-30,Standard,719.63
9587,Mark Madden,mark.madden9587@proton.me,Japan,2022-12-27,Premium,1243.12
9588,Tanish Jha,tanish.jha9588@outlook.com,India,2024-08-11,Standard,1223.4
9589,Tanner Holmes,tanner.holmes9589@proton.me,United States,2024-02-04,Standard,1747.31
9590,Brett Owen,brett.owen9590@yahoo.com,United States,2021-10-31,Basic,135.32
9591,Breno Melo,breno.melo9591@hotmail.com,Brazil,2023-02-03,Standard,614.85
9592,Laura Griffin,laura.griffin9592@gmail.com,Canada,2024-11-16,Standard,1183.01
9593,Dr Owen Graham,dr.owen.graham9593@outlook.com,United Kingdom,2021-10-30,Standard,1184.97
9594,Lucca Pinto,lucca.pinto9594@gmail.com,Brazil,2025-03-26,Basic,522.51
9595,Donata Lorch-Hahn,donata.lorch.hahn9595@gmail.com,Germany,2020-06-11,Basic,519.88
9596,Lynn Mueller,lynn.mueller9596@outlook.com,United States,2023-04-02,Standard,165.29
9597,Dr Melanie Nicholls,dr.melanie.nicholls9597@proton.me,United Kingdom,2023-05-02,Basic,95.73
9598,Louis Martin,louis.martin9598@hotmail.com,Australia,2023-06-13,Basic,465.72
9599,Lori Green,lori.green9599@outlook.com,United States,2026-07-20,Premium,1002.19
9600,Maura Sermonti,maura.sermonti9600@proton.me,Italy,2020-09-09,Standard,1302.74
9601,Michelle Legros,michelle.legros9601@proton.me,France,2023-04-16,Basic,141.77
9602,Tiffany Harris,tiffany.harris9602@icloud.com,United States,2022-05-01,Premium,4343.19
9603,Joan Atkins,joan.atkins9603@outlook.com,United Kingdom,2020-12-16,Premium,1018.29
9604,Jeffrey Fuller,jeffrey.fuller9604@outlook.com,United States,2022-04-27,Premium,3762.64
9605,Graeme Simmons,graeme.simmons9605@gmail.com,United Kingdom,2022-06-07,Premium,3493.38
9606,Raymond Chapman,raymond.chapman9606@icloud.com,Canada,2023-07-20,Premium,2336.45
9607,Nancy Evans MD,nancy.evans.md9607@hotmail.com,Australia,2024-01-05,Standard,591.0
9608,Alyssa Zimmerman,alyssa.zimmerman9608@yahoo.com,United States,2023-11-16,Basic,249.19
9609,Angela Reyes,angela.reyes9609@outlook.com,United States,2021-05-08,Standard,367.12
9610,Ing. Friedlinde Hölzenbecher B.Eng.,ing.friedlinde.holzenbecher.b.eng9610@gmail.com,Germany,2021-10-01,Premium,3680.22
9611,Haley Johnson,haley.johnson9611@gmail.com,Canada,2021-03-04,Basic,107.46
9612,Bianca Chavez,bianca.chavez9612@proton.me,United States,2024-11-14,Premium,3482.16
9613,Sra. Anna Liz Farias,sra.anna.liz.farias9613@outlook.com,Brazil,2022-05-01,Basic,441.03
9614,Heather Allen,heather.allen9614@gmail.com,United States,2024-05-28,Premium,3970.93
9615,Rolando Vigorelli,rolando.vigorelli9615@gmail.com,Italy,2022-11-09,Basic,614.45
9616,Elizabeth Nichols,elizabeth.nichols9616@outlook.com,United States,2023-11-25,Standard,1551.44
9617,Richard Hartman,richard.hartman9617@yahoo.com,United States,2025-08-06,Basic,151.15
9618,Mary Hill,mary.hill9618@yahoo.com,United States,2023-08-11,Basic,393.37
9619,Sr(a). Pedro Pantoja,sr.a.pedro.pantoja9619@outlook.com,Mexico,2021-12-25,Standard,183.0
9620,Jason Nixon,jason.nixon9620@proton.me,Canada,2020-05-21,Basic,314.25
9621,Dev Chaudry,dev.chaudry9621@outlook.com,India,2022-08-01,Basic,300.07
9622,Lori Little,lori.little9622@gmail.com,United States,2026-07-13,Basic,438.84
9623,Ashley Stevens,ashley.stevens9623@gmail.com,United States,2026-08-16,Basic,662.15
9624,Sylvie Boulay-Tanguy,sylvie.boulay.tanguy9624@outlook.com,France,2020-08-29,Premium,3001.8
9625,Gérard de Laine,gerard.de.laine9625@gmail.com,France,2021-11-05,Basic,606.47
9626,Karl-Wilhelm Neureuther-Zirme,karl.wilhelm.neureuther.zirme9626@proton.me,Germany,2021-03-29,Basic,421.38
9627,Maryse Garnier,maryse.garnier9627@proton.me,France,2022-01-26,Standard,888.32
9628,Ashley Campbell,ashley.campbell9628@proton.me,Japan,2020-11-10,Standard,1125.41
9629,Anna Snyder,anna.snyder9629@icloud.com,Japan,2021-09-06,Basic,203.66
9630,Ryan Myers,ryan.myers9630@proton.me,United States,2023-09-16,Basic,125.34
9631,Sylvie Stoll,sylvie.stoll9631@proton.me,Germany,2021-12-12,Standard,1028.7
9632,Cécile-Anne Lévy,cecile.anne.levy9632@proton.me,France,2024-05-31,Basic,628.61
9633,Todd Thomas,todd.thomas9633@gmail.com,Canada,2020-06-02,Standard,1721.12
9634,Alex Jones DVM,alex.jones.dvm9634@proton.me,United States,2021-07-09,Standard,922.74
9635,Collin Brouwer,collin.brouwer9635@yahoo.com,Netherlands,2020-03-19,Basic,357.58
9636,Anatolij Dippel,anatolij.dippel9636@icloud.com,Germany,2022-08-14,Standard,901.6
9637,Jesse Clark,jesse.clark9637@gmail.com,Canada,2025-07-13,Premium,3357.31
9638,Michael Brooks,michael.brooks9638@gmail.com,United States,2025-08-23,Standard,518.09
9639,Sarah Lewis,sarah.lewis9639@proton.me,United Kingdom,2022-06-15,Premium,3619.3
9640,Espartaco Carrera Riojas,espartaco.carrera.riojas9640@hotmail.com,Mexico,2026-06-18,Premium,2879.13
9641,Émilie de la Gaillard,emilie.de.la.gaillard9641@hotmail.com,France,2024-04-27,Premium,3428.77
9642,Jasmit Nanda,jasmit.nanda9642@gmail.com,India,2020-12-03,Standard,1758.08
9643,Terry Stokes,terry.stokes9643@outlook.com,United States,2021-04-24,Standard,779.24
9644,Yasmin Garcia,yasmin.garcia9644@hotmail.com,Brazil,2020-08-25,Basic,404.52
9645,Dr. Vitor Hugo Andrade,dr.vitor.hugo.andrade9645@icloud.com,Brazil,2024-09-29,Basic,684.85
9646,Ana Lívia da Costa,ana.livia.da.costa9646@gmail.com,Brazil,2026-03-21,Standard,1261.12
9647,Tanvi Comar,tanvi.comar9647@proton.me,India,2026-05-15,Premium,3224.24
9648,Oreste Federici,oreste.federici9648@hotmail.com,Italy,2024-05-20,Basic,171.04
9649,Albertine Ebert B.A.,albertine.ebert.b.a9649@icloud.com,Germany,2024-09-05,Standard,1477.09
9650,Adam White,adam.white9650@icloud.com,United States,2023-11-20,Premium,2246.86
9651,Irene Ackermann MBA.,irene.ackermann.mba9651@hotmail.com,Germany,2024-10-19,Premium,3449.22
9652,Christian Moore,christian.moore9652@icloud.com,United Kingdom,2020-04-18,Standard,710.6
9653,Desiderio Cerdá Pont,desiderio.cerda.pont9653@proton.me,Spain,2020-08-06,Standard,221.03
9654,Vrishti Wable,vrishti.wable9654@yahoo.com,India,2024-01-17,Premium,3425.89
9655,Kim Erickson,kim.erickson9655@gmail.com,Australia,2023-12-10,Basic,675.28
9656,Lisa Johnson,lisa.johnson9656@outlook.com,Japan,2023-06-30,Basic,419.9
9657,Robert Richardson,robert.richardson9657@gmail.com,Australia,2021-06-03,Standard,839.34
9658,Leon Bird,leon.bird9658@outlook.com,United Kingdom,2020-02-22,Standard,1133.77
9659,Veronica Silva,veronica.silva9659@icloud.com,Australia,2020-06-22,Standard,302.15
9660,Wendy Webb,wendy.webb9660@proton.me,United States,2025-08-29,Premium,4123.55
9661,Alexander Jones,alexander.jones9661@icloud.com,United Kingdom,2022-05-12,Standard,1011.1
9662,Lipika Ramanathan,lipika.ramanathan9662@yahoo.com,India,2021-07-02,Basic,88.23
9663,Moritz Eigenwillig B.Eng.,moritz.eigenwillig.b.eng9663@icloud.com,Germany,2021-01-18,Basic,542.61
9664,Ing. Bayram Sölzer,ing.bayram.solzer9664@outlook.com,Germany,2024-03-01,Premium,3364.47
9665,Simone Ferreira,simone.ferreira9665@gmail.com,France,2023-02-17,Premium,2626.71
9666,Ijaya Pandey,ijaya.pandey9666@yahoo.com,India,2021-03-06,Standard,885.53
9667,Orinder Mishra,orinder.mishra9667@proton.me,India,2021-06-25,Basic,444.04
9668,Kimberly Moore,kimberly.moore9668@icloud.com,United States,2022-10-11,Basic,290.72
9669,Tammy Lee,tammy.lee9669@icloud.com,Japan,2020-08-29,Standard,967.91
9670,Mr. Jeffrey Horton,mr.jeffrey.horton9670@hotmail.com,Canada,2024-01-14,Basic,343.59
9671,Miss Frances Rose,miss.frances.rose9671@yahoo.com,United Kingdom,2023-08-24,Basic,624.81
9672,Alexander Hunt,alexander.hunt9672@proton.me,United States,2025-07-15,Standard,1137.45
9673,Sean Wilson,sean.wilson9673@gmail.com,United States,2025-10-23,Premium,1009.87
9674,Eric Patrick,eric.patrick9674@proton.me,Canada,2020-04-15,Standard,1040.63
9675,Laura da Conceição,laura.da.conceicao9675@gmail.com,Brazil,2020-01-13,Standard,386.46
9676,Srta. Maya Brito,srta.maya.brito9676@icloud.com,Brazil,2021-09-15,Basic,198.53
9677,Garrett Robinson,garrett.robinson9677@hotmail.com,United States,2020-02-09,Standard,1163.95
9678,Samuel Wong,samuel.wong9678@outlook.com,Canada,2025-06-26,Basic,385.97
9679,Jamie van Velthoven,jamie.van.velthoven9679@gmail.com,Netherlands,2024-06-28,Standard,1078.14
9680,Elfriede Carsten,elfriede.carsten9680@hotmail.com,Germany,2022-12-03,Standard,1628.06
9681,Teresa Adams,teresa.adams9681@yahoo.com,United States,2026-08-13,Standard,1257.8
9682,Dr. Gregory Arnold,dr.gregory.arnold9682@hotmail.com,Japan,2020-11-02,Standard,1217.31
9683,Patrick Simpson,patrick.simpson9683@yahoo.com,United States,2025-03-24,Standard,1604.55
9684,Jennifer Lee,jennifer.lee9684@gmail.com,United States,2020-03-17,Standard,1437.86
9685,Boaz Ouwel,boaz.ouwel9685@gmail.com,Netherlands,2021-11-24,Basic,38.05
9686,Beatriz Macedo,beatriz.macedo9686@icloud.com,Brazil,2023-05-23,Basic,303.28
9687,Stéphane du Robin,stephane.du.robin9687@icloud.com,France,2021-08-05,Basic,502.42
9688,Krish Munshi,krish.munshi9688@hotmail.com,India,2026-01-24,Standard,811.17
9689,Michael Clay,michael.clay9689@icloud.com,United States,2026-06-17,Basic,598.62
9690,Sophie de De Sousa,sophie.de.de.sousa9690@hotmail.com,France,2023-01-29,Standard,1596.76
9691,Monica Cianciolo,monica.cianciolo9691@icloud.com,Italy,2020-06-23,Premium,2802.05
9692,Carly Riggs,carly.riggs9692@hotmail.com,Canada,2020-12-11,Basic,230.02
9693,James Silva,james.silva9693@proton.me,United States,2022-07-08,Standard,1417.61
9694,Emily Bauer,emily.bauer9694@hotmail.com,Japan,2020-05-31,Standard,1545.4
9695,Christopher Moore,christopher.moore9695@hotmail.com,Canada,2023-10-22,Standard,1367.96
9696,William Mody,william.mody9696@hotmail.com,India,2024-05-26,Basic,95.66
9697,Pierre Legros,pierre.legros9697@proton.me,France,2022-11-10,Premium,2917.98
9698,Katherine Andrade,katherine.andrade9698@outlook.com,United States,2026-08-28,Premium,2602.65
9699,Flora Rius Cortes,flora.rius.cortes9699@outlook.com,Spain,2021-10-05,Basic,224.4
9700,Andrée Vaillant,andree.vaillant9700@proton.me,France,2020-11-17,Standard,1452.66
9701,Paul Cabrera,paul.cabrera9701@yahoo.com,Japan,2021-04-01,Basic,312.89
9702,Marianna Seip,marianna.seip9702@gmail.com,Germany,2025-11-12,Basic,301.01
9703,Lisa Patterson,lisa.patterson9703@hotmail.com,United States,2024-10-15,Basic,366.33
9704,Qadim Prakash,qadim.prakash9704@icloud.com,India,2021-10-17,Basic,112.37
9705,Danielle Lynch-Watson,danielle.lynch.watson9705@hotmail.com,United Kingdom,2024-01-16,Standard,1396.51
9706,Jacqueline Chen,jacqueline.chen9706@outlook.com,United States,2022-10-23,Basic,643.67
9707,Yasti Rama,yasti.rama9707@outlook.com,India,2023-04-21,Standard,179.31
9708,Christopher Johnson,christopher.johnson9708@icloud.com,United States,2026-03-04,Standard,1019.56
9709,Laurie Carter,laurie.carter9709@proton.me,Japan,2022-11-05,Standard,1714.98
9710,Kieran Barrett,kieran.barrett9710@gmail.com,United Kingdom,2025-11-12,Premium,1752.71
9711,Lakshit Rajagopal,lakshit.rajagopal9711@hotmail.com,India,2020-06-27,Premium,3431.21
9712,Jordy van Hoevel en van Zwindrecht,jordy.van.hoevel.en.van.zwindrecht9712@yahoo.com,Netherlands,2022-01-20,Standard,1320.96
9713,Maria Sanford,maria.sanford9713@gmail.com,United States,2023-11-12,Standard,482.32
9714,Herr Hans-Theo Schomber,herr.hans.theo.schomber9714@hotmail.com,Germany,2021-03-03,Standard,1463.28
9715,Manon Ramos,manon.ramos9715@proton.me,France,2025-07-25,Standard,1707.29
9716,Allen White,allen.white9716@gmail.com,United States,2025-10-12,Basic,455.16
9717,Richard Howard,richard.howard9717@yahoo.com,United States,2023-02-09,Basic,72.55
9718,Quincy Sur,quincy.sur9718@yahoo.com,India,2022-10-27,Standard,1393.39
9719,Tina Hall,tina.hall9719@yahoo.com,Canada,2025-07-25,Standard,328.28
9720,Ojas Suri,ojas.suri9720@proton.me,India,2023-06-13,Premium,2095.22
9721,Miroslawa Thies,miroslawa.thies9721@outlook.com,Germany,2022-06-29,Standard,369.25
9722,Megan van der Noot,megan.van.der.noot9722@icloud.com,Netherlands,2023-12-27,Basic,65.21
9723,Louis Adam,louis.adam9723@gmail.com,France,2024-12-20,Standard,887.94
9724,Kaique Alves,kaique.alves9724@outlook.com,Brazil,2020-01-03,Premium,1987.15
9725,Vicente Corrales Samaniego,vicente.corrales.samaniego9725@outlook.com,Mexico,2025-06-06,Basic,598.95
9726,Logan Grover,logan.grover9726@hotmail.com,India,2020-09-01,Standard,797.56
9727,Dipl.-Ing. Matthias Conradi B.Sc.,dipl.ing.matthias.conradi.b.sc9727@yahoo.com,Germany,2024-05-12,Premium,1468.83
9728,Matthew Watson,matthew.watson9728@outlook.com,United States,2020-12-12,Basic,541.02
9729,Barbara Flores,barbara.flores9729@hotmail.com,United States,2022-07-06,Premium,1969.16
9730,Eitel Müller,eitel.muller9730@gmail.com,Germany,2023-02-01,Standard,1419.42
9731,Loes Kerkhof,loes.kerkhof9731@yahoo.com,Netherlands,2022-12-19,Standard,837.35
9732,Cody Davidson,cody.davidson9732@gmail.com,Canada,2024-12-22,Standard,1297.39
9733,Franck Delorme,franck.delorme9733@proton.me,France,2025-07-22,Standard,249.29
9734,Trevor Lyons,trevor.lyons9734@outlook.com,United Kingdom,2024-05-20,Premium,2622.62
9735,Gary Marshall,gary.marshall9735@gmail.com,United States,2024-03-27,Standard,1631.95
9736,Stephanie Hoffman,stephanie.hoffman9736@proton.me,United States,2026-08-06,Premium,2325.58
9737,Allen Mendez,allen.mendez9737@yahoo.com,Canada,2023-09-13,Basic,466.97
9738,Celal Scheel,celal.scheel9738@yahoo.com,Germany,2025-01-01,Standard,1182.69
9739,Guido Pozzecco,guido.pozzecco9739@hotmail.com,Italy,2025-05-10,Standard,692.0
9740,Lance Rose,lance.rose9740@yahoo.com,United States,2023-05-04,Basic,342.99
9741,Donald Franklin,donald.franklin9741@outlook.com,United States,2021-04-13,Basic,329.9
9742,Shravya Bera,shravya.bera9742@gmail.com,India,2021-06-07,Standard,1440.03
9743,Prof. Milos Martin B.Sc.,prof.milos.martin.b.sc9743@outlook.com,Germany,2024-11-02,Basic,147.07
9744,Shannon Jones,shannon.jones9744@proton.me,United States,2024-03-21,Standard,791.01
9745,Nico Karz,nico.karz9745@outlook.com,Germany,2023-10-28,Standard,576.46
9746,Jennifer Avila,jennifer.avila9746@outlook.com,United States,2026-07-20,Standard,991.78
9747,Nancy Georgina Pelayo Rosas,nancy.georgina.pelayo.rosas9747@icloud.com,Mexico,2022-10-07,Standard,746.06
9748,Dr Mohamed Newton,dr.mohamed.newton9748@yahoo.com,United Kingdom,2024-06-23,Standard,1186.83
9749,Francisco Gonzalez,francisco.gonzalez9749@proton.me,United States,2020-07-20,Basic,201.85
9750,Kathleen Mooney,kathleen.mooney9750@outlook.com,United States,2022-11-30,Standard,806.24
9751,Kevin Price,kevin.price9751@proton.me,Canada,2022-04-02,Standard,1764.42
9752,Alphonse Briand,alphonse.briand9752@gmail.com,France,2020-10-05,Basic,516.77
9753,Stefano Löchel,stefano.lochel9753@proton.me,Germany,2021-11-04,Basic,67.14
9754,Luan Vieira,luan.vieira9754@icloud.com,Brazil,2026-01-21,Standard,1342.45
9755,Juan Fogaça,juan.fogaca9755@icloud.com,Brazil,2025-01-20,Premium,4041.25
9756,Molly Watts,molly.watts9756@icloud.com,Australia,2022-08-13,Standard,1754.47
9757,John Coffey,john.coffey9757@yahoo.com,Australia,2020-04-10,Premium,2957.11
9758,Anouk Allard,anouk.allard9758@hotmail.com,France,2022-09-10,Standard,662.71
9759,Caleb Jackson,caleb.jackson9759@yahoo.com,Japan,2023-02-22,Premium,3076.58
9760,Federico Reyes,federico.reyes9760@outlook.com,Mexico,2026-01-02,Basic,228.54
9761,Ignaz Boucsein-Hein,ignaz.boucsein.hein9761@icloud.com,Germany,2024-04-26,Basic,625.67
9762,Aditya Sundaram,aditya.sundaram9762@icloud.com,India,2020-07-10,Standard,894.78
9763,James Ray,james.ray9763@outlook.com,United States,2021-12-14,Standard,657.11
9764,Marit Glasses,marit.glasses9764@gmail.com,Netherlands,2021-04-01,Standard,1057.29
9765,Mason Chase,mason.chase9765@icloud.com,United States,2020-12-14,Standard,820.95
9766,Dr. Diogo da Cruz,dr.diogo.da.cruz9766@hotmail.com,Brazil,2021-10-04,Premium,2608.52
9767,Laura Lynch,laura.lynch9767@hotmail.com,United Kingdom,2020-12-17,Standard,1020.44
9768,Anny Wagenknecht-Dobes,anny.wagenknecht.dobes9768@gmail.com,Germany,2023-04-10,Premium,3167.29
9769,Susan Mitchell DVM,susan.mitchell.dvm9769@gmail.com,United States,2026-05-20,Standard,343.66
9770,Gert Koch,gert.koch9770@proton.me,Germany,2021-05-07,Standard,662.68
9771,Arthur Georges,arthur.georges9771@hotmail.com,France,2026-02-12,Standard,1102.35
9772,Paula Lane,paula.lane9772@hotmail.com,Australia,2024-05-29,Premium,3525.24
9773,Christine Goodwin,christine.goodwin9773@yahoo.com,Canada,2023-07-02,Standard,1756.53
9774,Robert Rajagopalan,robert.rajagopalan9774@yahoo.com,India,2022-11-21,Standard,1226.22
9775,Steven Hull,steven.hull9775@icloud.com,Japan,2024-10-01,Standard,1778.39
9776,Brigitte Kranz,brigitte.kranz9776@hotmail.com,Germany,2024-12-20,Premium,1790.38
9777,Guy Lejeune,guy.lejeune9777@outlook.com,France,2025-02-28,Standard,701.07
9778,Amy Garcia,amy.garcia9778@proton.me,Canada,2021-12-07,Premium,1967.16
9779,Matthew Jones,matthew.jones9779@icloud.com,United States,2020-08-13,Basic,42.48
9780,Nilima Swamy,nilima.swamy9780@outlook.com,India,2020-10-14,Standard,878.44
9781,Robert Cummings,robert.cummings9781@outlook.com,United States,2021-06-10,Basic,347.87
9782,Paul Ross,paul.ross9782@gmail.com,Japan,2020-09-25,Standard,669.24
9783,Dr. Juan Carlos Espino,dr.juan.carlos.espino9783@yahoo.com,Mexico,2020-09-28,Standard,1513.98
9784,Danielle Walker-Gibbons,danielle.walker.gibbons9784@hotmail.com,United Kingdom,2021-01-12,Basic,678.37
9785,Marian Stey-Fechner,marian.stey.fechner9785@gmail.com,Germany,2024-11-15,Standard,1227.71
9786,Ing. Celia Barrios,ing.celia.barrios9786@icloud.com,Mexico,2022-03-19,Basic,103.95
9787,Emily Salazar,emily.salazar9787@hotmail.com,United States,2023-05-04,Standard,1063.34
9788,Michael Gibson,michael.gibson9788@outlook.com,United States,2021-10-22,Standard,1779.74
9789,Maria Sophia Nunes,maria.sophia.nunes9789@outlook.com,Brazil,2022-09-29,Standard,1665.13
9790,Lauren Jackson,lauren.jackson9790@yahoo.com,Australia,2020-12-28,Premium,1393.84
9791,Sig. Adamo Longhena,sig.adamo.longhena9791@proton.me,Italy,2024-07-10,Standard,1419.29
9792,Sachi Suresh,sachi.suresh9792@outlook.com,India,2026-06-30,Standard,1148.75
9793,Emilly Cavalcante,emilly.cavalcante9793@hotmail.com,Brazil,2025-04-14,Premium,1152.58
9794,Lucy le Luc-Scholten,lucy.le.luc.scholten9794@gmail.com,Netherlands,2024-01-16,Standard,1235.61
9795,Tracy Martinez,tracy.martinez9795@icloud.com,United States,2022-03-14,Premium,1047.8
9796,Luke Johnson,luke.johnson9796@yahoo.com,United States,2023-09-12,Standard,790.78
9797,Morena Cabeza Tovar,morena.cabeza.tovar9797@yahoo.com,Spain,2024-06-10,Basic,440.85
9798,Chelsea Nguyen,chelsea.nguyen9798@yahoo.com,Canada,2024-11-24,Standard,538.2
9799,Fitan Balasubramanian,fitan.balasubramanian9799@outlook.com,India,2023-07-01,Basic,630.99
9800,Dennis Huffman,dennis.huffman9800@gmail.com,Canada,2020-05-04,Standard,1685.92
9801,Adam Garcia,adam.garcia9801@yahoo.com,United States,2024-08-16,Basic,538.92
9802,Margaret Harper,margaret.harper9802@proton.me,Canada,2020-04-21,Standard,1321.01
9803,Michael Graham,michael.graham9803@yahoo.com,United States,2026-07-05,Standard,1166.38
9804,Bruno Pimenta,bruno.pimenta9804@gmail.com,Brazil,2021-01-01,Standard,438.62
9805,Josip Rose,josip.rose9805@yahoo.com,Germany,2023-10-29,Premium,3027.59
9806,Leo Seip,leo.seip9806@yahoo.com,Germany,2020-09-01,Standard,1367.47
9807,Laurie Bailey,laurie.bailey9807@yahoo.com,Canada,2021-05-01,Premium,4244.89
9808,Corey Barrera,corey.barrera9808@yahoo.com,United States,2026-08-22,Standard,466.75
9809,Lisa Randall,lisa.randall9809@icloud.com,Australia,2020-06-16,Premium,4088.45
9810,Michael Johnson,michael.johnson9810@proton.me,Australia,2024-02-14,Standard,1701.38
9811,Dipl.-Ing. Hanno Ullmann,dipl.ing.hanno.ullmann9811@hotmail.com,Germany,2020-11-18,Standard,1779.57
2033,Steven Mayo,steven.mayo9812@proton.me,United States,2024-05-09,Standard,1717.53
9813,Shawna Green,shawna.green9813@proton.me,United States,2020-05-06,Premium,4397.96
9814,Daniel Gosselin,daniel.gosselin9814@proton.me,France,2023-01-11,Basic,376.55
9815,Ashley Valentine,ashley.valentine9815@proton.me,United States,2022-04-01,Premium,4015.97
9816,Gary Salazar,gary.salazar9816@yahoo.com,United States,2024-09-01,Premium,2123.59
9817,Debra Jackson,debra.jackson9817@yahoo.com,United States,2021-02-23,Basic,97.71
9818,Griselda Elisa Aparicio Pellicer,griselda.elisa.aparicio.pellicer9818@outlook.com,Spain,2022-12-25,Standard,1172.09
9819,Ashley Smith,ashley.smith9819@proton.me,Australia,2021-06-16,Standard,1401.65
9820,Lutz Weiß B.A.,lutz.wei.b.a9820@proton.me,Germany,2021-03-17,Standard,1540.04
9821,Linda Jacinto Sarabia Jaramillo,linda.jacinto.sarabia.jaramillo9821@icloud.com,Mexico,2020-07-12,Standard,259.66
9822,Jack Jackson-Turner,jack.jackson.turner9822@gmail.com,United Kingdom,2025-06-30,Standard,673.04
9823,Michelle Weber,michelle.weber9823@yahoo.com,France,2020-03-15,Basic,583.01
9824,Guillermina Lugo Villagómez,guillermina.lugo.villagomez9824@outlook.com,Mexico,2026-01-29,Standard,1447.19
9825,Joe Martinez,joe.martinez9825@icloud.com,United States,2020-04-21,Basic,691.26
9826,Prof. Marlen Margraf,prof.marlen.margraf9826@icloud.com,Germany,2020-02-25,Premium,1103.88
9827,Nicole Barron,nicole.barron9827@proton.me,Japan,2022-06-06,Basic,306.04
9828,Brinda Bali,brinda.bali9828@outlook.com,India,2022-05-11,Standard,750.47
9829,Isabella Monteiro,isabella.monteiro9829@yahoo.com,Brazil,2022-12-28,Basic,357.71
9830,Jennifer Griffin,jennifer.griffin9830@gmail.com,United States,2026-07-17,Standard,1710.77
9831,Mr Ronald Wood,mr.ronald.wood9831@outlook.com,United Kingdom,2022-04-05,Basic,689.51
9832,Owen Zwijsen,owen.zwijsen9832@outlook.com,Netherlands,2022-06-21,Premium,3652.99
9833,Sig.ra Renata Stein,sig.ra.renata.stein9833@proton.me,Italy,2021-12-08,Basic,482.08
9834,Lic. Conchita Ramón,lic.conchita.ramon9834@icloud.com,Mexico,2026-04-19,Standard,1285.92
9835,Riccardo Vasari,riccardo.vasari9835@gmail.com,Italy,2023-05-15,Basic,359.43
9836,Joseph Lane,joseph.lane9836@outlook.com,United States,2026-03-08,Basic,248.06
9837,Amelia Wilkinson,amelia.wilkinson9837@gmail.com,United Kingdom,2024-07-14,Standard,497.03
9838,Michelle Mallet,michelle.mallet9838@gmail.com,France,2023-09-25,Basic,456.07
9839,Axel Ditschlerin B.A.,axel.ditschlerin.b.a9839@proton.me,Germany,2023-03-30,Premium,4173.14
9840,Lisa Cervantes,lisa.cervantes9840@outlook.com,Canada,2022-03-26,Standard,1184.17
9841,Vanessa Morris,vanessa.morris9841@proton.me,United States,2026-06-30,Premium,2266.86
9842,Christian Vaughn,christian.vaughn9842@hotmail.com,Australia,2024-12-09,Standard,1180.38
9843,Zacharie Peltier,zacharie.peltier9843@outlook.com,France,2021-09-27,Premium,2677.23
9844,Cecília da Conceição,cecilia.da.conceicao9844@proton.me,Brazil,2025-08-27,Basic,280.64
9845,Courtney Baker,courtney.baker9845@gmail.com,Japan,2022-12-05,Standard,462.07
9846,Bradley Hansen,bradley.hansen9846@icloud.com,United States,2020-02-27,Premium,3733.73
9847,Christiane Guibert-Lévêque,christiane.guibert.leveque9847@icloud.com,France,2026-08-01,Basic,245.43
9848,Iván Sales,ivan.sales9848@icloud.com,Spain,2023-08-21,Standard,1454.77
9849,Umang Yogi,umang.yogi9849@icloud.com,India,2020-07-03,Premium,887.72
9850,Klaus-Werner Vollbrecht,klaus.werner.vollbrecht9850@yahoo.com,Germany,2020-12-04,Premium,2162.42
9851,Elizabeth Mendez,elizabeth.mendez9851@icloud.com,Canada,2024-08-04,Standard,1284.83
9852,Cesar Wilson,cesar.wilson9852@yahoo.com,Canada,2020-09-09,Standard,1008.83
9853,Isabella Montanelli,isabella.montanelli9853@gmail.com,Italy,2022-02-12,Standard,187.0
9854,Om Shankar,om.shankar9854@proton.me,India,2021-04-26,Basic,34.62
9855,Mary Moss,mary.moss9855@gmail.com,United States,2026-03-17,Premium,3428.54
9856,Emmanuel Tanguy,emmanuel.tanguy9856@gmail.com,France,2025-07-17,Basic,26.59
9857,Ornella Paolucci,ornella.paolucci9857@icloud.com,Italy,2024-01-05,Standard,1234.33
9858,Charlotte Petitjean,charlotte.petitjean9858@proton.me,France,2021-07-07,Standard,1247.98
9859,Clayton Steele,clayton.steele9859@gmail.com,Canada,2020-02-04,Basic,418.3
9860,Adrien Boulay-Simon,adrien.boulay.simon9860@yahoo.com,France,2023-07-27,Standard,560.86
9861,Jennifer Taylor,jennifer.taylor9861@yahoo.com,Canada,2023-08-16,Basic,316.17
9862,Blake Bonilla,blake.bonilla9862@gmail.com,United States,2021-09-28,Standard,1332.24
9863,Nicolas Maillet du Rossi,nicolas.maillet.du.rossi9863@proton.me,France,2026-04-29,Standard,251.06
9864,Teófilo del Cabezas,teofilo.del.cabezas9864@gmail.com,Spain,2022-02-20,Standard,349.91
9865,Adam Robinson,adam.robinson9865@outlook.com,United States,2021-03-17,Standard,861.68
9866,Chelsea Garcia,chelsea.garcia9866@outlook.com,United States,2025-10-10,Basic,131.35
9867,Reginald Knapp,reginald.knapp9867@gmail.com,Australia,2024-07-21,Basic,651.45
9868,Kevin Rose,kevin.rose9868@proton.me,United States,2024-08-11,Basic,113.91
9869,Dr Albert Evans,dr.albert.evans9869@hotmail.com,United Kingdom,2026-04-27,Standard,295.27
9870,Henriette Hoarau,henriette.hoarau9870@proton.me,France,2020-09-04,Premium,1037.84
9871,Marie Meyer,marie.meyer9871@yahoo.com,France,2020-04-03,Premium,2482.6
9872,Kevin van Ghoerle-Overeem,kevin.van.ghoerle.overeem9872@outlook.com,Netherlands,2024-02-19,Standard,793.82
9873,Gina Lorch-Jopich,gina.lorch.jopich9873@yahoo.com,Germany,2022-02-03,Standard,1349.52
9874,Britt Zevenboom,britt.zevenboom9874@yahoo.com,Netherlands,2024-05-09,Standard,314.08
9875,Paige Collins,paige.collins9875@outlook.com,United States,2024-05-29,Basic,143.27
9876,Cody Reid,cody.reid9876@proton.me,Canada,2025-06-16,Standard,1144.54
9877,Christian Wagner,christian.wagner9877@yahoo.com,United States,2025-09-29,Standard,1568.39
9878,Maria Cooke,maria.cooke9878@proton.me,Canada,2020-02-25,Standard,1162.66
9879,Colleen Cox,colleen.cox9879@proton.me,United States,2023-01-12,Premium,3171.99
9880,Falk Hofmann-Seidel,falk.hofmann.seidel9880@yahoo.com,Germany,2024-06-15,Premium,4324.71
9881,Falko Röhrdanz,falko.rohrdanz9881@gmail.com,Germany,2020-04-17,Basic,356.06
9882,Pia Stumpf,pia.stumpf9882@gmail.com,Germany,2020-07-25,Basic,276.56
9883,Shawna Palmer,shawna.palmer9883@outlook.com,United States,2025-03-01,Basic,411.48
9884,Nancy Brown,nancy.brown9884@proton.me,Australia,2020-12-10,Standard,704.65
9885,Katherine Taylor,katherine.taylor9885@icloud.com,Canada,2024-01-03,Basic,558.29
9886,Chelsea Ramirez,chelsea.ramirez9886@hotmail.com,United States,2022-11-14,Standard,673.76
9887,Eric Kane,eric.kane9887@hotmail.com,United States,2022-03-23,Premium,1930.3
9888,Bridget Walter,bridget.walter9888@icloud.com,United States,2025-05-18,Basic,477.25
9889,Jerry Brown,jerry.brown9889@gmail.com,Canada,2021-10-25,Premium,1373.19
9890,Cynthia Shannon,cynthia.shannon9890@hotmail.com,United States,2021-12-06,Standard,1428.64
9891,Yasti Chowdhury,yasti.chowdhury9891@yahoo.com,India,2022-12-12,Premium,1955.76
9892,Chloe Gray-Hawkins,chloe.gray.hawkins9892@hotmail.com,United Kingdom,2025-10-13,Basic,691.59
9893,Allen Stanley,allen.stanley9893@outlook.com,United States,2024-01-26,Basic,607.77
9894,Derek Mcintosh,derek.mcintosh9894@outlook.com,United States,2022-07-19,Premium,1023.71
9895,Jeffrey Hernandez,jeffrey.hernandez9895@gmail.com,United States,2022-06-18,Premium,1227.6
9896,Katie Brown,katie.brown9896@outlook.com,United States,2024-10-03,Standard,657.26
9897,Brent Wong,brent.wong9897@yahoo.com,United States,2025-03-19,Standard,978.59
9898,Jenny Carter,jenny.carter9898@gmail.com,Japan,2024-02-29,Standard,1648.77
9899,Kirk Moreno,kirk.moreno9899@yahoo.com,United States,2025-05-13,Basic,40.89
9900,Étienne-Bertrand David,etienne.bertrand.david9900@hotmail.com,France,2020-08-05,Basic,405.27
9901,Stephanie Gibson,stephanie.gibson9901@proton.me,United Kingdom,2025-04-21,Standard,1364.45
9902,Adam Taylor,adam.taylor9902@hotmail.com,Canada,2022-01-22,Standard,1258.56
9903,Sigurd Sorgatz,sigurd.sorgatz9903@outlook.com,Germany,2020-11-14,Premium,2086.35
9904,Jade Marques,jade.marques9904@proton.me,Brazil,2024-11-14,Basic,442.24
9905,Danielle Wood,danielle.wood9905@yahoo.com,United Kingdom,2025-01-05,Basic,153.25
9906,Tracey Wagner,tracey.wagner9906@icloud.com,Canada,2020-04-17,Basic,323.95
9907,Macaria Palmer Barrera,macaria.palmer.barrera9907@icloud.com,Spain,2023-03-03,Standard,228.74
9908,Ida Farnese,ida.farnese9908@outlook.com,Italy,2022-01-23,Premium,1152.06
9909,Jeffrey Maldonado DDS,jeffrey.maldonado.dds9909@hotmail.com,United States,2020-02-03,Basic,121.11
9910,Dott. Pina Pasqua,dott.pina.pasqua9910@outlook.com,Italy,2026-05-23,Basic,183.94
9911,Agnès Guillot,agnes.guillot9911@yahoo.com,France,2022-05-11,Basic,82.86
9912,George May,george.may9912@yahoo.com,United Kingdom,2021-04-02,Standard,1761.89
9913,Colleen Brown,colleen.brown9913@hotmail.com,United States,2025-04-15,Standard,657.2
9914,Derek Jones,derek.jones9914@icloud.com,Japan,2025-06-15,Premium,1223.56
9915,Amrita Peri,amrita.peri9915@icloud.com,India,2026-07-03,Standard,262.1
9916,Darrell Oliver,darrell.oliver9916@outlook.com,United States,2025-07-16,Standard,898.53
9917,Jenna Garcia,jenna.garcia9917@gmail.com,United States,2022-03-18,Standard,681.24
9918,Mrs Natalie Evans,mrs.natalie.evans9918@icloud.com,United Kingdom,2024-06-29,Premium,2288.67
9919,Sherry Adams,sherry.adams9919@hotmail.com,United States,2021-12-29,Basic,229.08
9920,Annemijn de Vries,annemijn.de.vries9920@icloud.com,Netherlands,2023-03-15,Basic,525.02
9921,Anthony Martins,anthony.martins9921@hotmail.com,Brazil,2020-10-10,Basic,336.64
9922,Michael Perry PhD,michael.perry.phd9922@outlook.com,Canada,2020-04-15,Standard,188.05
9923,Ridhi Kamdar,ridhi.kamdar9923@hotmail.com,India,2020-09-25,Premium,4407.15
9924,Yago Castro,yago.castro9924@icloud.com,Brazil,2022-11-23,Standard,610.5
9925,Richard Bailey,richard.bailey9925@proton.me,United States,2025-06-19,Basic,547.36
9926,Harsh Kota,harsh.kota9926@yahoo.com,India,2023-02-05,Standard,531.25
9927,Bachittar Sengupta,bachittar.sengupta9927@yahoo.com,India,2024-07-21,Standard,1728.86
9928,Carl Burton-Shah,carl.burton.shah9928@icloud.com,United Kingdom,2024-06-15,Basic,520.87
9929,Kyle Gross,kyle.gross9929@icloud.com,United States,2025-11-16,Premium,1051.05
9930,Jonathan Graves,jonathan.graves9930@hotmail.com,United States,2024-12-09,Standard,638.15
9931,Danielle Pohl,danielle.pohl9931@outlook.com,Germany,2026-08-05,Standard,1754.43
9932,Daniel Nguyen,daniel.nguyen9932@outlook.com,Australia,2021-05-28,Standard,537.84
9933,Lic. Jaime Mercado,lic.jaime.mercado9933@proton.me,Mexico,2021-02-23,Standard,1518.73
9934,Eric Knox,eric.knox9934@gmail.com,Japan,2023-07-25,Standard,689.7
9935,Miss Eileen Harris,miss.eileen.harris9935@yahoo.com,United Kingdom,2023-10-04,Standard,1416.34
9936,Ijaya Chahal,ijaya.chahal9936@outlook.com,India,2024-11-29,Standard,1200.68
9937,Ethan Jones,ethan.jones9937@hotmail.com,United States,2020-09-06,Standard,879.24
9938,Steven Thomas,steven.thomas9938@outlook.com,United States,2024-03-08,Standard,497.28
9939,Ing. José María Reséndez,ing.jose.maria.resendez9939@gmail.com,Mexico,2025-06-09,Premium,3672.03
9940,John Cook,john.cook9940@yahoo.com,United States,2025-04-12,Premium,2100.33
9941,Dennis Jones,dennis.jones9941@proton.me,United States,2022-01-21,Standard,1064.47
9942,Mr Damian Collier,mr.damian.collier9942@proton.me,United Kingdom,2021-06-04,Standard,755.1
9943,Iain Jackson,iain.jackson9943@proton.me,United Kingdom,2021-10-27,Standard,1532.99
9944,Peter-Michael Krein B.Eng.,peter.michael.krein.b.eng9944@outlook.com,Germany,2025-12-18,Standard,679.18
9945,Eliana Falcó Carvajal,eliana.falco.carvajal9945@hotmail.com,Spain,2023-06-15,Basic,537.53
9946,Kelly Edwards,kelly.edwards9946@yahoo.com,Australia,2024-11-28,Standard,983.72
9947,Sarah Wheeler,sarah.wheeler9947@yahoo.com,United States,2020-04-06,Premium,989.77
9948,Lauren Freeman,lauren.freeman9948@hotmail.com,United States,2023-04-13,Basic,298.93
9949,Renato Henck,renato.henck9949@hotmail.com,Germany,2023-10-26,Premium,1028.29
9950,Eliza Heyne,eliza.heyne9950@proton.me,Netherlands,2021-03-13,Basic,371.64
9951,Dipl.-Ing. Beatrice Hendriks MBA.,dipl.ing.beatrice.hendriks.mba9951@icloud.com,Germany,2024-08-11,Standard,532.59
9952,Brian Fuentes,brian.fuentes9952@gmail.com,United States,2020-08-13,Standard,1785.67
9953,Elena Evelio Vázquez Olivera,elena.evelio.vazquez.olivera9953@proton.me,Mexico,2026-06-04,Standard,1339.11
9954,Lilia Alvaro Matías,lilia.alvaro.matias9954@yahoo.com,Mexico,2022-01-04,Premium,3510.13
9955,Jose Aumann,jose.aumann9955@outlook.com,Germany,2020-06-19,Standard,1087.74
9956,Apolonia Garay Almazán,apolonia.garay.almazan9956@gmail.com,Spain,2023-10-07,Basic,375.89
9957,Wanda Conley,wanda.conley9957@outlook.com,United States,2021-06-02,Standard,562.57
9958,Carol Thomas,carol.thomas9958@gmail.com,Japan,2021-02-27,Basic,43.4
9959,Eric Fitzgerald,eric.fitzgerald9959@proton.me,United States,2021-11-29,Premium,2907.99
9960,Valeri Junck,valeri.junck9960@proton.me,Germany,2020-05-19,Standard,1713.61
9961,Hans-Jürgen Roskoth-Linke,hans.jurgen.roskoth.linke9961@yahoo.com,Germany,2022-02-02,Premium,2141.54
9962,Arthur de Valentin,arthur.de.valentin9962@hotmail.com,France,2023-07-14,Premium,2192.34
9963,Jacob Khalsa,jacob.khalsa9963@yahoo.com,India,2026-06-19,Standard,706.58
9964,Klara Stoll,klara.stoll9964@yahoo.com,Germany,2020-11-26,Basic,483.15
9965,Nicholas Fritz,nicholas.fritz9965@yahoo.com,United States,2022-01-05,Premium,3859.19
9966,John Diaz,john.diaz9966@yahoo.com,Japan,2020-11-18,Basic,55.54
9967,Dipl.-Ing. Witold Winkler,dipl.ing.witold.winkler9967@yahoo.com,Germany,2021-11-10,Premium,2527.1
9968,Indali Sangha,indali.sangha9968@icloud.com,India,2023-09-23,Basic,407.33
9969,Thomas Peterson,thomas.peterson9969@hotmail.com,Australia,2023-04-15,Premium,3492.2
9970,Harold Mckinney,harold.mckinney9970@hotmail.com,United States,2024-05-24,Basic,491.39
9971,Alban Schaaf,alban.schaaf9971@icloud.com,Germany,2025-01-18,Basic,636.25
9972,Raymond Le,raymond.le9972@icloud.com,Australia,2020-08-22,Premium,1035.84
9973,Patricia Vincent,patricia.vincent9973@proton.me,United States,2023-12-04,Premium,4256.73
9974,Linda Rodriguez,linda.rodriguez9974@yahoo.com,United States,2025-12-09,Standard,1674.32
9975,Monica Smith,monica.smith9975@yahoo.com,United States,2025-03-21,Standard,222.99
9976,Alan Jones,alan.jones9976@icloud.com,United Kingdom,2020-05-02,Standard,549.55
9977,Selena Hopkins,selena.hopkins9977@outlook.com,United States,2026-03-03,Standard,808.55
9978,Jonathan Sanchez,jonathan.sanchez9978@gmail.com,United States,2023-02-15,Basic,650.23
9979,Maurice Joseph,maurice.joseph9979@hotmail.com,France,2021-03-05,Standard,1376.9
9980,Lynda Baldwin,lynda.baldwin9980@outlook.com,United Kingdom,2021-06-15,Standard,558.59
9981,Liam Jhaveri,liam.jhaveri9981@icloud.com,India,2025-04-04,Premium,1246.84
9982,Valerie Howard,valerie.howard9982@proton.me,Japan,2024-04-09,Premium,2226.45
9983,Bibi Michiels-Bierstraten,bibi.michiels.bierstraten9983@gmail.com,Netherlands,2023-07-01,Standard,777.09
9984,Cheryl Blevins,cheryl.blevins9984@icloud.com,United States,2024-10-16,Standard,1220.01
9985,Juana Olvera,juana.olvera9985@outlook.com,Mexico,2023-04-18,Premium,3568.45
9986,Melissa Bishop,melissa.bishop9986@outlook.com,Australia,2022-03-23,Standard,1580.34
9987,Tracie Wiley,tracie.wiley9987@proton.me,United States,2024-08-24,Standard,1599.88
9988,Karl Hill,karl.hill9988@yahoo.com,United Kingdom,2023-08-09,Standard,1514.48
9989,Stephanie Cole,stephanie.cole9989@hotmail.com,United States,2022-02-04,Basic,210.11
9990,Gérard Traore,gerard.traore9990@outlook.com,France,2024-06-15,Premium,2787.98
9991,Kelsey Baker,kelsey.baker9991@outlook.com,Japan,2020-12-19,Premium,2994.7
9992,Rubén Múgica Hervia,ruben.mugica.hervia9992@outlook.com,Spain,2024-05-28,Basic,143.76
9993,Stacy Myers,stacy.myers9993@hotmail.com,United States,2025-06-10,Standard,1404.84
9994,Xavier Parker,xavier.parker9994@hotmail.com,United States,2025-09-14,Standard,446.51
9995,Daniel Panchal,daniel.panchal9995@yahoo.com,India,2025-02-03,Premium,4379.89
9996,Joseph Cooper,joseph.cooper9996@icloud.com,United States,2023-04-07,Basic,539.86
9997,Jessica Gibson,jessica.gibson9997@icloud.com,United States,2021-08-04,Basic,191.56
9998,Rebecca Roberts,rebecca.roberts9998@icloud.com,United States,2024-12-19,Standard,1570.77
9999,Piergiorgio Battelli,piergiorgio.battelli9999@hotmail.com,Italy,2020-12-20,Standard,767.71
10000,Ahmed Hesse,ahmed.hesse10000@yahoo.com,Germany,2022-11-24,Basic,652.14
